-- phpMyAdmin SQL Dump
-- version 4.6.6deb5
-- https://www.phpmyadmin.net/
--
-- Host: localhost:3306
-- Generation Time: Jul 27, 2020 at 12:56 PM
-- Server version: 5.7.30-0ubuntu0.18.04.1
-- PHP Version: 7.2.24-0ubuntu0.18.04.6

SET SQL_MODE = "NO_AUTO_VALUE_ON_ZERO";
SET time_zone = "+00:00";


/*!40101 SET @OLD_CHARACTER_SET_CLIENT=@@CHARACTER_SET_CLIENT */;
/*!40101 SET @OLD_CHARACTER_SET_RESULTS=@@CHARACTER_SET_RESULTS */;
/*!40101 SET @OLD_COLLATION_CONNECTION=@@COLLATION_CONNECTION */;
/*!40101 SET NAMES utf8mb4 */;

--
-- Database: `wisekids`
--

-- --------------------------------------------------------

--
-- Table structure for table `Accounts`
--

CREATE TABLE `Accounts` (
  `id` int(11) NOT NULL,
  `public_id` varchar(255) DEFAULT NULL,
  `email` varchar(255) DEFAULT NULL,
  `password` varchar(255) DEFAULT NULL,
  `avatar_id` varchar(255) DEFAULT NULL,
  `otp` int(11) DEFAULT NULL,
  `charity_id` varchar(255) DEFAULT NULL,
  `reset_password_token` text,
  `subscription_status` int(11) DEFAULT '1' COMMENT '1-active 0-inactive',
  `loginattempt` int(10) DEFAULT NULL COMMENT 'param will be active when login crosses 3 attempts',
  `password_count` int(10) NOT NULL DEFAULT '0',
  `last_login_date` datetime DEFAULT NULL,
  `reset_password_date` datetime DEFAULT NULL,
  `status` int(11) DEFAULT '1' COMMENT '1-active 0-inactive',
  `createdAt` datetime NOT NULL,
  `updatedAt` datetime NOT NULL
) ENGINE=InnoDB DEFAULT CHARSET=latin1;

--
-- Dumping data for table `Accounts`
--

INSERT INTO `Accounts` (`id`, `public_id`, `email`, `password`, `avatar_id`, `otp`, `charity_id`, `reset_password_token`, `subscription_status`, `loginattempt`, `password_count`, `last_login_date`, `reset_password_date`, `status`, `createdAt`, `updatedAt`) VALUES
(1, '1592297963489', 'chitesh4494@gmail.com', '$2a$10$DPF0JbaHnfOCwiHZzYtx8OOnfzxWrLbueJNRf6wfIRNBtj2gjXssu', NULL, NULL, '1,2', NULL, 1, NULL, 0, '2020-06-22 12:25:28', '2020-06-22 12:25:50', 1, '2020-06-16 08:59:23', '2020-07-24 10:01:23'),
(2, '1592302393015', 'sfs.vidisha20@gmail.com', '$2a$10$6IoQXX7zYzFJKvNKQFbXJOyD5PgbeOPfghtOpCzHqCpSmgrbhcn9.', NULL, 1234, '8', '$2a$10$O76nbjcf1AJXlKn9JeqsS.3Vfb8QX9ZP5YRmdHmIfgSU0mukbmobq', 1, NULL, 0, '2020-07-14 05:40:23', '2020-06-22 15:08:07', 1, '2020-06-16 10:13:13', '2020-07-27 12:54:11'),
(3, '1592305346548', 'sfs.yuu@gmail.com', '$2a$10$PcTvluT4INZLZW4laHYjTuGzJKWznl/4eXiu8AYBU4TkwJ7U.uXhu', NULL, NULL, '', NULL, 1, NULL, 0, NULL, NULL, 1, '2020-06-16 11:02:26', '2020-06-25 05:28:22'),
(4, '1592306164564', 'sfs.latesh18@gmail.com', '$2a$10$r3kkXTtM5mnvaYLvC8ZY3O2OjvKEQZ/CVJnmpCqC2obyPaEG7NcHi', NULL, NULL, '4,6,8,5', NULL, 1, NULL, 0, NULL, NULL, 1, '2020-06-16 11:16:04', '2020-06-16 11:16:04'),
(5, '1592312865809', 'sfs.njajajajajajja@gmail.com', '$2a$10$1CoC.nEsxjpYj.wvQ6vY0eIbp3pBVdDFqEzY/oKTzkmilcYU4VI86', NULL, NULL, '', NULL, 1, NULL, 0, NULL, NULL, 1, '2020-06-16 13:07:45', '2020-06-16 13:07:45'),
(6, '1592313030796', 'sfs.chiragsharma@gmail.com', '$2a$10$GOuksHoHaIZs37Ux9WoQJO12BobE2sYa3sk7Nh2uczEuMMgqTDM/u', NULL, NULL, '', NULL, 1, NULL, 0, NULL, NULL, 1, '2020-06-16 13:10:30', '2020-06-16 13:10:30'),
(7, '1592313148532', 'jjJjaa@gmail.com', '$2a$10$/lII5bqel0o5EshbA5FIWOhCDoGkEF/u8PU5tpndEv93YQVRAjg/W', NULL, NULL, '', NULL, 1, NULL, 0, NULL, NULL, 1, '2020-06-16 13:12:28', '2020-06-16 13:12:28'),
(8, '1592371897784', 'no@gmail.com', '$2a$10$x62vXt4GsgPQpjujzxQGo.X0SZjjuiDPNP.0uBJRtm5YZtVlkB4pW', NULL, NULL, '1,2', NULL, 1, NULL, 0, NULL, NULL, 1, '2020-06-17 05:31:37', '2020-06-17 05:31:37'),
(9, '1592372114130', 'abc@gmail.com', '$2a$10$Bnh4/.U.INsr8CZcS7WmXOuofxa2dQgKMUreNn/0aM.RVxa.bNV3a', NULL, NULL, '8', NULL, 1, NULL, 1, NULL, NULL, 1, '2020-06-17 05:35:14', '2020-07-24 07:44:45'),
(10, '1592373691205', 'vineet@t.in', '$2a$10$ZjT8bv.AK6ru9wKqwmfFe.ggwZLi0XlEwvujtnL5RMK/YpurjP1Pq', NULL, NULL, '', NULL, 1, NULL, 0, NULL, NULL, 1, '2020-06-17 06:01:31', '2020-06-18 04:25:00'),
(11, '1592390418640', 'rajan@t.in', '$2a$10$dYoCDAQr3MgNWvm25xiFWeQfchILnq9lRmBGrqrqSOJjceTE6pjp.', NULL, NULL, '', NULL, 1, NULL, 0, NULL, NULL, 1, '2020-06-17 10:40:18', '2020-06-19 04:14:21'),
(12, '1592391291197', 'vijay@t.in', '$2a$10$4Ho1kFLgFvE4qWjxvGWPN.OwvUtppVhQBe/QznzQyaFyl6JSREq4.', NULL, NULL, '', NULL, 1, NULL, 0, '2020-07-27 08:28:36', '2020-07-27 08:28:53', 1, '2020-06-17 10:54:51', '2020-07-27 12:40:17'),
(13, '1592392143517', 'bhj@bhj.com', '$2a$10$vdyKvbZAQ9/l/u3.HrTV5e/7abl/Fx4puWJye/quvczARgEv2odua', NULL, NULL, '8', NULL, 1, NULL, 0, NULL, NULL, 1, '2020-06-17 11:09:03', '2020-06-17 11:09:03'),
(14, '1592396628759', 'abcd@gmail.com', '$2a$10$W6QunvhjcQzf0uIdYCWJFOmZq9GYPzCcXW8QgMf.p6c4ZZuFVICbK', NULL, NULL, '8,6', NULL, 1, NULL, 0, NULL, NULL, 1, '2020-06-17 12:23:48', '2020-06-17 12:23:48'),
(15, '1592461852196', 'vini@t.in', '$2a$10$TmFa.sJx6AB.rVqRRvHBuOdqd7g9z53boTy2USIR8/E4d3QIb5nIK', NULL, NULL, '8,8,6', NULL, 1, NULL, 0, NULL, NULL, 1, '2020-06-18 06:30:52', '2020-06-25 09:27:05'),
(16, '1592485526513', 'vikash@gmail.com', '$2a$10$.a6.DT2An/uXJhO19Qj1fOSa.r.Qy0peU50hInWPA7l4RHq0yygN.', NULL, NULL, '8', NULL, 1, NULL, 0, NULL, NULL, 1, '2020-06-18 13:05:26', '2020-07-07 12:41:44'),
(17, '1592486557288', 'vipin@t.in', '$2a$10$tOzUwxYrcFXahbry2vNAXetH070ILwdQDXSXDPNb0ByzKhWeYTEJK', NULL, NULL, '', NULL, 1, NULL, 0, NULL, NULL, 1, '2020-06-18 13:22:37', '2020-06-18 13:35:53'),
(18, '1592488543732', 'vipin@t.com', '$2a$10$aHF2//q3KWuGnKAQDTBrkO5iUDkXuH5D.RePm6jg5uCHzAfzVT4k2', NULL, NULL, '', NULL, 1, NULL, 0, NULL, NULL, 1, '2020-06-18 13:55:43', '2020-06-18 15:51:40'),
(19, '1592542728193', 'ajaytesting19@gmail.com', '$2a$10$j.7kd8O7yuFX5TRxl85O3uA4zzUi4TMQdRzY/mX40uUZguzf.HRF2', NULL, NULL, '8', NULL, 1, NULL, 1, '2020-06-19 13:17:39', '2020-06-19 11:39:08', 1, '2020-06-19 04:58:48', '2020-07-20 09:53:47'),
(20, '1592543093918', 'sfs.ajay19@gmail.com', '$2a$10$KoV3Orla5HV7j1Wya3ksyOACZco28YUkSoVYKkAuVKk8mYo0XYTtq', NULL, NULL, '6', NULL, 1, NULL, 0, '2020-07-14 12:30:02', '2020-07-14 12:30:18', 1, '2020-06-19 05:04:53', '2020-07-14 12:30:18'),
(21, '1592550397766', 'teamtesting0001@gmail.com', '$2a$10$hMtwULvtoCpzyWPgAN3Iz./Oiug7otEH.Jl.Ol6pdaw6SBBIq5wV.', NULL, NULL, '6', NULL, 1, NULL, 0, NULL, NULL, 1, '2020-06-19 07:06:37', '2020-06-19 07:08:11'),
(22, '1592560242483', 'ajaytesting@gmail.com', '$2a$10$YUBGfhHSf00fi6n.a7naM.Vuje1fKyZzgwBrhpCJPcJ2jV/4Mf1TS', NULL, NULL, '', NULL, 1, NULL, 1, NULL, NULL, 1, '2020-06-19 09:50:42', '2020-06-30 06:23:18'),
(23, '1592564260854', 'vinay@t.in', '$2a$10$Y/gbt9TEyeSZd0/kfGljW.imDXErE3.KzHkMKMl3gQTMpwZXGzJCG', NULL, NULL, '', NULL, 1, NULL, 0, '2020-06-22 05:48:31', NULL, 1, '2020-06-19 10:57:40', '2020-06-22 05:48:31'),
(24, '1592565869313', 'c@t.in', '$2a$10$/6NQURn9msXacs0.AbiIq.0AY7qEPmhpaVOxo25YwGSEVA0qLlp5G', NULL, NULL, '', NULL, 1, NULL, 0, NULL, NULL, 1, '2020-06-19 11:24:29', '2020-06-19 11:24:29'),
(25, '1592571870136', 'ajay@gmail.com', '$2a$10$45CBL48s3WGRAnR92K4R7OAKQh/LRzcpNlAE4tiz9CJT3nZMMO/xi', NULL, NULL, '5', NULL, 1, NULL, 1, NULL, NULL, 1, '2020-06-19 13:04:30', '2020-06-30 06:24:27'),
(26, '1592571906345', 'As@gmail.com', '$2a$10$5GLTwUuQ.s/Ay7mfmFCLYeQVl5qZhmzkxjuKdSt0a32yz9D1OJFvm', NULL, NULL, '', NULL, 1, NULL, 0, NULL, NULL, 1, '2020-06-19 13:05:06', '2020-06-19 13:05:06'),
(27, '1592628063718', 'asd@gmail.com', '$2a$10$i/TeYfUoTBVE.CPvQSDws.hkRo1cJa5X0n6UViqCFwpSSeiytoCXi', NULL, NULL, '6', NULL, 1, NULL, 0, '2020-06-20 08:01:16', NULL, 1, '2020-06-20 04:41:03', '2020-07-17 04:18:59'),
(28, '1592639217987', 'aj@gmail.com', '$2a$10$zvwYaIGV2cZIQ3IsAlM0z.Suuz2F6GEJ8TLhr7N1BJCu2C9E.PsTe', NULL, NULL, '6', NULL, 1, NULL, 0, NULL, NULL, 1, '2020-06-20 07:46:57', '2020-06-20 07:46:57'),
(29, '1592655919169', 'sgshgs@dhshs.dhdhsh', '$2a$10$Ca89WLXeo5HCDFAm7q8jZ.8WkMlh5wlJn/1QB5timPtOQ5bhvQQL2', NULL, NULL, '', NULL, 1, NULL, 0, NULL, NULL, 1, '2020-06-20 12:25:19', '2020-06-20 12:25:19'),
(30, '1592656274506', 'shshhs@gsshhs.shshdh', '$2a$10$4nuKn1ZVHv8WyBlAj6wCGuI.iFLQ0KxRAVMIVexav/VnLNYIoMSEm', NULL, NULL, '6', NULL, 1, NULL, 0, NULL, NULL, 1, '2020-06-20 12:31:14', '2020-06-20 12:31:14'),
(31, '1592670465085', 'w@y.com', '$2a$10$mQGy9FzFyFFmVkEoIp9kWeFMwK3zw6UBd9jLTkZvTqb/GZbumaJ8e', NULL, NULL, '', NULL, 1, NULL, 0, NULL, NULL, 1, '2020-06-20 16:27:45', '2020-06-20 16:27:45'),
(32, '1592684355439', 'shshs@sheheh.sjsjeh', '$2a$10$Ri9.bgv91237yHqX3GOUU.Y6FJLUEMXrQfgmQHAbmmaUg/DjbLZ1O', NULL, NULL, '', NULL, 1, NULL, 0, NULL, NULL, 1, '2020-06-20 20:19:15', '2020-06-20 20:19:15'),
(33, '1592684446972', 'shehehe@dhehjd.dhdhdh', '$2a$10$1eBzHKaE4N6BxIplEvgJquQEIxQWChUXBgONv/0WuZge9HJXw2yYa', NULL, NULL, '6', NULL, 1, NULL, 0, NULL, NULL, 1, '2020-06-20 20:20:46', '2020-06-20 20:20:46'),
(34, '1592750307433', 'sheheh@dheje.fbrhrjh', '$2a$10$aAkDu78ti3A22cg3sAOyYuv1t9DzkRM6.0ZT7.EFYAKz3ambeM7Me', NULL, NULL, '', NULL, 1, NULL, 0, NULL, NULL, 1, '2020-06-21 14:38:27', '2020-06-21 14:38:27'),
(35, '1592785022891', 'eheheh@eheueh.dheheh', '$2a$10$/LtzMP8tdaSH4rIlvbHptuk9c5nqW4IAr3Qy1P9P/IjSbrlridRSC', NULL, NULL, '', NULL, 1, NULL, 0, NULL, NULL, 1, '2020-06-22 00:17:02', '2020-06-22 00:17:02'),
(36, '1592815251094', 'chitesh10@gmail.com', '$2a$10$fryPDuJqSoYknmS9oxoz3Of8C3DqAwSSLNgvTJwM6fhKE8DbyXW8O', NULL, NULL, '1,2', NULL, 1, NULL, 0, NULL, NULL, 1, '2020-06-22 08:40:51', '2020-06-22 08:41:07'),
(37, '1592823221020', 'vineet@t.com', '$2a$10$TRT96RApWtCOMZNXkkWQhebAhFQUi7wSPhjn1iyt7ODyAml7pBtN6', NULL, NULL, '', NULL, 1, NULL, 0, NULL, NULL, 1, '2020-06-22 10:53:41', '2020-06-22 10:53:41'),
(38, '1592823597322', 'vikash2@gmail.com', '$2a$10$lOs/OIuwWLpxWKPCKEPc/.hcalhsM0jNJBuljjqWwR6Hguz0OsUqy', NULL, NULL, '1,2', NULL, 1, NULL, 0, NULL, NULL, 1, '2020-06-22 10:59:57', '2020-06-22 13:30:41'),
(39, '1592885908246', 'chitesh11320@gmail.com', '$2a$10$gGbLy5xz5O25KC1bN63g5udnTQnvTMDvvHNCLsyCXSCAJYJpzHPF.', NULL, NULL, '1,2', NULL, 1, NULL, 0, NULL, NULL, 1, '2020-06-23 04:18:28', '2020-07-15 14:01:11'),
(40, '1592904695986', 'g@gmail.com', '$2a$10$EGMDhUuChul8KSLfWzbTg.XKnYFE4svh4aEXj6Bw9v0U8QwWyVxYG', NULL, NULL, '5', NULL, 1, NULL, 0, NULL, NULL, 1, '2020-06-23 09:31:35', '2020-06-23 09:31:35'),
(41, '1592907721904', 'chites320@gmail.com', '$2a$10$EPIlja5OrhNGWW15DrV0VO1FZ0SuOjm.33yTm3uCfwEMerCvFUkvG', NULL, NULL, '1,2', NULL, 1, NULL, 0, NULL, NULL, 1, '2020-06-23 10:22:01', '2020-06-23 10:22:01'),
(42, '1592917232101', 'chitesh113e20@gmail.com', '$2a$10$QeUb3on1YC3/SE6W/95Dq.E6q5ATBbfgbW4c65BEIFRgjkTG95atq', NULL, NULL, '1,2', NULL, 1, NULL, 0, NULL, NULL, 1, '2020-06-23 13:00:32', '2020-06-23 13:00:32'),
(43, '1592996208714', 'dhdheh@dheje.dheheh', '$2a$10$0Hlo3l4Z9nV2AAHBSz6jLuF4.qu4iL3zr5oKpcBttM0t/j7uhOGCO', NULL, NULL, '', NULL, 1, NULL, 0, NULL, NULL, 1, '2020-06-24 10:56:48', '2020-06-24 10:56:48'),
(44, '1592996286764', 'shehe@sheheh.dheheh', '$2a$10$fSlT4U1jy43tMnMU9/DR3OdND7sm.rQCldKStd1yNn3AwqJI2m/3y', NULL, NULL, '', NULL, 1, NULL, 0, NULL, NULL, 1, '2020-06-24 10:58:06', '2020-06-24 10:58:06'),
(45, '1592996694536', 'chitesh113920@gmail.com', '$2a$10$mt1j0Jt8twJdmEYqA60lDOp2/8jE4tmvBAHTUnNLkbruC0sFUTrti', NULL, NULL, '1,2', NULL, 1, NULL, 0, NULL, NULL, 1, '2020-06-24 11:04:54', '2020-06-24 11:04:54'),
(46, '1592996986169', 'newUser@gmail.com', '$2a$10$oyjdnekdRyfpDelISx8kAeTw/tc7ZkcUkGHyhBmKnSGV958WlaZIO', NULL, NULL, '', NULL, 1, NULL, 0, NULL, NULL, 1, '2020-06-24 11:09:46', '2020-06-30 13:37:08'),
(47, '1592997071880', 'zbabsh@shshsh.dbsbsj', '$2a$10$LYaGqaEHK1CSSYf7fSdb5OlkbZNJwy6kICt1nfly.tpSkMy6RuPOK', NULL, NULL, '', NULL, 1, NULL, 0, NULL, NULL, 1, '2020-06-24 11:11:11', '2020-06-24 11:11:11'),
(48, '1592997899407', 'User@gmail.com', '$2a$10$5HkzYW4eulIgvq3nOJAWmuQOHO93JKkoMU./QWg.5kJBZmhpbTVka', NULL, NULL, '', NULL, 1, NULL, 0, NULL, NULL, 1, '2020-06-24 11:24:59', '2020-06-24 11:29:05'),
(49, '1592998573958', 'sfs.rajat19@gmail.com', '$2a$10$iQfnaS1okEaTMC8E.yMKFONPzHGHs8shvSVuj3mnu1QJdVCeQbGXW', NULL, NULL, '', NULL, 1, NULL, 0, NULL, NULL, 1, '2020-06-24 11:36:13', '2020-06-24 11:36:13'),
(50, '1592998907958', 'chitesh10g@gmail.com', '$2a$10$Pqsw/4eP9ue/HFLbDKBmGOR8QZwxc6EOUXv6GX./bav/sjr1DDejq', NULL, NULL, '1,2', NULL, 1, NULL, 0, NULL, NULL, 1, '2020-06-24 11:41:47', '2020-06-24 11:41:47'),
(51, '1593000909258', 'A@gmail.com', '$2a$10$injrZBX9UVqFHblKbrz29.3MVCCpQ5wn.BMAL8ESRjXrSAdwW2moi', NULL, NULL, '', NULL, 1, NULL, 0, NULL, NULL, 1, '2020-06-24 12:15:09', '2020-06-24 12:16:52'),
(52, '1593001400728', 'q@gmail.com', '$2a$10$2JjFLBv7JhZ.YvXObVaBSO9Olpf2Wz2TT4FROlPT00LpAnINtDccS', NULL, NULL, '', NULL, 1, NULL, 0, NULL, NULL, 1, '2020-06-24 12:23:20', '2020-06-24 12:28:24'),
(53, '1593001662013', 'qw@gmail.com', '$2a$10$l/0O7OTmJC.iWtQREQDPA.JTsSn9JQA3kAfBR76LwXayS/S7oeFy6', NULL, NULL, '', NULL, 1, NULL, 0, NULL, NULL, 1, '2020-06-24 12:27:42', '2020-06-30 16:19:19'),
(54, '1593003374558', 'toy@gmail.com', '$2a$10$PFNRGuX0GIOaJmxjYBh7Ee9Z0IOWZowsyZitpy4tqharb1rBU4bka', NULL, NULL, '4,5', NULL, 1, NULL, 0, NULL, NULL, 1, '2020-06-24 12:56:14', '2020-07-27 10:17:51'),
(55, '1593009013695', 'toys@gmail.com', '$2a$10$X45MuQ42sY6IqLWhHXK.V.IjF2dx.K6jrBbuXgL4lETXYuQBctGUK', NULL, NULL, '', NULL, 1, NULL, 0, NULL, NULL, 1, '2020-06-24 14:30:13', '2020-06-24 14:35:22'),
(56, '1593054678500', '21@gmail.com', '$2a$10$G25iBwDy9R6HYyK8WPjxne68uZFM/5yvEDB9DAsYQJRPDcSiV6N7e', NULL, NULL, '', NULL, 1, NULL, 0, NULL, NULL, 1, '2020-06-25 03:11:18', '2020-06-25 03:11:18'),
(57, '1593061612975', 'g@y.in', '$2a$10$uGDlPtFeGmXS/QboDo1R8ONOn1VQglW6THfjqAkzZ72.Fkh3Q9m/K', NULL, NULL, '', NULL, 1, NULL, 0, NULL, NULL, 1, '2020-06-25 05:06:52', '2020-06-25 05:06:52'),
(58, '1593061726897', 'chfu@gmail.com', '$2a$10$H.T73vs/B8uY5EPnLbwtn.LUFY5PZZ1hGz4HFtee68fD.GJ44wRL2', NULL, NULL, '', NULL, 1, NULL, 0, NULL, NULL, 1, '2020-06-25 05:08:46', '2020-06-25 05:08:46'),
(59, '1593062587990', 'oo@gmail.com', '$2a$10$m2zlU0JW3wWaw5UZF9J8AOlg8fpnyxsGs6Flms0R.3yD7Ni3tFiVe', NULL, NULL, '6', NULL, 1, NULL, 1, NULL, NULL, 1, '2020-06-25 05:23:07', '2020-07-02 10:01:30'),
(60, '1593062841341', 'chitesh20@gmail.com', '$2a$10$vGtMMrXa0J/vnDhLajetceDih25rHsgU17TxJnx3aQaSqiSWD0jy6', NULL, NULL, '1,2', NULL, 1, NULL, 0, NULL, NULL, 1, '2020-06-25 05:27:21', '2020-06-25 05:27:21'),
(61, '1593063303572', 'Vikas@gmail.com', '$2a$10$adetVnBpM8j2Yp8kWySa9.s.0byFWGDCV/ITL.m0vfEu2dmSFXMmG', NULL, NULL, '8', NULL, 1, NULL, 0, NULL, NULL, 1, '2020-06-25 05:35:03', '2020-07-27 04:32:49'),
(62, '1593065025882', 'xx@gmail.com', '$2a$10$Wq/.oVbyFXcKfIhOjLTM2evLpQkYctugMdv8vwY4jibXOUlCkzdSS', NULL, NULL, '', NULL, 1, NULL, 1, NULL, NULL, 1, '2020-06-25 06:03:45', '2020-06-30 16:24:02'),
(63, '1593075824454', 'shshs@shehs.shehsh', '$2a$10$9raXrvOnFfey.KY0z1wWA.Mk8gWOJ4P/A3kL0rZrq2WNzI3wjcsqW', NULL, NULL, '', NULL, 1, NULL, 0, NULL, NULL, 1, '2020-06-25 09:03:44', '2020-06-25 09:03:44'),
(64, '1593075904960', 'a@a.ab', '$2a$10$CFFUBkgfAu23ZYRnYlVaZeoKDwZuoFJlJADCaJs2FFYbHRMPfZN0G', NULL, NULL, '8', NULL, 1, NULL, 0, NULL, NULL, 1, '2020-06-25 09:05:04', '2020-06-27 20:10:24'),
(65, '1593077280024', 'viki@t.in', '$2a$10$4ox7/07KqlOEEHR3854hBOHfMfK/zh7zuF0QlLvY4W4RK.9a.6.Kq', NULL, NULL, '8', NULL, 1, NULL, 0, NULL, NULL, 1, '2020-06-25 09:28:00', '2020-06-25 09:50:38'),
(66, '1593156650389', 'vipin@gmail.com', '$2a$10$Bml06kze0EE0ChKKofwMxeOhANdh2VVSHFlrlLzSJrWQyQGlblp8u', NULL, NULL, '8', NULL, 1, NULL, 0, NULL, NULL, 1, '2020-06-26 07:30:50', '2020-06-26 07:50:55'),
(67, '1593164316361', 'cehck@gmail.com', '$2a$10$sTpWdRzG7ip3EFeIVpu9C.9GTDWWbJw3s549At8LZee9ft.H3ZDDe', NULL, NULL, '1,2', NULL, 1, NULL, 0, NULL, NULL, 1, '2020-06-26 09:38:36', '2020-06-26 09:38:36'),
(68, '1593167945588', '12@gmail.com', '$2a$10$HGFZyrpa2APJKXagrHr4Cut0wSElGRuDE2hwJhsgPBPXXZpeyBsF6', NULL, NULL, '6,6,5', NULL, 1, NULL, 0, NULL, NULL, 1, '2020-06-26 10:39:05', '2020-06-26 10:39:05'),
(69, '1593168082663', 'o1o@gmail.com', '$2a$10$shNtBh13379dw5nsi4P7h./.VrlHJUun1PYBBrJPurh4SK1UFfGUW', NULL, NULL, '', NULL, 1, NULL, 0, NULL, NULL, 1, '2020-06-26 10:41:22', '2020-06-26 10:45:18'),
(70, '1593169211059', 'bb@gmail.com', '$2a$10$3JiEmhqO7AfAPjYUokvuQ.xPfFg53gc5Wr03SpojQ7cOZLL85P7ui', NULL, NULL, '5,6,4', NULL, 1, NULL, 0, NULL, NULL, 1, '2020-06-26 11:00:11', '2020-07-27 09:39:32'),
(71, '1593171434943', 'vidhi@gmail.com', '$2a$10$n.Zw1HwKq4ccr6VZMklLxeeY4sITtZPnwiiMvwikv74ffWrcJ3y3O', NULL, NULL, '', NULL, 1, NULL, 0, NULL, NULL, 1, '2020-06-26 11:37:14', '2020-06-26 11:38:10'),
(72, '1593173591415', 'njmoving14@gmail.com', '$2a$10$CXQwg.T02AzBGjofQNkAgOAMIchavkN.pu5lqBzEoktAAagptpr7y', NULL, NULL, '6', NULL, 1, NULL, 0, '2020-07-23 22:30:54', '2020-07-23 22:32:30', 1, '2020-06-26 12:13:11', '2020-07-23 22:32:30'),
(73, '1593175430178', 'shshs@shshsh.shehs', '$2a$10$xQYZ//0A4oixQkjbd.zbaO5gGwOBaqVLDXBRtgkdORx71CqoxmrIi', NULL, NULL, '', NULL, 1, NULL, 0, NULL, NULL, 1, '2020-06-26 12:43:50', '2020-06-26 12:43:50'),
(74, '1593175687280', 'sheje@shehe.dhejhe', '$2a$10$JhsarQQ2y7ppf02Yk4xgvuPobyEHV0LjxrrirSOouTYKi9AsWhGoO', NULL, NULL, '', NULL, 1, NULL, 0, NULL, NULL, 1, '2020-06-26 12:48:07', '2020-06-26 12:48:07'),
(75, '1593176200795', 'w@dad.com', '$2a$10$LROQ.YFKeaBAk8UUp.V4s.pzCNRoR8rglAre8kB7AKzCMB4UGmRFC', NULL, NULL, '', NULL, 1, NULL, 0, NULL, NULL, 1, '2020-06-26 12:56:40', '2020-06-26 12:56:40'),
(76, '1593239300855', 'sfs.navjot18@gmail.com', '$2a$10$RzAyu66XNXY/veQ4BCW7iufx5vKwWUv3cp9dT.LdRbChmStoKmk4K', NULL, NULL, '', NULL, 1, NULL, 0, NULL, NULL, 1, '2020-06-27 06:28:20', '2020-06-27 06:28:20'),
(77, '1593282518205', 'w@t.com', '$2a$10$qOb2s/7oaVFdnLRK4jhtGu5ujZO5hOyV/tco2/OEMOR7y9950h43a', NULL, NULL, '', NULL, 1, NULL, 0, NULL, NULL, 1, '2020-06-27 18:28:38', '2020-06-27 18:28:38'),
(78, '1593288639904', 'shejd@sheje.dhejeh', '$2a$10$bGIE4/DdqsilcCQVHQUYoedjpEfzAlk4KpyzlJK7gGvxC3rlh8n6i', NULL, NULL, '', NULL, 1, NULL, 0, NULL, NULL, 1, '2020-06-27 20:10:39', '2020-06-27 20:10:39'),
(79, '1593289947079', 'whehehe@susie.shejeh', '$2a$10$x8mwl0io1ffdaoIviWwhhelEGzO.rk.x4HjaTtuHvcRZ60xYOWB5q', NULL, NULL, '', NULL, 1, NULL, 0, NULL, NULL, 1, '2020-06-27 20:32:27', '2020-06-27 20:32:27'),
(80, '1593290083040', 'ab@ab.ab', '$2a$10$cUgcdqmarqKuAZTx7YmISeIYFx5lHMNMpSLfb6WaPA23.V6IrHAlG', NULL, NULL, '', NULL, 1, NULL, 0, NULL, NULL, 1, '2020-06-27 20:34:43', '2020-06-29 00:04:54'),
(81, '1593496682759', 'ajas@gmail.com', '$2a$10$TRnHzA7S6hixcYtJr34FXuTV0c92eWEWOTfjsEAv.wRqg9VRZW16S', NULL, NULL, '', NULL, 1, NULL, 0, NULL, NULL, 1, '2020-06-30 05:58:02', '2020-06-30 05:58:02'),
(82, '1593496689177', 'taal@gmail.com', '$2a$10$/WoHXIRRrxwKRjPwnJejm.YX5timTXliHog/MTratmslYk1VWxlui', NULL, NULL, '', NULL, 1, NULL, 0, NULL, NULL, 1, '2020-06-30 05:58:09', '2020-06-30 05:58:09'),
(83, '1593498554291', 'QA@gmail.com', '$2a$10$XMfygN3LO.Fhh.WT7SoGWe0VW9F.PcRpvu6cG7qBqWq6yE0ctUURq', NULL, NULL, '', NULL, 1, NULL, 0, NULL, NULL, 1, '2020-06-30 06:29:14', '2020-06-30 09:38:10'),
(84, '1593498842188', '12345@gmail.com', '$2a$10$R6j.3qJvQvkcgZ462SW.tOnjbepKK/r2Dqk8Cs18LPujWZ5PpYGy6', NULL, NULL, '', NULL, 1, NULL, 0, NULL, NULL, 1, '2020-06-30 06:34:02', '2020-06-30 06:34:02'),
(85, '1593499032410', '1234@gmail.com', '$2a$10$xxzCeo2SLgc8wcb1wpOmze7/4kvGA9kqJgMCfMM0unZeFezBBVI5C', NULL, NULL, '', NULL, 1, NULL, 0, '2020-07-11 06:31:04', '2020-07-11 06:35:37', 1, '2020-06-30 06:37:12', '2020-07-27 10:47:33'),
(86, '1593499762144', '321@gmail.com', '$2a$10$VmgHLirGArO1igiVpRw/CuzmqMJe7ZViZP3.2C6wUCJtZybt2/Yf6', NULL, NULL, '5', NULL, 1, NULL, 0, NULL, NULL, 1, '2020-06-30 06:49:22', '2020-06-30 06:49:22'),
(87, '1593499762262', '4321@gmail.com', '$2a$10$RFv7fdglMKJdETFYoKbmoe40D4kmahg95KTfegViOvxlSSuuypXbW', NULL, NULL, '', NULL, 1, NULL, 0, NULL, NULL, 1, '2020-06-30 06:49:22', '2020-06-30 07:01:04'),
(88, '1593502434302', 'g@t.in', '$2a$10$S8634GwjdmXbIsFtIzW5EuBqX5Ujg2u0ZIXoprWkjsLaWHNaEO9Yq', NULL, NULL, '6', NULL, 1, NULL, 0, NULL, NULL, 1, '2020-06-30 07:33:54', '2020-06-30 07:33:54'),
(89, '1593502748979', 'vipinn@gmail.com', '$2a$10$I6Hk.VaHDnPscWzVf4Y66.OWAVNH5BsDvoh7C1iBTW88CaBRbu7l6', NULL, NULL, '8', NULL, 1, NULL, 0, NULL, NULL, 1, '2020-06-30 07:39:08', '2020-06-30 11:51:13'),
(90, '1593508964386', 'cool@gmail.com', '$2a$10$a/rXV/K.oHjJxEmQLnVH/O7CSnhPfUyk/30D2w.4ofOYhhJx1ZPqW', NULL, NULL, '4,5', NULL, 1, NULL, 0, NULL, NULL, 1, '2020-06-30 09:22:44', '2020-07-08 12:54:01'),
(91, '1593508966425', '00@gmail.com', '$2a$10$un6Q.ESPbEq4HU0NJFd/puD3os.bj77.WgR7h9ZlS/dWsx0YMJIJm', NULL, NULL, '5,5,4', NULL, 1, NULL, 0, NULL, NULL, 1, '2020-06-30 09:22:46', '2020-06-30 12:14:54'),
(92, '1593510256253', 'gf@gmail.com', '$2a$10$ySlXoeBg6S.9WputJRAZk.na0wtd/1RQ2nok0UBjKe2i4qwQzrVz2', NULL, NULL, '8', NULL, 1, NULL, 0, NULL, NULL, 1, '2020-06-30 09:44:16', '2020-06-30 09:44:16'),
(93, '1593512901623', 'xyz@gmail.com', '$2a$10$JLcbuDexeoN7kyI8wJwZw.6ju9b7qsWAwdJ4iFHA3.I57wfZuedmG', NULL, NULL, '1,2', NULL, 1, NULL, 0, NULL, NULL, 1, '2020-06-30 10:28:21', '2020-06-30 10:28:21'),
(94, '1593517928674', 'vijayy@gmail.com', '$2a$10$L9iWBFv8IPn3xaB/Zk3nXuaRE9cz.X3dMbEl.JzuMBX7.JZuMiyhG', NULL, NULL, '8', NULL, 1, NULL, 0, NULL, NULL, 1, '2020-06-30 11:52:08', '2020-06-30 12:27:39'),
(95, '1593519411504', '11@gmail.com', '$2a$10$KlvfqJH2odSLYMcdHezAkOOR5a3x/ZKg8iar5TXpwoAtapCo0HZOG', NULL, NULL, '', NULL, 1, NULL, 0, NULL, NULL, 1, '2020-06-30 12:16:51', '2020-06-30 12:16:51'),
(96, '1593520100581', 'vinay@gmail.com', '$2a$10$ifQqSqFeKBzeU7KfIb48GuPOdYZUSDOtGZDEslwXW/0B30mFWaVKG', NULL, NULL, '8', NULL, 1, NULL, 0, NULL, NULL, 1, '2020-06-30 12:28:20', '2020-06-30 12:34:04'),
(97, '1593520488969', 'vinay@t.inn', '$2a$10$WPuYiRUAa6IaJx06Y/aZa.s9twAtfSumMCmtKgFNlyM/BgpVGyCHO', NULL, NULL, '8', NULL, 1, NULL, 0, NULL, NULL, 1, '2020-06-30 12:34:48', '2020-07-01 11:18:33'),
(98, '1593524580288', 'tester@gmail.com', '$2a$10$xYsQD2mxSmae.TMZ6RLPyuGlMhGLSDsgx27efXuqqZPfYBDLtPqe2', NULL, NULL, '5', NULL, 1, NULL, 0, NULL, NULL, 1, '2020-06-30 13:43:00', '2020-06-30 15:27:59'),
(99, '1593530938874', 'tester1@gmail.com', '$2a$10$OlmaNVsNiq679QANTYmMpegfg5HTzIhEPmo/1yVmV7.wIe8BD0vYG', NULL, NULL, '', NULL, 1, NULL, 0, NULL, NULL, 1, '2020-06-30 15:28:58', '2020-07-01 07:57:12'),
(100, '1593534162917', 'ooo@gmail.com', '$2a$10$Edzl2QDicp/dopGmLBhjlOnWQzU4uxYLTvsFW0UwR0A6c4nt54um2', NULL, NULL, '4,5', NULL, 1, NULL, 0, NULL, NULL, 1, '2020-06-30 16:22:42', '2020-07-27 12:02:10'),
(101, '1593587646369', 'dfgdhjsfj@gmail.com', '$2a$10$kQrX5CUFY01ja5b.7anHR.IhxO55ECsMY4PJim4TNwpV5ysbW7BvC', NULL, NULL, '1,2', NULL, 1, NULL, 0, NULL, NULL, 1, '2020-07-01 07:14:06', '2020-07-01 07:14:06'),
(102, '1593587964258', 'dummy@gmail.com', '$2a$10$LqPephBhfZPlBNe9xSd14OGL3Fy8IpbRBLwqgFh.SPZT/v/fD0Tr.', NULL, NULL, '8', NULL, 1, NULL, 0, NULL, NULL, 1, '2020-07-01 07:19:24', '2020-07-01 14:42:47'),
(103, '1593604115759', '55@gmail.com', '$2a$10$mJ/Qn2uypzkZEb2CFFGvReNs0VV3.yKiR7mU3.URI0.TK3vx6/.Gq', NULL, NULL, '', NULL, 1, NULL, 0, NULL, NULL, 1, '2020-07-01 11:48:35', '2020-07-01 11:48:35'),
(104, '1593607173474', 'vikram@gmail.com', '$2a$10$60l.wsrnaFmEE7UE1TbgvOFKKvONCqp7s/wvPgRNFgVE1UEmx1RQi', NULL, NULL, '8', NULL, 1, NULL, 0, NULL, NULL, 1, '2020-07-01 12:39:33', '2020-07-01 12:52:11'),
(105, '1593671042341', 'sfs.kamal20@gmail.com', '$2a$10$BkFJGw5S2wD.TZxlioMyhu2EpmBfUiYEDBANkspCTJL5j3NBHZnVm', NULL, NULL, '', NULL, 1, NULL, 0, NULL, NULL, 1, '2020-07-02 06:24:02', '2020-07-02 06:24:02'),
(106, '1593671635408', 'kamalchopra187@gmail.com', '$2a$10$cfjCx1m/AUvtqnJDbkOUr.2CzPMrJ8rCljMsDjHrdvLU3XTr/hYvq', NULL, NULL, '', NULL, 1, NULL, 0, NULL, NULL, 1, '2020-07-02 06:33:55', '2020-07-11 05:43:47'),
(107, '1593680587251', 'Rahul@gmail.com', '$2a$10$Zxnf0LUZdOJ6MJMDXN1gMe2xAdSAKf7PZ8VNQh3si0lErlXyKhN7q', NULL, NULL, '', NULL, 1, NULL, 0, NULL, NULL, 1, '2020-07-02 09:03:07', '2020-07-06 13:05:28'),
(108, '1593687257677', 'Rahul123@gmail.com', '$2a$10$85q8ioxZDMLSKyyHe9TTGOjJwb2Qe4fLwH6dma5rKDKwrMtYXuAS.', NULL, NULL, '', NULL, 1, NULL, 0, NULL, NULL, 1, '2020-07-02 10:54:17', '2020-07-02 12:48:21'),
(109, '1593692297433', 'Ashi@gmail.com', '$2a$10$qiNu/oSf.9dhwNTa9VrLjuCllc17dMKvqTyLyV1GGhPbN00BTxpua', NULL, NULL, '', NULL, 1, NULL, 0, NULL, NULL, 1, '2020-07-02 12:18:17', '2020-07-02 12:34:26'),
(110, '1593777424928', 'veen@gmail.com', '$2a$10$DeanPlakSIUDQqY58R18neiF3N4itDvFk1plAtwRJf2ix6TSdMk7G', NULL, NULL, '', NULL, 1, NULL, 0, NULL, NULL, 1, '2020-07-03 11:57:04', '2020-07-03 12:10:18'),
(111, '1593779332012', 'veen1@gmail.com', '$2a$10$wd6/sg1YllIJp7gJ4Dg.jOjY7W32iMQB5iDOA0vyE7RicOMCCXfz.', NULL, NULL, '', NULL, 1, NULL, 0, NULL, NULL, 1, '2020-07-03 12:28:52', '2020-07-03 12:57:46'),
(112, '1593851635923', 'paras@gmail.com', '$2a$10$ifeBNkIwbiSbe1zNRdt0EOkOrzsV.uaqmVjnNOtVwb4jVTZ4xxpPe', NULL, NULL, '', NULL, 1, NULL, 0, NULL, NULL, 1, '2020-07-04 08:33:55', '2020-07-04 09:41:07'),
(113, '1593851760141', 'chabra@gmail.com', '$2a$10$SvILptBDAlKbIUr70F8phuDpeU0.2/WIRiwyVRbt62BSezregLciG', NULL, NULL, '5,5,6,5,6,8,5,6,8,4,6,8,4,6,8,8', NULL, 1, NULL, 0, NULL, NULL, 1, '2020-07-04 08:36:00', '2020-07-04 09:41:25'),
(114, '1593856665425', 'par@gmail.com', '$2a$10$k.dFTyp.F1wnmSdD1XFPuOO73Wo6hyuGvn0wagb64uoFrjVwHgQB.', NULL, NULL, '', NULL, 1, NULL, 0, NULL, NULL, 1, '2020-07-04 09:57:45', '2020-07-06 05:16:33'),
(115, '1593900297822', 'test1234@asdf.com', '$2a$10$s0QfPIxlWj3BJNFagvUlv.0SNaS9MNqtSa9qK6lNP/W2Q9EIWHo8W', NULL, NULL, '', NULL, 1, NULL, 0, NULL, NULL, 1, '2020-07-04 22:04:57', '2020-07-25 02:10:53'),
(116, '1593979031045', 'shejeb@djejjd.djrjejj', '$2a$10$eQUx3.Iv8MHTPOqqevi9Ze8HU4itx8zSBNiS7ImqPFYjf9tXMGzU.', NULL, NULL, '', NULL, 1, NULL, 0, NULL, NULL, 1, '2020-07-05 19:57:11', '2020-07-05 19:57:11'),
(117, '1594019929010', 'minal@gmail.com', '$2a$10$htEwc2HzOnHhbrUOR0y2juoKdGt4e87JOfji6U/5c2L4gj8HwpAw6', NULL, NULL, '', NULL, 1, NULL, 0, NULL, NULL, 1, '2020-07-06 07:18:49', '2020-07-06 07:18:49'),
(118, '1594025055927', 'way@gmail.com', '$2a$10$1vlYO5.VgIg78xzwhzGW5OAo6tBs2paN1jS5J6RjUj3d/oXPTH0NW', NULL, NULL, '', NULL, 1, NULL, 0, NULL, NULL, 1, '2020-07-06 08:44:15', '2020-07-06 08:46:39'),
(119, '1594027664734', 'Sanch@gmail.com', '$2a$10$CpK2UYYJlOhrJfF/hKUScOJ6Ll3N.rPMwQRyPIjl/0gk7gRZj4jve', NULL, NULL, '', NULL, 1, NULL, 0, NULL, NULL, 1, '2020-07-06 09:27:44', '2020-07-06 09:27:44'),
(120, '1594027946069', 'abey@gmail.com', '$2a$10$7DzF9tzH6Qwfsgi45NzHyOKngDshNlAIu.4wlhA0dTwsdDqhqvqu2', NULL, NULL, '', NULL, 1, NULL, 0, NULL, NULL, 1, '2020-07-06 09:32:26', '2020-07-06 09:34:29'),
(121, '1594028194373', 'vim123@gmail.com', '$2a$10$b6fSjDzUbYb4RvY2Fq.je.5n92uUR2B5Xv9pO7RKvbLqwgEqMZPS.', NULL, NULL, '', NULL, 1, NULL, 0, NULL, NULL, 1, '2020-07-06 09:36:34', '2020-07-06 09:48:33'),
(122, '1594028569336', 'pop@gmail.com', '$2a$10$U11qknoZVLP8oai1RZQYOOEaFXbsej3PL0PbhOj1EdlEhhdOZt42i', NULL, 1234, '', '$2a$10$6LLjzXc3Ik39K4ziaKy9Rum.ijxppSBCbpZV6ZBKOWcv2I7zrCjd6', 1, NULL, 2, '2020-07-06 11:48:51', NULL, 1, '2020-07-06 09:42:49', '2020-07-20 09:52:36'),
(123, '1594028891815', 'Smile@gmail.com', '$2a$10$WxpIUvOz6O4YvG2WKjlN7egvgc6eATaMympM8GhBYWHVXRBNQEdTe', NULL, NULL, '', NULL, 1, NULL, 0, NULL, NULL, 1, '2020-07-06 09:48:11', '2020-07-06 09:48:11'),
(124, '1594029062202', 'Rohin@gmail.com', '$2a$10$mc.2swQjBrgTkSvcFXCkDO3hakA5NlYCSToStDuxfjfhksNh6M7zu', NULL, NULL, '', NULL, 1, NULL, 0, NULL, NULL, 1, '2020-07-06 09:51:02', '2020-07-06 09:52:18'),
(125, '1594029395024', 'Sahil@gmail.com', '$2a$10$9N/5o6E8OKPN8XlbaP3wl.DItAlRxiyOlRRy9vDawogXePOTRWjbC', NULL, NULL, '', NULL, 1, NULL, 0, NULL, NULL, 1, '2020-07-06 09:56:35', '2020-07-06 09:56:49'),
(126, '1594031471710', 'Shreyy@gmail.com', '$2a$10$Y5IBZmJDw8BE7n4Wd7F6b.jhA5y/nw/VfKz4KHTLHqSvM6.PWOBcu', NULL, NULL, '', NULL, 1, NULL, 0, NULL, NULL, 1, '2020-07-06 10:31:11', '2020-07-06 11:02:31'),
(127, '1594035034466', 'Varun@gmail.com', '$2a$10$71tWfdtpVX7Xk9U1DoBoI..Zr7lkknavruXtQr8rzHmX0biy2PebS', NULL, NULL, '', NULL, 1, NULL, 0, NULL, NULL, 1, '2020-07-06 11:30:34', '2020-07-06 12:10:26'),
(128, '1594037687113', 'manik@gmail.com', '$2a$10$VxKKQWFpDkHgKRZMgR6MSuvtKxtgXxpn2LYP9lxKSBLD.iVbLAp2q', NULL, NULL, '', NULL, 1, NULL, 0, NULL, NULL, 1, '2020-07-06 12:14:47', '2020-07-06 12:29:41'),
(129, '1594038876929', 'piyush@gmail.com', '$2a$10$//yQJK307E6T70T9dALb/.IvoKoM8MsFoh9iT6OU6YVzGRSA/Ir.C', NULL, NULL, '', NULL, 1, NULL, 0, NULL, NULL, 1, '2020-07-06 12:34:36', '2020-07-06 12:47:53'),
(130, '1594039844933', 'shubham@gmail.com', '$2a$10$ss3kPdm4KmMdAizU1ZtvcuJCtou5ctG4zCz5whqrWT6ngigIG02.C', NULL, NULL, '', NULL, 1, NULL, 0, NULL, NULL, 1, '2020-07-06 12:50:44', '2020-07-06 12:50:44'),
(131, '1594040030575', 'Rai@gmail.com', '$2a$10$pJs1gL8bVN1I.1Afz1wKHeZOzU8BRPP3KkM1gMEsS8GDEy11iRkYy', NULL, NULL, '', NULL, 1, NULL, 0, NULL, NULL, 1, '2020-07-06 12:53:50', '2020-07-06 12:56:21'),
(132, '1594040416103', 'Nitin@gmail.com', '$2a$10$lcbW6zZcfKCctQxbWaBOXONWROlpOAqb9P3DwwIIcfHbki8SLVriO', NULL, NULL, '', NULL, 1, NULL, 0, NULL, NULL, 1, '2020-07-06 13:00:16', '2020-07-06 13:00:16'),
(133, '1594040736588', 'g@gmail.co', '$2a$10$SBFrrMlBOuSZqcNoHivFuO5t25GTih4TEOjXOHsUlzCt1YdOcW4IS', NULL, NULL, '8', NULL, 1, NULL, 1, NULL, NULL, 1, '2020-07-06 13:05:36', '2020-07-06 13:06:48'),
(134, '1594041486104', 'parent@gmail.com', '$2a$10$d2WPG5VlPQTaNOSfyzXwo.XITi.BDp3sMDkaW3p3kJe4op7cwPgpW', NULL, NULL, '8', NULL, 1, NULL, 0, NULL, NULL, 1, '2020-07-06 13:18:06', '2020-07-06 13:24:20'),
(135, '1594041569643', 'ajay@gmail.in', '$2a$10$zcvqaKr0RV8n7CQdl3vUw.3OVTIk2fN55KrZ8Bc2QP0v.SUNAUGQG', NULL, NULL, '8', NULL, 1, NULL, 1, NULL, NULL, 1, '2020-07-06 13:19:29', '2020-07-07 04:06:28'),
(136, '1594042702594', 'vidhitaneja@gmail.com', '$2a$10$9wTuXtCpoR5dlI/HtxKYJ.Mb6nL3X1FZhy.9u/IJnuA1hjhSRm7oW', NULL, 1234, '', NULL, 1, NULL, 0, NULL, NULL, 1, '2020-07-06 13:38:22', '2020-07-24 04:21:55'),
(137, '1594051436017', 'vipul@gmail.com', '$2a$10$T6WBtPz/CbwMaf8QCTxu/upJy5FVo.ddDjDyP4rdEsKUJ4xgcMso2', NULL, NULL, '8,6,5,4', NULL, 1, NULL, 0, NULL, NULL, 1, '2020-07-06 16:03:56', '2020-07-07 07:02:03'),
(138, '1594102610757', 'Narula@gmail.com', '$2a$10$Fa3zFWnWsDbMNrWjCpcDjOKYcdvxnQ1dfAaDzFm0tEJnawmn7KR0S', NULL, NULL, '', NULL, 1, NULL, 0, NULL, NULL, 1, '2020-07-07 06:16:50', '2020-07-07 08:11:31'),
(139, '1594102910337', 'Nikhil@gmail.com', '$2a$10$NIzuH5gkWDMX4dEuDpewLOtRaKTvkEwFozRIk0RZ1Arx9ciHI3Dhm', NULL, NULL, '', NULL, 1, NULL, 0, NULL, NULL, 1, '2020-07-07 06:21:50', '2020-07-07 06:21:50'),
(140, '1594104955061', 'Sandeep@gmail.com', '$2a$10$I68AHG1sGIUcdrFbV0V7LuqWLprxfQvViYsDocA/G08Rhb7S8yri.', NULL, NULL, '', NULL, 1, NULL, 0, NULL, NULL, 1, '2020-07-07 06:55:55', '2020-07-07 08:07:12'),
(141, '1594105094636', 'Aditya@gmail.com', '$2a$10$y31cbhdDQeTJ8c1iLaOtmOMT1boQRGt6SmmpR1H7m.uI.Rzm/Thh2', NULL, NULL, '', NULL, 1, NULL, 0, NULL, NULL, 1, '2020-07-07 06:58:14', '2020-07-07 06:58:14'),
(142, '1594105523941', 'Bisla@gmail.com', '$2a$10$.dQX2A5mZwqTv2o8l0XFn.mZbKQk5fUl/InYYbpV88lw8GjOJ3g.6', NULL, NULL, '', NULL, 1, NULL, 0, NULL, NULL, 1, '2020-07-07 07:05:23', '2020-07-07 07:05:23'),
(143, '1594105617197', 'Bisla3@gmail.com', '$2a$10$Qyk4t8GSSyHZ41hoj/64MOgFWg4mUTdBl6uEIITHZG6diNTrz5Kne', NULL, NULL, '', NULL, 1, NULL, 0, NULL, NULL, 1, '2020-07-07 07:06:57', '2020-07-07 07:06:57'),
(144, '1594105742253', 'Nakul@gmail.com', '$2a$10$YJKNYBOJiecyc7Ybqdtgae8uuY4Z1t7YoFiRrpJYE45Aocb889lbS', NULL, NULL, '', NULL, 1, NULL, 0, NULL, NULL, 1, '2020-07-07 07:09:02', '2020-07-07 09:42:09'),
(145, '1594110034393', 'vishu@gmail.com', '$2a$10$6zEfDi/kGtKCVj8phwWE9uLqOOAdoVrBFk6AALDqs5qZWxtkcuWoi', NULL, NULL, '', NULL, 1, NULL, 0, NULL, NULL, 1, '2020-07-07 08:20:34', '2020-07-07 08:22:34'),
(146, '1594110087218', 'vishu1@gmail.com', '$2a$10$LZ.2QfbuJhizWF3Wok4KheKLXxjobQiUWtaZEshdoBohMjmA9zB0u', NULL, NULL, '', NULL, 1, NULL, 0, NULL, NULL, 1, '2020-07-07 08:21:27', '2020-07-07 08:23:23'),
(147, '1594110523419', 'boy@gmail.com', '$2a$10$AUxE/ZWCXqcRirxXD6U5bO4g1pSct7KoxFl08c/pcZDktlJ4OSXea', NULL, NULL, '', NULL, 1, NULL, 0, NULL, NULL, 1, '2020-07-07 08:28:43', '2020-07-07 08:28:43'),
(148, '1594118231046', 'Srk@gmail.com', '$2a$10$lovTXqTd83Eo2KBJZT8GTe97ZQyEelNt/AZnhDIJtfzlt8bZSSGw2', NULL, NULL, '', NULL, 1, NULL, 0, NULL, NULL, 1, '2020-07-07 10:37:11', '2020-07-07 13:07:37'),
(149, '1594126501817', 'admin@t.in', '$2a$10$6e6abl1gw8xhrqMQh6hlPe1bajZR02HoPnmNK1dIFAAulaRlhm/tq', NULL, NULL, '6', NULL, 1, NULL, 0, NULL, NULL, 1, '2020-07-07 12:55:01', '2020-07-07 12:56:43'),
(150, '1594127377769', 'cupid@gmail.com', '$2a$10$B6pgNQPWxjKLMdf0VV7TV.BX4VPEbyxqt.jrGRtNMARpQmA6pS16y', NULL, NULL, '', NULL, 1, NULL, 0, NULL, NULL, 1, '2020-07-07 13:09:37', '2020-07-07 13:09:37'),
(151, '1594127566629', 'nishi@gmail.com', '$2a$10$3rupCL184u2H/ZAwZTqtye6GoNk51dok0rUBq.LbPzu.aWOsmXNwe', NULL, NULL, '', NULL, 1, NULL, 0, NULL, NULL, 1, '2020-07-07 13:12:46', '2020-07-07 13:12:46'),
(152, '1594127977298', 'viney@gmail.com', '$2a$10$6h2vPLRPRP9kagErltUbEeqEvOFpEdZCHNJcAAMaENLnUbg0./f2y', NULL, NULL, '', NULL, 1, NULL, 0, NULL, NULL, 1, '2020-07-07 13:19:37', '2020-07-07 13:19:37'),
(153, '1594128825706', 'vishu2@gmail.com', '$2a$10$588BIn6Z11kutXL.kdOOQuoe2XazTav2K1I5y3uGCFy4CHIPtpRkO', NULL, NULL, '', NULL, 1, NULL, 0, NULL, NULL, 1, '2020-07-07 13:33:45', '2020-07-07 13:33:45'),
(154, '1594129379366', 'vishu3@gmail.com', '$2a$10$HM8fvnE8DydJ5cWnS7h91e7Dy2zv042L77UEQB94cdrZiHPRNCVr.', NULL, NULL, '8', NULL, 1, NULL, 0, NULL, NULL, 1, '2020-07-07 13:42:59', '2020-07-07 13:42:59'),
(155, '1594129566267', 'Jimmy@gmail.com', '$2a$10$lP/P7YKyoEPA/DmDOfhfJ.v5pBQcm1qUHsUh9rYT0xroMa2S/VgMa', NULL, NULL, '', NULL, 1, NULL, 0, NULL, NULL, 1, '2020-07-07 13:46:06', '2020-07-07 13:46:06'),
(156, '1594130662750', 'vineet@gmail.com', '$2a$10$UBBbk0KKxpQa0vqNYVxMkOpG5OYEBGdibKFM.8.9AxzOgIYpnWMj.', NULL, NULL, '8', NULL, 1, NULL, 0, NULL, NULL, 1, '2020-07-07 14:04:22', '2020-07-07 14:04:22'),
(157, '1594130671891', 'chitesh1444@gmail.com', '$2a$10$pSFup9IYQJiER/6Vggu2NuSddm.Xx8SaJv0WWwQ7NkoU/bpRjDb22', NULL, NULL, '1,2', NULL, 1, NULL, 0, NULL, NULL, 1, '2020-07-07 14:04:31', '2020-07-07 14:04:31'),
(158, '1594130807627', 'chitesh144433@gmail.com', '$2a$10$Mnpr6BJicv9JW/tiP7HoMObID7KJJf9WORawla9ZizC.eIiyAk2C6', NULL, NULL, '1,2', NULL, 1, NULL, 0, NULL, NULL, 1, '2020-07-07 14:06:47', '2020-07-07 14:06:47'),
(159, '1594130828057', 'chitesh144rrr433@gmail.com', '$2a$10$.WqHk7CEXpfbLr2ttP.ILOFwFp5eBiJfGPu7iAWkNV02DVn8UCEf6', NULL, NULL, '1,2', NULL, 1, NULL, 0, NULL, NULL, 1, '2020-07-07 14:07:08', '2020-07-07 14:07:08'),
(160, '1594130889348', 'chitesh1789@gmail.com', '$2a$10$G36pehTgwnx6WrBV8qJVouplbTX72ZVirQ5x/retHFtXWeD62TunO', NULL, NULL, '1,2', NULL, 1, NULL, 0, NULL, NULL, 1, '2020-07-07 14:08:09', '2020-07-07 14:08:09'),
(161, '1594131144715', 'chitesh1789f@gmail.com', '$2a$10$s7ObSyKGQ6KrUze1Y4fDyeYtcgIx3/WtKywj/S7vw/kKd63MC5UNS', NULL, NULL, '1,2', NULL, 1, NULL, 0, NULL, NULL, 1, '2020-07-07 14:12:24', '2020-07-07 14:12:24'),
(162, '1594131371652', 'vishu4@gmail.com', '$2a$10$6mWWQYVRKQRk6fadkMkMze.o11j81rdU9NyK0cRp0yqRBB1fQbHg.', NULL, NULL, '8', NULL, 1, NULL, 0, NULL, NULL, 1, '2020-07-07 14:16:11', '2020-07-07 14:16:11'),
(163, '1594131495081', 'admin@gmail.com', '$2a$10$kLsMFSbvBT.1K0.amOVrPOc6U1s0kesmY3fRs9nCFV5v4ReMXjsXm', NULL, NULL, '8', NULL, 1, NULL, 0, NULL, NULL, 1, '2020-07-07 14:18:15', '2020-07-07 14:18:15'),
(164, '1594132553465', 'armour@gmail.com', '$2a$10$qXMKipME8EVuUbXCn3MwxeEo7G7V6Ot05kaq6tmTQ1go0P1i/qcqi', NULL, NULL, '', NULL, 1, NULL, 0, NULL, NULL, 1, '2020-07-07 14:35:53', '2020-07-07 15:29:36'),
(165, '1594132742598', 'Wall@gmail.com', '$2a$10$MJjd8ocmRRIVBT7ZQrQCEO1RoE6NVwMfj/V0SkybQJKBkn4u037D6', NULL, NULL, '', NULL, 1, NULL, 0, NULL, NULL, 1, '2020-07-07 14:39:02', '2020-07-07 14:39:02'),
(166, '1594135851032', 'brij@gmail.com', '$2a$10$15eaOwvP2d4LaeVrk/7aTeDE7kUL1pB8zlLkbtSliFDxg9WmYuv9W', NULL, NULL, '', NULL, 1, NULL, 0, NULL, NULL, 1, '2020-07-07 15:30:51', '2020-07-07 15:33:26'),
(167, '1594136806359', 'kamra187@gmail.com', '$2a$10$X83E5sarHXARyx6dIps.wO9B075FhkYT4.KMdeFpmgS.cjLLVgqSq', NULL, NULL, '', NULL, 1, NULL, 0, NULL, NULL, 1, '2020-07-07 15:46:46', '2020-07-07 15:46:46'),
(168, '1594181590473', 'payal@gmail.com', '$2a$10$6r1Ul1JQz/teNX6OhOQUJOojfXa/Uz99EPNKWIEnZKv5MHODXmuK.', NULL, NULL, '', NULL, 1, NULL, 0, NULL, NULL, 1, '2020-07-08 04:13:10', '2020-07-08 04:44:21'),
(169, '1594181796689', 'payal1@gmail.com', '$2a$10$Vdq3A5HZgTxyOOMtmSWF0umWt.AcAXdVvR2MZ4x4JmsP8h/W3ad5O', NULL, NULL, '8,6', NULL, 1, NULL, 0, NULL, NULL, 1, '2020-07-08 04:16:36', '2020-07-08 04:16:36'),
(170, '1594182483734', 'payal2@gmail.com', '$2a$10$le4egU2j1foMRYx4RvJLluUL3QiE/r7AXVORMLZ6bS2iJ1FPfix/u', NULL, NULL, '', NULL, 1, NULL, 0, NULL, NULL, 1, '2020-07-08 04:28:03', '2020-07-08 04:28:03'),
(171, '1594182740664', 'payall@gmail.com', '$2a$10$SfOPlbh26D8v1coaTYY5ru181oNfjKZ3aloAbVMMjQGy1IlXE7lRm', NULL, NULL, '', NULL, 1, NULL, 0, NULL, NULL, 1, '2020-07-08 04:32:20', '2020-07-08 04:32:20'),
(172, '1594182885912', 'payal3@gmail.com', '$2a$10$34f/7HsiZT96hpY91Sn0LurBin23RG3/N5ZAACGnLVfbWJSkOtBU6', NULL, NULL, '', NULL, 1, NULL, 0, NULL, NULL, 1, '2020-07-08 04:34:45', '2020-07-08 04:41:08'),
(173, '1594183960553', 'Jimmz@gmail.com', '$2a$10$OA5wcytTj7TpykQ5nNmZP.8a7wdnubsOr2ZPN3MXipUY2to9uCQZe', NULL, NULL, '', NULL, 1, NULL, 0, NULL, NULL, 1, '2020-07-08 04:52:40', '2020-07-08 04:58:50'),
(174, '1594185124702', 'Kris@gmail.com', '$2a$10$jfJBnOZ4FbK.BF13MM0Lyel9BetplMQQNmB0P/NWYzpYJZnhPNq/C', NULL, NULL, '', NULL, 1, NULL, 0, NULL, NULL, 1, '2020-07-08 05:12:04', '2020-07-08 05:55:32'),
(175, '1594186359653', 'krisha@gmail.com', '$2a$10$3X84.jLb/.5QMbiz4xsJcO4HvQnGJCxy2cE6qcLhZrZ5rWW89Vqp.', NULL, NULL, '', NULL, 1, NULL, 0, NULL, NULL, 1, '2020-07-08 05:32:39', '2020-07-08 05:32:39'),
(176, '1594186727244', 'krish@gmail.com', '$2a$10$9y0tSJn1F0bTMtGa4Xi/suZrp/B6T8rSGMc13AV2NOV/AcLeKDzrm', NULL, NULL, '', NULL, 1, NULL, 0, NULL, NULL, 1, '2020-07-08 05:38:47', '2020-07-08 05:38:47'),
(177, '1594186970205', 'xyz1@gmail.com', '$2a$10$C9kONgcjBgKb8jDxhunHNuZOxL3QI4k/moyE4OSsg2Dw6ARe.FczG', NULL, NULL, '', NULL, 1, NULL, 0, NULL, NULL, 1, '2020-07-08 05:42:50', '2020-07-08 05:42:50'),
(178, '1594187404336', 'xyz2@gmail.com', '$2a$10$X3CfaHvj2OUCfUyK/MrkTesjLLlSg6oRniaksL0rSbyqVsf2D.YDC', NULL, NULL, '', NULL, 1, NULL, 0, NULL, NULL, 1, '2020-07-08 05:50:04', '2020-07-08 05:51:25'),
(179, '1594187572938', 'ajaii@gmail.com', '$2a$10$26D7yW4PEhai4HVuTpfeuuq1pF2avJw4MUigtcDzaxvHIZU5a4P5O', NULL, NULL, '', NULL, 1, NULL, 0, NULL, NULL, 1, '2020-07-08 05:52:52', '2020-07-08 06:03:37'),
(180, '1594189027164', 'Pulkit@gmail.com', '$2a$10$aFB0pDn6lxTox4ZW6.H9Buv427f58YIuCCETmDq5v50IiUzO/Wt6S', NULL, NULL, '', NULL, 1, NULL, 0, NULL, NULL, 1, '2020-07-08 06:17:07', '2020-07-08 06:50:08'),
(181, '1594189564856', 'pulkit1@gmail.com', '$2a$10$OHvgx95JAxa.83prpwI4RePhs.JuKoQYeBJMkta6Z4pRxvzBFDAMS', NULL, NULL, '', NULL, 1, NULL, 0, NULL, NULL, 1, '2020-07-08 06:26:04', '2020-07-08 06:30:47'),
(182, '1594190133261', 'Polkit@gmail.com', '$2a$10$JCG5DZZhvxeBZPeT2fsi7OdlqUR6h0L.YMo0AW8YECmWNcGyTfPBC', NULL, NULL, '', NULL, 1, NULL, 0, NULL, NULL, 1, '2020-07-08 06:35:33', '2020-07-08 06:35:33'),
(183, '1594190372865', 'bharat@gmail.com', '$2a$10$z0ioeqxafvyh8df5xLrXfu02FM3UZJx7RSjPDgpWSbpR/YmFg7OMW', NULL, NULL, '', NULL, 1, NULL, 0, NULL, NULL, 1, '2020-07-08 06:39:32', '2020-07-08 06:39:32'),
(184, '1594191187135', 'bharat1@gmail.com', '$2a$10$CI9O9Ai7I33kuas6VUrwNOqMTr1OxOfWRhpuBvOsljaB.BlOnWlR2', NULL, NULL, '', NULL, 1, NULL, 0, NULL, NULL, 1, '2020-07-08 06:53:07', '2020-07-08 06:53:07'),
(185, '1594191702607', 'anmol@gmail.com', '$2a$10$wsE1KYXgHPfaSPtjBgqnzufR4Qb3m9k3Sq1nVYktvzQXRwBiAde3G', NULL, NULL, '', NULL, 1, NULL, 0, NULL, NULL, 1, '2020-07-08 07:01:42', '2020-07-08 07:01:42'),
(186, '1594191816793', 'ashwni@gmail.com', '$2a$10$PUVaEYZhk9Q8QMvbPAtZUOGkC2eJ3nJi4pu9MG3K0JxKzVI8wpL96', NULL, NULL, '', NULL, 1, NULL, 0, NULL, NULL, 1, '2020-07-08 07:03:36', '2020-07-08 07:03:36'),
(187, '1594192633813', 'tfyft@gmail.com', '$2a$10$7nZRy.P8BVNcZzaAD4AJaOf4TQ1o/iPq887gDj8n0xtlmcU53rIKS', NULL, NULL, '8', NULL, 1, NULL, 0, NULL, NULL, 1, '2020-07-08 07:17:13', '2020-07-08 07:17:13'),
(188, '1594193229802', 'ghhg@gmail.com', '$2a$10$ObboEKh3S4rq/mbKD14VQ.nqb3cFL2Kf1wOl3Knl9yrQ50GgQMmzq', NULL, NULL, '5', NULL, 1, NULL, 0, NULL, NULL, 1, '2020-07-08 07:27:09', '2020-07-08 07:27:09'),
(189, '1594193308590', 'hhygy@gmail.com', '$2a$10$Av54mSilO5UliK2bBWyJsu/Eb/EJxLVmFIuVhntJd4xLw9REF2Q4G', NULL, NULL, '', NULL, 1, NULL, 0, NULL, NULL, 1, '2020-07-08 07:28:28', '2020-07-08 07:28:28'),
(190, '1594194291263', 'ggff@gmail.com', '$2a$10$eksWf3aFynGwHoz6gYTyV.7AEgDQtuQng6XcRwCfCpl3L7ktKZ54.', NULL, NULL, '', NULL, 1, NULL, 0, NULL, NULL, 1, '2020-07-08 07:44:51', '2020-07-08 07:44:51'),
(191, '1594194709537', 'anshul@gmail.com', '$2a$10$I6zOx9wE.aF5y4UELTXyQueFU58fnJNA/41ZDnYuS/sDD98S5pk3.', NULL, NULL, '', NULL, 1, NULL, 0, NULL, NULL, 1, '2020-07-08 07:51:49', '2020-07-08 07:51:49'),
(192, '1594194861231', 'anshl@gmail.com', '$2a$10$g4dQmowr1JiK6CNXcXRT.OgkXnGUK8SDLg2jB.t/K5VpHCq3mfpx.', NULL, NULL, '', NULL, 1, NULL, 0, NULL, NULL, 1, '2020-07-08 07:54:21', '2020-07-08 08:06:11'),
(193, '1594194874855', 'byg6@gmail.com', '$2a$10$FkPXSo2Dcyy63pw1UbMjduD7jHKIDrLi/JsRzMzp/pTvLsY1HlObq', NULL, NULL, '6', NULL, 1, NULL, 0, NULL, NULL, 1, '2020-07-08 07:54:34', '2020-07-08 07:54:34'),
(194, '1594195003355', 'hvy@gmail.com', '$2a$10$fo17tt7DqfTv/pnz3XseQOjMXqFmBGXJjUqOtHwwMzwtylZEwixpS', NULL, NULL, '6', NULL, 1, NULL, 0, NULL, NULL, 1, '2020-07-08 07:56:43', '2020-07-08 07:56:43'),
(195, '1594195137490', 'gyf@gmail.com', '$2a$10$fz5Z0IMtKW8YSC6UZoPGkON4YMsxZZ11Xi5wZfnj63iBH2sqqdi2K', NULL, NULL, '', NULL, 1, NULL, 0, NULL, NULL, 1, '2020-07-08 07:58:57', '2020-07-08 07:58:57'),
(196, '1594195725855', 'ansh@gmail.com', '$2a$10$j3oFwL7EZRg5wFgFOvaArunOSPg4aHsvbgeg532GZPvcmN.twY1Bu', NULL, NULL, '', NULL, 1, NULL, 0, NULL, NULL, 1, '2020-07-08 08:08:45', '2020-07-08 08:10:00'),
(197, '1594196063749', 'vinad@gmail.com', '$2a$10$Nosr8n7n89J4IP7hHV3QR.ym0Q3LiLcnitT9zVkMY3Ysrdf9IdtPm', NULL, NULL, '', NULL, 1, NULL, 0, NULL, NULL, 1, '2020-07-08 08:14:23', '2020-07-08 08:14:23'),
(198, '1594196153180', 'gamer@gmail.com', '$2a$10$gWIeREgeQA3Xq8o5TVau6.c8w2XkYapuFXvSevMw7840CGt9pjO6C', NULL, NULL, '', NULL, 1, NULL, 0, NULL, NULL, 1, '2020-07-08 08:15:53', '2020-07-08 08:15:53'),
(199, '1594196528776', 'sharm@gmail.com', '$2a$10$6ZLz5qjbUl0/p5Sem1B69uBmmcwDKgMXkHOEvGVz6qc6vyKFpkJA.', NULL, NULL, '', NULL, 1, NULL, 0, NULL, NULL, 1, '2020-07-08 08:22:08', '2020-07-08 08:22:08'),
(200, '1594196600813', 'liston@gmail.com', '$2a$10$h43HLeG5FZQU5LYMdT7JMuTGOlM9tP8Nh4hh8IP/uNZzQr2qfmOjm', NULL, NULL, '', NULL, 1, NULL, 0, NULL, NULL, 1, '2020-07-08 08:23:20', '2020-07-08 08:23:20'),
(201, '1594196732077', 'thakur@gmail.com', '$2a$10$RxtHusUm0.E8IZCNhfthHuwQroVs5wnO/8GTLuLXPnwUEoUhEPxzq', NULL, NULL, '', NULL, 1, NULL, 0, NULL, NULL, 1, '2020-07-08 08:25:32', '2020-07-08 08:25:32'),
(202, '1594196818145', 'thakurg@gmail.com', '$2a$10$BUT1H5Aclr6pRIyINu6DmenTQUm7siidimva/l1zaYPOnBP2dk6T6', NULL, NULL, '', NULL, 1, NULL, 0, NULL, NULL, 1, '2020-07-08 08:26:58', '2020-07-08 08:26:58'),
(203, '1594198042395', 'patro@gmail.com', '$2a$10$t8AlVL7hzk/u9UHKruh5uOMAYWPqPWsqE3awlxqzJMrZ4VW9N9JYy', NULL, NULL, '', NULL, 1, NULL, 0, NULL, NULL, 1, '2020-07-08 08:47:22', '2020-07-08 08:49:48'),
(204, '1594198286087', 'Patri@gmail.com', '$2a$10$oedRv9LiwVEcV/CgyU.UuuHsOhpZG7dMzHPB4at/Pg1WQ0li/Ly.q', NULL, NULL, '', NULL, 1, NULL, 0, NULL, NULL, 1, '2020-07-08 08:51:26', '2020-07-08 08:51:26'),
(205, '1594198628002', 'lamber@gmail.com', '$2a$10$PIIhTaq4Jlmqzrj/3XUOXO7pB.PiqNKq15gvxDAM0vuxJHM2e12XG', NULL, NULL, '', NULL, 1, NULL, 0, NULL, NULL, 1, '2020-07-08 08:57:08', '2020-07-08 08:57:08'),
(206, '1594199327545', 'Laksh@gmail.com', '$2a$10$dddGH5CTAX981Nx4/vUW8OLB4dN2Zr82kIs1fBHDaJjGJRZyG5xh.', NULL, NULL, '', NULL, 1, NULL, 0, NULL, NULL, 1, '2020-07-08 09:08:47', '2020-07-08 09:43:24'),
(207, '1594200622169', 'tcyc@gmail.com', '$2a$10$IU3Cua3mO2FAyuMy1ATLTurM363J7woMb3x0Lsk0L5rmpKuEHy9W2', NULL, NULL, '8', NULL, 1, NULL, 0, NULL, NULL, 1, '2020-07-08 09:30:22', '2020-07-08 09:30:22'),
(208, '1594200781813', 'yct@gmail.com', '$2a$10$K1YcY5FakLwt0p/POAJKuukiqXzkWLtraOg27lXg6h6UR4q0Eb8WG', NULL, NULL, '8', NULL, 1, NULL, 0, NULL, NULL, 1, '2020-07-08 09:33:01', '2020-07-08 09:33:01'),
(209, '1594201521370', 'tft@gmail.com', '$2a$10$rkdAWOe419YhEhAts/qDLewd/kERxB8iDpw/8XrdlgRagCFYfiRDG', NULL, NULL, '8', NULL, 1, NULL, 0, NULL, NULL, 1, '2020-07-08 09:45:21', '2020-07-08 09:45:21'),
(210, '1594201631741', 'ttg@gmail.com', '$2a$10$rHXaXosJ3idaJkbEdxLx4O0PRFy08n81f7zn0yEkM2D5Y0.qJHOHq', NULL, NULL, '8', NULL, 1, NULL, 0, NULL, NULL, 1, '2020-07-08 09:47:11', '2020-07-08 09:47:11'),
(211, '1594202972506', 'hitman@gmail.com', '$2a$10$xURb8QoQH.wOYGFSCwBV.eAM6Vhh9LLCvCav3vQ6IJ/qML/iuKLoC', NULL, NULL, '', NULL, 1, NULL, 0, NULL, NULL, 1, '2020-07-08 10:09:32', '2020-07-08 10:09:32'),
(212, '1594203686622', 'neeraj@gmail.com', '$2a$10$8jqaAvHtg8JTSa0Kz9S.AOjm6PpJAf2yo/qLAJ2RHDEk/FGzVBSwS', NULL, NULL, '', NULL, 1, NULL, 0, NULL, NULL, 1, '2020-07-08 10:21:26', '2020-07-08 10:21:26'),
(213, '1594205597433', 'ghhh@t.com', '$2a$10$/6VqHY9/RMz4xFqgbhn/BOc9EBQjYeL23rto/st1z/w78hxzYPFmS', NULL, NULL, '8', NULL, 1, NULL, 0, NULL, NULL, 1, '2020-07-08 10:53:17', '2020-07-08 10:53:17'),
(214, '1594206215103', 'vipinn@t.in', '$2a$10$4zK/.xDRTBpRt7UrWrGw3u15dMIYtOXndADmFW7OM7r3jQjTBaMSu', NULL, NULL, '8', NULL, 1, NULL, 0, NULL, NULL, 1, '2020-07-08 11:03:35', '2020-07-08 11:05:36'),
(215, '1594206370175', 'tct@gmail.com', '$2a$10$.gI6aDTRoqmh.8HYJucdrev4GU0HccWDW4AcWw1mqSnmYAaK5/etu', NULL, NULL, '8', NULL, 1, NULL, 2, NULL, NULL, 1, '2020-07-08 11:06:10', '2020-07-08 11:11:06'),
(216, '1594206793432', 'vineet@gmail.in', '$2a$10$0gXukMZjsN0gJtLxQ/AKsuK1b453HJfx539OJTrE76z/mmaj5dn/q', NULL, NULL, '', NULL, 1, NULL, 0, NULL, NULL, 1, '2020-07-08 11:13:13', '2020-07-08 12:30:06'),
(217, '1594209229655', 'Vinny@gmail.com', '$2a$10$JSn8hl7s8Pe6waQhNkTHoeI0WVhwHDdnuMCUEk71idoZHefOE7L0G', NULL, NULL, '', NULL, 1, NULL, 0, NULL, NULL, 1, '2020-07-08 11:53:49', '2020-07-08 11:53:49'),
(218, '1594209450735', 'vinny1@gmail.com', '$2a$10$mWl3dSOlR0ULc9yX39q8Q.yRRhXAfz8XntfeFRMQVucU12Kyaz6OW', NULL, NULL, '', NULL, 1, NULL, 0, NULL, NULL, 1, '2020-07-08 11:57:30', '2020-07-08 12:04:07'),
(219, '1594211466752', 'ggh@gg.in', '$2a$10$yOBbfQ04zDxb.k/8eY/jxOTKwDUAQqXDJX694bQ5z.1PeFTR4HFUO', NULL, NULL, '', NULL, 1, NULL, 0, NULL, NULL, 1, '2020-07-08 12:31:06', '2020-07-08 12:31:06'),
(220, '1594211909295', 'chg@gmail.com', '$2a$10$xJ4PVwdvhM2ToaOmvEkwZuoXX3b.DokaQaHumbZ4olZqc9IHwFXwS', NULL, NULL, '', NULL, 1, NULL, 0, NULL, NULL, 1, '2020-07-08 12:38:29', '2020-07-08 12:38:29'),
(221, '1594214782804', 'signal@gmail.com', '$2a$10$U2Z4xvgQ2P3rNCwSOK9yy.dfuhJUfKwcCQyT6iN4gqB/ppewNDWru', NULL, NULL, '', NULL, 1, NULL, 0, NULL, NULL, 1, '2020-07-08 13:26:22', '2020-07-08 13:26:22'),
(222, '1594215130664', 'signl@gmail.com', '$2a$10$apvjkREHmaVRXgcb.tO9heSVPZrF91104jPSpMZqBoYOY/FkYbMOq', NULL, NULL, '', NULL, 1, NULL, 0, NULL, NULL, 1, '2020-07-08 13:32:10', '2020-07-08 13:41:28'),
(223, '1594215763322', 'Signll@gmail.com', '$2a$10$3.XnsbaOwXJb0VsJIY8QnOJDQ6Na3qXqoB3dwJirgw.cYRYubb/Vy', NULL, NULL, '', NULL, 1, NULL, 0, NULL, NULL, 1, '2020-07-08 13:42:43', '2020-07-08 13:45:16'),
(224, '1594216035113', 'Fella@gmail.com', '$2a$10$GkQKzHm4m2WxFQmlY1RUQ.TfAOKVFIrodgzEzCWDRlD7TCcOHQ8rG', NULL, NULL, '', NULL, 1, NULL, 0, NULL, NULL, 1, '2020-07-08 13:47:15', '2020-07-08 13:47:15'),
(225, '1594216118761', 'binnu@gmail.com', '$2a$10$bKGSTo.dmk.QBCuk7mmdXeVzH6RJZcSfJkdiYiYiD5qda2zz7D1S.', NULL, NULL, '', NULL, 1, NULL, 0, NULL, NULL, 1, '2020-07-08 13:48:38', '2020-07-08 13:48:38'),
(226, '1594216762335', 'shing@gmail.com', '$2a$10$AyiLiWMD/zCfrnAlik6c7OKA2CGTVdec7iEX5VmJ2lKDqDlLjq.mK', NULL, NULL, '', NULL, 1, NULL, 0, NULL, NULL, 1, '2020-07-08 13:59:22', '2020-07-08 13:59:22'),
(227, '1594217097011', 'winky@gmail.com', '$2a$10$l5IwC8jVHZT026FJEI0kqeFkubCYPVJVOG1ejfXJkW7na3OP0qAza', NULL, NULL, '', NULL, 1, NULL, 0, NULL, NULL, 1, '2020-07-08 14:04:57', '2020-07-08 14:06:04'),
(228, '1594217270575', 'Sight@gmail.com', '$2a$10$Lyb5Y6N5AKo8nsT8hC0a3OEEab9auY7F.04sLYtllln3Xe8MtKkuK', NULL, NULL, '', NULL, 1, NULL, 0, NULL, NULL, 1, '2020-07-08 14:07:50', '2020-07-08 14:07:50'),
(229, '1594217430470', 'binky@gmail.com', '$2a$10$u59rYPY4ZIj4ylwr/FNI9OcAojz06nDu3Of2cZxg.9TS4cyoKRsl2', NULL, NULL, '', NULL, 1, NULL, 0, NULL, NULL, 1, '2020-07-08 14:10:30', '2020-07-08 14:10:30'),
(230, '1594217574298', 'skip@gmail.com', '$2a$10$UU7ZC4kYHpYc8zMj/ZLhOeJVjkguoWFqFEKncBE2D94F7Reoz1Eiq', NULL, NULL, '', NULL, 1, NULL, 0, NULL, NULL, 1, '2020-07-08 14:12:54', '2020-07-08 14:12:54'),
(231, '1594261317467', 'wisedad@wise.com', '$2a$10$CyOJ9InpDrD2HBXBOFAqous6OEITMYLXuEHwrUrWJy1OhaiFnuAVu', NULL, NULL, '', NULL, 1, NULL, 0, NULL, NULL, 1, '2020-07-09 02:21:57', '2020-07-10 23:31:53'),
(232, '1594271134868', 'vikas7@gmail.com', '$2a$10$/5T1BBcIQnqBIZDKpi9PeeZQAT45.irKz4jVfSXbjTwNgh9PzRRw.', NULL, NULL, '', NULL, 1, NULL, 0, NULL, NULL, 1, '2020-07-09 05:05:34', '2020-07-09 05:05:34'),
(233, '1594274349873', 'Guru@gmail.com', '$2a$10$.VlWmG2s.vXh5WeiMtRTnO5c7m5rEWsXMglPGIXqSuQvCWoWcCVP2', NULL, NULL, '', NULL, 1, NULL, 0, NULL, NULL, 1, '2020-07-09 05:59:09', '2020-07-09 05:59:09'),
(234, '1594274685817', 'byju@gmail.com', '$2a$10$Fm6Qpiy5CdfMYpBmI9Cw/..gtDEOQKfWyEkTGD8BCkw1Hhl9VWU/y', NULL, NULL, '', NULL, 1, NULL, 0, NULL, NULL, 1, '2020-07-09 06:04:45', '2020-07-09 06:04:45'),
(235, '1594275003597', 'byju1@gmail.com', '$2a$10$dGwL5FB9O4Di2HH7/o5VWOBv0Wgla4AzmYs1M3bTgBj3kSi1Az0nW', NULL, NULL, '', NULL, 1, NULL, 0, NULL, NULL, 1, '2020-07-09 06:10:03', '2020-07-09 06:37:30'),
(236, '1594276996061', 'reham@gmail.com', '$2a$10$8DDYloV/vSVX6S3oS/OXjuseOT26AepSpd3gJWf47XFcSGrSgdknK', NULL, NULL, '', NULL, 1, NULL, 0, NULL, NULL, 1, '2020-07-09 06:43:16', '2020-07-09 06:52:01'),
(237, '1594280178314', 'Digv@gmail.com', '$2a$10$kadhpe5cuBcPcf6X4h4ycO0neorfx35cOCTIvOuKHBwDMMQku8lxW', NULL, NULL, '', NULL, 1, NULL, 0, NULL, NULL, 1, '2020-07-09 07:36:18', '2020-07-09 07:58:18'),
(238, '1594281714420', 'bird@gmail.com', '$2a$10$URX3Z7RDN8FJnlM0L0ayyOfOsxEegrKDKeNXDko.LTOB0Xa0xDfMy', NULL, NULL, '', NULL, 1, NULL, 0, NULL, NULL, 1, '2020-07-09 08:01:54', '2020-07-09 09:24:48'),
(239, '1594286948224', 'maree@gmail.com', '$2a$10$9i6NxvEBZ.WHOVv0gU/gIuwfnxEg1Ie6jdb2UkMXWqX8btTCWi6xa', NULL, NULL, '', NULL, 1, NULL, 0, NULL, NULL, 1, '2020-07-09 09:29:08', '2020-07-09 09:31:11'),
(240, '1594287192211', 'warm@gmail.com', '$2a$10$iIgz1l75ZW8PgduTy.3VbeGnQdOIhjbQUCq12GR1sj343OtfedNk.', NULL, NULL, '', NULL, 1, NULL, 0, NULL, NULL, 1, '2020-07-09 09:33:12', '2020-07-09 12:06:39'),
(241, '1594296580984', 'meha@gmail.com', '$2a$10$sRN0biTkPTL/gnD1Vo0/J.9mWp7kJfeehV2VMuFJWDBUw1v.oVHRa', NULL, NULL, '', NULL, 1, NULL, 0, NULL, NULL, 1, '2020-07-09 12:09:40', '2020-07-09 12:14:43'),
(242, '1594297811172', 'nehah@gmail.com', '$2a$10$SW33KMtWZaZK2k0g1Y6XM.nZWeeC2s0VluXVxq.ewXM6hr/9YVH/a', NULL, NULL, '', NULL, 1, NULL, 0, NULL, NULL, 1, '2020-07-09 12:30:11', '2020-07-09 12:55:50'),
(243, '1594299587326', 'Buju@gmail.com', '$2a$10$6JLbXBsQ2LHyGuOMeXA3FeW0WYi4uAtsNuTdOTE9tfsUHp8M1wjEm', NULL, NULL, '', NULL, 1, NULL, 0, NULL, NULL, 1, '2020-07-09 12:59:47', '2020-07-09 12:59:47'),
(244, '1594299995739', 'virk@gmail.com', '$2a$10$FTUFyr3kcYw0duMjirVLS.EmaiQ0s5iT.ZenTrTIOBHb5PgQ6/L4K', NULL, NULL, '', NULL, 1, NULL, 0, NULL, NULL, 1, '2020-07-09 13:06:35', '2020-07-09 13:06:35'),
(245, '1594300252026', 'Bismal@gmail.com', '$2a$10$hLuQmP2YtNx2SweVpIUkqO1HOBLfUIHnv5WHTEPNfvyOTE58F7zKK', NULL, NULL, '', NULL, 1, NULL, 0, NULL, NULL, 1, '2020-07-09 13:10:52', '2020-07-09 13:18:53');
INSERT INTO `Accounts` (`id`, `public_id`, `email`, `password`, `avatar_id`, `otp`, `charity_id`, `reset_password_token`, `subscription_status`, `loginattempt`, `password_count`, `last_login_date`, `reset_password_date`, `status`, `createdAt`, `updatedAt`) VALUES
(246, '1594301354638', 'jishu@gmail.com', '$2a$10$t.H.rcqZkAkP5eM.GhBR9.Q1ZMeQUeL9BPV1fB2SofHA0AEoryKAy', NULL, NULL, '', NULL, 1, NULL, 0, NULL, NULL, 1, '2020-07-09 13:29:14', '2020-07-09 13:33:53'),
(247, '1594301770814', 'developer@gmail.com', '$2a$10$b.oAPqJlETz6CiNKUbNRYuKvDAPmpQpi6TWWQWYit5nh30YGKMeEG', NULL, NULL, '', NULL, 1, NULL, 0, NULL, NULL, 1, '2020-07-09 13:36:10', '2020-07-11 05:32:13'),
(248, '1594302331236', 'developer1@gmail.com', '$2a$10$MVsAZxenBVSnJTbnQr7xluTyNWlr.OIROoes0fTGsT8waLPjpImD2', NULL, NULL, '', NULL, 1, NULL, 0, NULL, NULL, 1, '2020-07-09 13:45:31', '2020-07-20 04:27:56'),
(249, '1594302564879', 'developer2@gmail.com', '$2a$10$9q.iy3VqYwh7GKt6L6JPj.Md/i0K5Gss1xk1bhHDKA8J/EDLSRCke', NULL, NULL, '', NULL, 1, NULL, 0, NULL, NULL, 1, '2020-07-09 13:49:24', '2020-07-09 13:49:24'),
(250, '1594351680698', 'dhejrd@dudhej.dhdjrj', '$2a$10$9O4wu2FOm/wg2z7yp6peCedQGODVQwxJxDu8D/8zc8Z64ia6U0g7S', NULL, NULL, '', NULL, 1, NULL, 0, NULL, NULL, 1, '2020-07-10 03:28:00', '2020-07-12 15:29:29'),
(251, '1594359069229', 'vinal@gmail.com', '$2a$10$eaBYB8nN3Zu70Rczlahu4.i0E5xFBNX0EbkSxA29CMSwj5vmL0f.e', NULL, NULL, '', NULL, 1, NULL, 0, NULL, NULL, 1, '2020-07-10 05:31:09', '2020-07-10 05:31:09'),
(252, '1594359350418', 'vinul@gmail.com', '$2a$10$Ydla7L.ueTxsRwvs9APB9.JF39qA9B8Oedx7MfXDdlyYkVNm82DLC', NULL, NULL, '', NULL, 1, NULL, 0, NULL, NULL, 1, '2020-07-10 05:35:50', '2020-07-10 05:35:50'),
(253, '1594359585431', 'virat@gmail.com', '$2a$10$ZP7KZ9lOFNGCPUOnztUTNu9PrVyKWzAG7AEFxdsLkehbY/xofg2Vm', NULL, NULL, '', NULL, 1, NULL, 0, NULL, NULL, 1, '2020-07-10 05:39:45', '2020-07-10 07:19:05'),
(254, '1594364430704', 'p@gmail.com', '$2a$10$JWMMoMFTftKMYoMLwtluhOFe0EMHW8yworua3PgBQBqZhbdp2it32', NULL, NULL, '8,6', NULL, 1, NULL, 0, NULL, NULL, 1, '2020-07-10 07:00:30', '2020-07-14 11:48:37'),
(255, '1594365644978', 'Mehar@gmail.com', '$2a$10$XFUKDWkjfjAc/LUz.mzr4eOV5AtvCk0.gOMB9.tAAcoBmUh/RCK.u', NULL, NULL, '', NULL, 1, NULL, 0, NULL, NULL, 1, '2020-07-10 07:20:44', '2020-07-10 07:20:44'),
(256, '1594365996840', 'meni@gmail.com', '$2a$10$TPh4hlizbkZOMyyyV5esqu6tqcWDWjclzALBOWdl/fm7hC/R5na2a', NULL, NULL, '', NULL, 1, NULL, 0, NULL, NULL, 1, '2020-07-10 07:26:36', '2020-07-10 07:26:36'),
(257, '1594368390936', 'nina@gmail.com', '$2a$10$MTkwOUdQyz.iAenWmbINtuvHu2e5MN2vKEC7PdwlrN82kxQwoqN46', NULL, NULL, '', NULL, 1, NULL, 0, NULL, NULL, 1, '2020-07-10 08:06:30', '2020-07-10 08:15:19'),
(258, '1594369012902', 'live@gmail.com', '$2a$10$fk0pr1koa4t3Ti2s0NhT.eZuy1C0OqNiyNVwvA9grFwy3yWwjBfZm', NULL, NULL, '', NULL, 1, NULL, 0, NULL, NULL, 1, '2020-07-10 08:16:52', '2020-07-10 08:19:35'),
(259, '1594369305134', 'Livk@gmail.com', '$2a$10$xuclSo5uqlPumytQ7bSxfeCXYeTqIPamdlcS7eDo5pa9dt294K4yW', NULL, NULL, '', NULL, 1, NULL, 0, NULL, NULL, 1, '2020-07-10 08:21:45', '2020-07-10 08:32:48'),
(260, '1594370084736', 'give@gmail.com', '$2a$10$hZZqbnXZvXW8o7flgAa6P.RNiiTBtsBflA8yYV7PdlP2om7w2qaMi', NULL, NULL, '', NULL, 1, NULL, 0, NULL, NULL, 1, '2020-07-10 08:34:44', '2020-07-10 09:11:32'),
(261, '1594370914960', 'niti@gmail.com', '$2a$10$rPoh2BiHvSv2yC/QFwctoe9b1MKjopcW2rIFdUU.i2Ch2o4ZTAn6q', NULL, NULL, '', NULL, 1, NULL, 0, NULL, NULL, 1, '2020-07-10 08:48:34', '2020-07-10 10:01:12'),
(262, '1594373473013', 'vinay@t.com', '$2a$10$q2e8bPxSTM4Ve9DKXl6a/O7Dxt6ozBLOLr7R8duyu.eT2n5oa369m', NULL, NULL, '8', NULL, 1, NULL, 0, NULL, NULL, 1, '2020-07-10 09:31:13', '2020-07-10 09:55:45'),
(263, '1594375019103', 'anoop@t.in', '$2a$10$jVGnv1xb2QJCXLUFPQjADOpApG/ETjhVXPuaEp1ZFnhZA3jSR7nOi', NULL, NULL, '8', NULL, 1, 1594630312, 3, NULL, NULL, 1, '2020-07-10 09:56:59', '2020-07-13 08:46:52'),
(264, '1594375353801', 'griz@gmail.com', '$2a$10$45k1rd9T1Zf/wJdxNiPOIeSI0acYTh5FvnLYpDlRcL.qXWedMAMSO', NULL, NULL, '', NULL, 1, NULL, 0, NULL, NULL, 1, '2020-07-10 10:02:33', '2020-07-10 10:02:33'),
(265, '1594379861879', 'sfs.navjot19@gmail.com', '$2a$10$AktidVBVefeK9SZLqsy.U.gH31sSn22rVS2d3xNaohpEf7gPnb0Gu', NULL, NULL, '', NULL, 1, NULL, 0, NULL, NULL, 1, '2020-07-10 11:17:41', '2020-07-27 09:43:30'),
(266, '1594385574218', 'bina@gmail.com', '$2a$10$cys/o5YvyUfPLYftTemmxOpRaUzXDXYQwqgOE64C5bTllTrAWGlA.', NULL, NULL, '8,8,6', NULL, 1, NULL, 0, NULL, NULL, 1, '2020-07-10 12:52:54', '2020-07-10 13:10:55'),
(267, '1594388146769', 'jinu@gmail.com', '$2a$10$pBPfw3pBK4Lh4eyBzQplR.prlLgM3LPuhHMfNHsvxdHkkGZX6MBjO', NULL, NULL, '', NULL, 1, NULL, 0, NULL, NULL, 1, '2020-07-10 13:35:46', '2020-07-10 13:35:46'),
(268, '1594388632511', 'minu@gmail.com', '$2a$10$AYASgKwjnLfKBw2ca6J7cO7gs6agYaJG8GYwtsRpx0K9ctBR7trIC', NULL, NULL, '', NULL, 1, NULL, 0, NULL, NULL, 1, '2020-07-10 13:43:52', '2020-07-10 13:49:01'),
(269, '1594388997627', 'sisk@gmail.com', '$2a$10$PkS6RhD2BpbBSJP35yZV9.lFFz.rrELDBJtpF/IVf9DU8Ud7bODue', NULL, NULL, '', NULL, 1, NULL, 0, NULL, NULL, 1, '2020-07-10 13:49:57', '2020-07-10 13:58:34'),
(270, '1594390237700', 'blue@gmail.com', '$2a$10$snwOiLkCxIPj.Zhp36QN4Ot3OZDFbS.Y6ybQoOdYoTJmy.68ZXTE.', NULL, NULL, '', NULL, 1, NULL, 0, NULL, NULL, 1, '2020-07-10 14:10:37', '2020-07-10 14:20:42'),
(271, '1594390938777', 'Black@gmail.com', '$2a$10$8DBRLFSEWL6L/qzH/J6AuuApx8rx8qdV6pHUpWdwpeF00xLPJ9Um6', NULL, NULL, '', NULL, 1, NULL, 0, NULL, NULL, 1, '2020-07-10 14:22:18', '2020-07-11 04:44:28'),
(272, '1594424377119', 'yhygyby@hdhdhe.djdjdje', '$2a$10$9BkwaYnJK0WkzUKgfj7ktOwLKV6RmIuT0o7bzdCw0EtzRrxAlEbjS', NULL, NULL, '6,5', NULL, 1, NULL, 0, NULL, NULL, 1, '2020-07-10 23:39:37', '2020-07-10 23:39:37'),
(273, '1594427595886', 'jvyyjvjyv@ughgh.ughg', '$2a$10$3gY9CtOKWtY5VwGhVymZGuDVqWrGKmGMdyTAo5DqygEH3Kk6oebPy', NULL, NULL, '6', NULL, 1, NULL, 0, NULL, NULL, 1, '2020-07-11 00:33:15', '2020-07-13 02:41:37'),
(274, '1594442864692', 'kmc@gmail.com', '$2a$10$6me6NprqpOEc.v1hYgwUbOA5/G9m.m5rRYeMdmn2IlmzzDKsx2DhO', NULL, NULL, '', NULL, 1, NULL, 0, NULL, NULL, 1, '2020-07-11 04:47:44', '2020-07-11 05:02:36'),
(275, '1594443460526', 'km@gmail.com', '$2a$10$fGFnAIOuUrFT2ohxSZeZpethQcwuxbIxqMTcbctm0TtgU188b/dzK', NULL, NULL, '', NULL, 1, NULL, 0, NULL, NULL, 1, '2020-07-11 04:57:40', '2020-07-11 04:57:40'),
(276, '1594447495839', 'any@gmail.com', '$2a$10$4j4I98vVGCMXiNr2e7jpa.Yg1hV1QTDsDqlUThLptgqkAdBiiqz3W', NULL, NULL, '6,6,5,6', NULL, 1, NULL, 0, NULL, NULL, 1, '2020-07-11 06:04:55', '2020-07-11 06:07:43'),
(277, '1594448320812', 'binn@gmail.com', '$2a$10$OepO7Tcmi.4kILotxG1a0.HeEuPjraK0/8wEP9UO8PLxOOtSTc6Rm', NULL, NULL, '', NULL, 1, NULL, 0, NULL, NULL, 1, '2020-07-11 06:18:40', '2020-07-11 08:02:43'),
(278, '1594450343572', 'ggg@gmail.com', '$2a$10$8bBT.rOtkXkJVOGPuUTw.OMaOoalqnR2wm2lReHBnjAYyKk5DWBUm', NULL, NULL, '5', NULL, 1, NULL, 2, NULL, NULL, 1, '2020-07-11 06:52:23', '2020-07-11 07:06:36'),
(279, '1594452451561', 'sfs.chitesh20@gmail.com', '$2a$10$.7HAE7W2aKNs/qJLXlP/reC6drqQ3sDYtgJDgoHaj4Byz322qLSFO', NULL, NULL, '8', NULL, 1, NULL, 0, NULL, NULL, 1, '2020-07-11 07:27:31', '2020-07-24 07:59:40'),
(280, '1594452560924', 'nano@gmail.com', '$2a$10$5GW3uA.C0OJsfAnCIH4bI.vmRkiCl5bE2GIq/kiBf0BcOPgkZ8ysy', NULL, NULL, '', NULL, 1, NULL, 0, NULL, NULL, 1, '2020-07-11 07:29:20', '2020-07-11 09:27:29'),
(281, '1594454634376', 'open@gmail.com', '$2a$10$f1Zhoon3vJpc6G422gqgbOLT.fqMQNKzIRomlpB9wRh3l9AaxxCnm', NULL, NULL, '', NULL, 1, NULL, 0, NULL, NULL, 1, '2020-07-11 08:03:54', '2020-07-11 08:18:43'),
(282, '1594457144532', 'ashii@gmail.com', '$2a$10$4IwQg69rTxD9TKHxt91M3OHdlSxGHr6147IKQB7u0YFTfH47f9S6C', NULL, NULL, '', NULL, 1, NULL, 0, NULL, NULL, 1, '2020-07-11 08:45:44', '2020-07-11 09:47:43'),
(283, '1594458719335', 'lili@gmail.com', '$2a$10$voLAnxWOAxZrs7yktRvFuu32SZPQVi17jI7QB8dNjaUR2NpF7Q/J6', NULL, NULL, '', NULL, 1, NULL, 0, NULL, NULL, 1, '2020-07-11 09:11:59', '2020-07-11 09:11:59'),
(284, '1594460997103', 'para@gmail.com', '$2a$10$BUSR9Ol3ahwEVob8lLzgE.7bZwfbbDn3bDTwYXOQ7IYM3S6H7ceHy', NULL, NULL, '', NULL, 1, NULL, 0, NULL, NULL, 1, '2020-07-11 09:49:57', '2020-07-11 10:10:40'),
(285, '1594462315216', 'dog@gmail.com', '$2a$10$ATAwp9VxjQahP/wSJ4.65OTDM.18jysgok55rV8FmA1Y/mL9w4K4G', NULL, NULL, '6,6,8,6,8,5,6,8,5,4,6,8,4,8,4,8', NULL, 1, NULL, 0, NULL, NULL, 1, '2020-07-11 10:11:55', '2020-07-11 12:41:17'),
(286, '1594463358512', 'k@gmail.com', '$2a$10$xzfL3l5qfeL3RSwmDp6k9epbVSHW7VAnrNEUMrouiHfQoVoM/plBm', NULL, NULL, '', NULL, 1, NULL, 0, NULL, NULL, 1, '2020-07-11 10:29:18', '2020-07-11 11:32:55'),
(287, '1594464177888', 'lilo@gmail.com', '$2a$10$ipaOhjzFUmHHP1dMez6DtuZzIELgYEZ9b7Pif8OSsYiocXCXPBpkm', NULL, NULL, '', NULL, 1, NULL, 0, NULL, NULL, 1, '2020-07-11 10:42:57', '2020-07-11 10:42:57'),
(288, '1594465040503', 'kaw@gl.com', '$2a$10$8ff5a2qMHVZabBuCnghEIO0SMPOjUg9Ej0MpbRTZcfxgeHZu845iG', NULL, NULL, '', NULL, 1, NULL, 0, NULL, NULL, 1, '2020-07-11 10:57:20', '2020-07-11 10:59:18'),
(289, '1594465684422', 'lol@gmail.com', '$2a$10$GTUFRHJC3sZ7QNuFRNrVXu2kF0qi/zqroy.smIwhCsmrBRPiyXWOC', NULL, NULL, '6', NULL, 1, NULL, 0, NULL, NULL, 1, '2020-07-11 11:08:04', '2020-07-11 13:40:02'),
(290, '1594467194462', 'ajay@t.com', '$2a$10$o5i39WMgdv0O.7ZmLcrMseIbBilQ5QqeEpH.MnR9QqZbilTU3MQCK', NULL, NULL, '6', NULL, 1, NULL, 0, NULL, NULL, 1, '2020-07-11 11:33:14', '2020-07-11 11:56:47'),
(291, '1594467564822', 'chb@gmail.com', '$2a$10$5oSxD9AFmS48Ul4tzya5UuNqMotxwxuiRgYz0PKokSz7o3X3AigdW', NULL, NULL, '', NULL, 1, NULL, 0, NULL, NULL, 1, '2020-07-11 11:39:24', '2020-07-11 11:39:24'),
(292, '1594467769113', 'Jazz@gmail.com', '$2a$10$ev1Bmxafuilk7hxejaBVhOA92vuvUQ3cp.S2HqHR4x2zEVvLN8Q3K', NULL, NULL, '', NULL, 1, NULL, 0, NULL, NULL, 1, '2020-07-11 11:42:49', '2020-07-11 11:44:34'),
(293, '1594468019389', 'raina@gmail.com', '$2a$10$NI/9WwWfJtTGoG6xukgEkO4hV9KeW0mbY3Vrn7TP2x/Syqk1Kjxqe', NULL, NULL, '', NULL, 1, NULL, 0, NULL, NULL, 1, '2020-07-11 11:46:59', '2020-07-11 12:17:41'),
(294, '1594468653520', 'ctt@gmail.com', '$2a$10$A2pDnihN1II0gnDaPFj31eZJw4JQ/ja4NZoqmVs40xTQpzLRRQS0y', NULL, NULL, '', NULL, 1, NULL, 0, NULL, NULL, 1, '2020-07-11 11:57:33', '2020-07-11 12:00:29'),
(295, '1594468900270', 'ggy@gmail.com', '$2a$10$23bCDhgCGgjGOJksdxCZ8.sa1kX89bKWyKFvxckcqIQreipp2qv4e', NULL, NULL, '6', NULL, 1, NULL, 0, NULL, NULL, 1, '2020-07-11 12:01:40', '2020-07-11 12:13:31'),
(296, '1594469946854', 'ice@gmail.com', '$2a$10$WmbJc8qsXL/eqRPLx3DDDuCW4mkKIWCrfGY4QIZe3cha20MlWLnIO', NULL, NULL, '8,8,6,8,6,5', NULL, 1, NULL, 0, NULL, NULL, 1, '2020-07-11 12:19:06', '2020-07-11 12:24:10'),
(297, '1594471138866', 'name@gmail.com', '$2a$10$cywcHPsFws778TAN30nib.is5lH9u86nXp9YVJuRMojyWkrIejjQi', NULL, NULL, '', NULL, 1, NULL, 0, NULL, NULL, 1, '2020-07-11 12:38:58', '2020-07-11 12:38:58'),
(298, '1594471461513', 'chh@gmail.com', '$2a$10$wH9oyUZEmoiEeKaNBIiLuuNlOcMoQLxMB4sr0yYWe1IXLDO2KuT6i', NULL, NULL, '', NULL, 1, NULL, 1, NULL, NULL, 1, '2020-07-11 12:44:21', '2020-07-11 12:46:34'),
(299, '1594473231628', 'mobile@gmail.com', '$2a$10$aRKDWGEq6mfj.dgCT3UPYeOaHox7yuYNyb8yaLkUSUkYjJrv/2OJG', NULL, NULL, '4', NULL, 1, NULL, 0, NULL, NULL, 1, '2020-07-11 13:13:51', '2020-07-11 13:22:50'),
(300, '1594473990332', 'Vikase@gmail.com', '$2a$10$/2YnHkpAk.FGgQqSB.9hlelwFhJslYr5GkhS3i/EiZqa6Cg8Motvy', NULL, NULL, '', NULL, 1, NULL, 0, NULL, NULL, 1, '2020-07-11 13:26:30', '2020-07-11 13:30:23'),
(301, '1594474275869', 'tums@gmail.com', '$2a$10$90vqdKAGXs9ALbYyA.2G.ewoxWCK6nbwI5FjqlhzLAEclbgY2Xl6u', NULL, NULL, '', NULL, 1, NULL, 0, NULL, NULL, 1, '2020-07-11 13:31:15', '2020-07-11 13:31:15'),
(302, '1594474665202', 'ggyy@gmail.com', '$2a$10$tph0O350w6Pd6pnR0nYWOe2URXHGiHCbzhv2cl2EebxTVfrQzTbua', NULL, NULL, '', NULL, 1, NULL, 0, NULL, NULL, 1, '2020-07-11 13:37:45', '2020-07-11 13:37:45'),
(303, '1594475053057', 'ttt@gmail.com', '$2a$10$gqArM.zFyw11Nce5F3.2UuSAAZT99tc2INRiqZH8ULft1GlziWH1m', NULL, NULL, '', NULL, 1, NULL, 0, NULL, NULL, 1, '2020-07-11 13:44:13', '2020-07-11 13:44:13'),
(304, '1594475366691', 'eferw@gmail.com', '$2a$10$FTCtL1ragP.led/ELDwOk.oBKPgmX/dcPCaAWWr11HwxMVO/7mosi', NULL, NULL, '1,2', NULL, 1, NULL, 0, NULL, NULL, 1, '2020-07-11 13:49:26', '2020-07-11 13:49:26'),
(305, '1594476144595', 'tggh@gmail.com', '$2a$10$QPtD4qwiAxYT5PDIEIKkSO2ihudaMKrMa6MAyDDdwHz7vZsdSIoMa', NULL, NULL, '', NULL, 1, NULL, 0, NULL, NULL, 1, '2020-07-11 14:02:24', '2020-07-11 14:45:08'),
(306, '1594477786296', 'kcm@gmail.com', '$2a$10$rCpMGmbH8WHAzMNj2uef..247Q9kvRCf2lfkuYj4njswQWOwaKhzC', NULL, NULL, '', NULL, 1, NULL, 0, NULL, NULL, 1, '2020-07-11 14:29:46', '2020-07-11 14:33:36'),
(307, '1594478173681', 'fox@gmail.com', '$2a$10$F0fV4a4uHoay56pE8KdDGObQZEWSDwk4mkeXWgcmxfS84bnit24ly', NULL, NULL, '', NULL, 1, NULL, 0, NULL, NULL, 1, '2020-07-11 14:36:13', '2020-07-11 14:38:06'),
(308, '1594478374605', 'vinn@gmail.com', '$2a$10$tzDefZxXnmA051ASHx1/N.3aMYOyyFu2gIrVvmi.Hm4Cm61a4Uh9C', NULL, NULL, '', NULL, 1, NULL, 0, NULL, NULL, 1, '2020-07-11 14:39:34', '2020-07-11 14:46:59'),
(309, '1594478472904', 'ios@gmail.com', '$2a$10$zby80B5Jd6bSaMMvd9tmXe4SMd3ieRS7/HSt79afuZ.XNMuTApa6q', NULL, NULL, '8,6', NULL, 1, NULL, 0, NULL, NULL, 1, '2020-07-11 14:41:12', '2020-07-11 15:15:05'),
(310, '1594478882375', 'kinn@gmail.com', '$2a$10$ReXaFovOuewmKx99OftG9O8ojVpyTPeTnsIBxTV.5Sb/YS4NFro4S', NULL, NULL, '', NULL, 1, NULL, 0, NULL, NULL, 1, '2020-07-11 14:48:02', '2020-07-11 14:48:59'),
(311, '1594479097828', 'jimt@gmail.com', '$2a$10$acCWCKzwF.svyuYay62PcubadHENFOsiovXZjMvadPlcD1sTHFljW', NULL, NULL, '', NULL, 1, 1594479463, 3, NULL, NULL, 1, '2020-07-11 14:51:37', '2020-07-11 14:52:43'),
(312, '1594479559686', 'lujj@gmail.com', '$2a$10$kgQ/cgdSi2ahhWJpnwHkMuxR7eld.k/oaAXRFu7dAa.E2wvbHr9wu', NULL, NULL, '', NULL, 1, NULL, 0, NULL, NULL, 1, '2020-07-11 14:59:19', '2020-07-11 15:08:28'),
(313, '1594481698520', 'tt@gmail.com', '$2a$10$nAb799bdJjNr7wIZU5vw0uc.G8er24G2gKQf47PtVRCEZyf8anLw2', NULL, NULL, '', NULL, 1, NULL, 0, NULL, NULL, 1, '2020-07-11 15:34:58', '2020-07-11 15:36:01'),
(314, '1594482378490', '67@gmail.com', '$2a$10$//bAhaTrSA7.jthLBGCW3ucAwBDYma.ZW92u3ZK5MOI5MN6Oc.mai', NULL, NULL, '5', NULL, 1, NULL, 0, NULL, NULL, 1, '2020-07-11 15:46:18', '2020-07-11 16:51:33'),
(315, '1594482920726', 'raveechauhan10@gmail.com', '$2a$10$xuQWMbZ8l19x5rzpl4blt.08FtT7rCN8dh0JDWEPScMYir71LRYY2', NULL, NULL, '8,6', NULL, 1, NULL, 0, NULL, NULL, 1, '2020-07-11 15:55:20', '2020-07-11 16:06:10'),
(316, '1594568367212', 'aa@aa.aa', '$2a$10$rvnX8WO4NwjwZuSZDncl8Oc9qAL0fr.D8PzUEswV1cOOpudHNVO3K', NULL, 1234, '', NULL, 1, NULL, 0, NULL, NULL, 1, '2020-07-12 15:39:27', '2020-07-16 22:28:53'),
(317, '1594581852960', 'ab@aa.aa', '$2a$10$pbhZcJbA7CysaQ8.N6NsoOWWUi829Ct8pHot5fakU0NR8oDQmvJU.', NULL, 1234, '6', NULL, 1, 1594776872, 3, NULL, NULL, 1, '2020-07-12 19:24:12', '2020-07-15 01:29:32'),
(318, '1594592457560', 'Bob_Cheese@blah.com', '$2a$10$cYZrMaUWmZuCaylUo.hHQOEaz5KF.A3i3UUz61WAhguu8redoUkEm', NULL, NULL, '', NULL, 1, NULL, 0, NULL, NULL, 1, '2020-07-12 22:20:57', '2020-07-23 23:13:16'),
(319, '1594608254116', 'ac@aa.aa', '$2a$10$8rn57kK.hDduaPUqRLgZMOaclypz31rfWHjtIsBfu6rZkdwatRHPq', NULL, NULL, '6', NULL, 1, NULL, 2, NULL, NULL, 1, '2020-07-13 02:44:14', '2020-07-16 22:29:54'),
(320, '1594618199145', 'clis@gmail.com', '$2a$10$s1BO9DRnd4pGQWujMZ1r1OF4EX8NfZVDWudlWsfmT7H1ObuS7mS0m', NULL, NULL, '', NULL, 1, NULL, 0, NULL, NULL, 1, '2020-07-13 05:29:59', '2020-07-13 05:38:15'),
(321, '1594620781327', 'vikas1@gmail.com', '$2a$10$tVdanB7TZ3A/FWw3/Vsi0.KxKh5g6.c8BOIM6rYNrYqRHuDGZoxAm', NULL, NULL, '', NULL, 1, NULL, 0, NULL, NULL, 1, '2020-07-13 06:13:01', '2020-07-13 06:16:22'),
(322, '1594621196249', 'lilz@gmail.com', '$2a$10$q1YDD9wpcQlOgf9/92LRSOsrI8YeGXDFgFN5BgGhErUuFr4A1rjy6', NULL, NULL, '', NULL, 1, NULL, 0, NULL, NULL, 1, '2020-07-13 06:19:56', '2020-07-13 06:27:27'),
(323, '1594621710519', 'vilz@gmail.com', '$2a$10$4KjGF/hi8bsWau0gkwtDd.GswyA7Do.mIBepx5LXYpaOxFH2WOdRG', NULL, NULL, '', NULL, 1, NULL, 0, NULL, NULL, 1, '2020-07-13 06:28:30', '2020-07-13 09:46:09'),
(324, '1594622287687', 'parentOne@gmail.com', '$2a$10$L//KEsh3PBeNH06tmtCAyuL2XRoAjbeCQIczGCgztRruysG7v6MGm', NULL, NULL, '', NULL, 1, NULL, 0, NULL, NULL, 1, '2020-07-13 06:38:07', '2020-07-13 06:38:07'),
(325, '1594622532947', 'par11@gmail.com', '$2a$10$fdhXozM8bs5wChIsBjazLOu4zPDUMUAB4vGXaktlIDVBY7ZIzaXO6', NULL, NULL, '', NULL, 1, NULL, 0, NULL, NULL, 1, '2020-07-13 06:42:12', '2020-07-13 06:42:12'),
(326, '1594624261745', 'test@mail.com', '$2a$10$/zyFFvmT6.oHfHksp8JEPOzTNUh.ywY95RFfY4zej2RdV7lDN3LhO', NULL, NULL, '', NULL, 1, NULL, 0, NULL, NULL, 1, '2020-07-13 07:11:01', '2020-07-13 07:54:34'),
(327, '1594630356746', 'carrom@gmail.com', '$2a$10$BtbxMvCeIIMzyOQKqwS75eyfacpymBcS/QwKCmIcdevi/qu6MW/Eu', NULL, NULL, '', NULL, 1, NULL, 0, NULL, NULL, 1, '2020-07-13 08:52:36', '2020-07-13 09:16:19'),
(328, '1594631949313', 'bliss@gmail.com', '$2a$10$J5d4uBvtkUrP23ka1U7ac.5XsONkE65KFryc5J5gT3wnuSPeiK8Ia', NULL, NULL, '', NULL, 1, NULL, 0, NULL, NULL, 1, '2020-07-13 09:19:09', '2020-07-13 10:00:20'),
(329, '1594635441778', 'rishi@gmail.com', '$2a$10$aEuCe71W6kMsQZhSdICNfuzcgRKDlEbTF8GBt51cxxqQDCuRZskES', NULL, NULL, '', NULL, 1, NULL, 0, NULL, NULL, 1, '2020-07-13 10:17:21', '2020-07-13 10:45:20'),
(330, '1594637210724', 'rishu@gmail.com', '$2a$10$2E2RVElHBG5dvMH6S3PAJ.VmNZ1mfR5gf4xAZdi4qDUAQbua2ODL6', NULL, NULL, '', NULL, 1, NULL, 0, NULL, NULL, 1, '2020-07-13 10:46:50', '2020-07-13 10:52:36'),
(331, '1594637776793', 'ronee@gmail.com', '$2a$10$hWgsmNSXBEvSZkbtM54GR.QBeEbxeeu6cWJwaYkP7vvcZizF37Gw.', NULL, NULL, '', NULL, 1, NULL, 0, NULL, NULL, 1, '2020-07-13 10:56:16', '2020-07-13 11:03:59'),
(332, '1594638381524', 'bars@gmail.com', '$2a$10$G0X0NcfWE8kIqzuGpDcL6.t/ARaXScsN8hReirvK5HnGTDoQuEW2K', NULL, NULL, '', NULL, 1, NULL, 0, NULL, NULL, 1, '2020-07-13 11:06:21', '2020-07-13 11:11:32'),
(333, '1594638815976', 'openn@gmail.com', '$2a$10$hvMiCdSlcoVhxaEYeqyPA.xzTMlQJ9/ZLBvCdOx8hzM/I/4DTkN0u', NULL, NULL, '', NULL, 1, NULL, 0, NULL, NULL, 1, '2020-07-13 11:13:35', '2020-07-13 11:17:38'),
(334, '1594639191847', 'virr@gmail.com', '$2a$10$oq1wZw3palraXowXq.PuZ.4vhpddplc07kryj52eKMI12wBaneFw.', NULL, NULL, '', NULL, 1, NULL, 0, NULL, NULL, 1, '2020-07-13 11:19:51', '2020-07-14 05:58:19'),
(335, '1594644622568', 'bee@gmail.com', '$2a$10$1VYSrGerjE0GiMNUc.geYujOa7PA/xao3IEdCXQgqSsJ04bRc4TFi', NULL, NULL, '', NULL, 1, NULL, 0, NULL, NULL, 1, '2020-07-13 12:50:22', '2020-07-13 13:02:15'),
(336, '1594645504791', 'zee@gmail.com', '$2a$10$n9X4RTj0gFluHCEv0h7GLO9/dctKfQA7zMOzyU29/rrQlo/voHFIG', NULL, NULL, '', NULL, 1, NULL, 0, NULL, NULL, 1, '2020-07-13 13:05:04', '2020-07-13 13:09:22'),
(337, '1594646082607', 'live123@gmail.com', '$2a$10$FWJK32EQvQTmsY9SIY7VT.0OZnwdwD/B7YaqoYrkBp05zrQxjnQDm', NULL, NULL, '', NULL, 1, NULL, 0, NULL, NULL, 1, '2020-07-13 13:14:42', '2020-07-14 06:18:38'),
(338, '1594707616529', 'prem@gmail.com', '$2a$10$K4iXASlEIHvgaAtcFdAXw.JkxmeEzP4VIZZHvOH4SBhCooyOEHPhO', NULL, NULL, '', NULL, 1, NULL, 0, NULL, NULL, 1, '2020-07-14 06:20:16', '2020-07-14 06:24:53'),
(339, '1594707998599', 'sara@gmail.com', '$2a$10$ky3bTvQ0y0Tv3fFcs.uaTumtqwcR65DNdinZQ.mVQo78xpuAe.fzy', NULL, NULL, '', NULL, 1, NULL, 0, NULL, NULL, 1, '2020-07-14 06:26:38', '2020-07-14 06:26:38'),
(340, '1594708486637', 'kill@gmail.com', '$2a$10$pFKLRSNHNVjHa05VYoaxieg0BsPwfDOeJWWtVJh9Eq0FqSdaJZHiK', NULL, NULL, '', NULL, 1, NULL, 0, NULL, NULL, 1, '2020-07-14 06:34:46', '2020-07-14 06:36:24'),
(341, '1594708690882', 'zig@gmail.com', '$2a$10$aH0QITcImjOQ/t3LCAFOF.1UQs/mZSe0KpYPyBIUgXq5GM62C04F6', NULL, NULL, '', NULL, 1, NULL, 0, NULL, NULL, 1, '2020-07-14 06:38:10', '2020-07-14 06:40:14'),
(342, '1594708896293', 'zag@gmail.com', '$2a$10$ZO5ZwmhuajDra8BXg4P5Fei6N0SR14orRVE5yc6TcqrSCIgK2db6O', NULL, NULL, '', NULL, 1, NULL, 0, NULL, NULL, 1, '2020-07-14 06:41:36', '2020-07-14 06:43:01'),
(343, '1594709080824', 'tag@gmail.com', '$2a$10$dT7TrfbNcM/2mSoukiC0nuZXOZU.us2oYyAxnPuaVBpG/Kw8zXeiK', NULL, NULL, '', NULL, 1, NULL, 0, NULL, NULL, 1, '2020-07-14 06:44:40', '2020-07-14 06:46:36'),
(344, '1594709333383', 'tagg@gmail.com', '$2a$10$3XjDH3sij9MfNUWoK1eWqun8bqX58zmF10S2FKll8GwmPkJqadwuq', NULL, NULL, '', NULL, 1, NULL, 0, NULL, NULL, 1, '2020-07-14 06:48:53', '2020-07-14 06:52:10'),
(345, '1594709684810', 'Zagg@gmail.com', '$2a$10$mcx.4HrxaAcZ3hFPzpa/h./.5uyK8fAqTewHafpWL8Zj8UDpZz0IC', NULL, NULL, '', NULL, 1, NULL, 0, NULL, NULL, 1, '2020-07-14 06:54:44', '2020-07-14 06:57:21'),
(346, '1594716109822', 'chur@gmail.com', '$2a$10$lKkgp1.hQWdFkdU1F1A/WuqyPN0ZxUTmcbSq8X3KYMxePrfUB4aie', NULL, NULL, '', NULL, 1, NULL, 0, NULL, NULL, 1, '2020-07-14 08:41:49', '2020-07-14 09:03:58'),
(347, '1594717529982', 'peter@gmail.com', '$2a$10$hVy1MXBNebM8Y5zU6AyXluchZM5/TNZr.BXs87mGe7VB9yFPC4jKC', NULL, NULL, '', NULL, 1, NULL, 0, NULL, NULL, 1, '2020-07-14 09:05:29', '2020-07-14 09:42:37'),
(348, '1594719828236', 'cheat@gmail.com', '$2a$10$ZG9b/Vh9LX40sO97Yv5Ejeam8B8IQbhUX/rl/E7ugqjdvoo7ImZJC', NULL, NULL, '', NULL, 1, NULL, 0, NULL, NULL, 1, '2020-07-14 09:43:48', '2020-07-14 09:50:47'),
(349, '1594720048585', 'vv@gmail.com', '$2a$10$AOnJAmOlVjJ3atXCNGhqcuZvKu0DLWW5HMh.PuW8Kgd3GIM/GH5Vm', NULL, NULL, '', NULL, 1, NULL, 0, NULL, NULL, 1, '2020-07-14 09:47:28', '2020-07-17 08:13:25'),
(350, '1594720921662', 'pina@gmail.com', '$2a$10$wCx5CC/xtYb.sWz53A/WHeMhLJ7Lo.I5u6nzS0HM3ocG6BZy3XbjO', NULL, NULL, '', NULL, 1, NULL, 0, NULL, NULL, 1, '2020-07-14 10:02:01', '2020-07-14 10:27:03'),
(351, '1594726865678', 'hinge@gmail.com', '$2a$10$5gIkZgwXnWOD/fQApfv4a.u1w/mqO29jIFGXQg.1KjAqrJNCHQpKy', NULL, NULL, '', NULL, 1, NULL, 0, NULL, NULL, 1, '2020-07-14 11:41:05', '2020-07-14 11:59:01'),
(352, '1594728018308', 'milz@gmail.com', '$2a$10$sAHA9./OWZVMLIMbMAu9ieB090qcorUUR3QjBqfsJM/Mgi6TCC1NO', NULL, NULL, '', NULL, 1, NULL, 0, NULL, NULL, 1, '2020-07-14 12:00:18', '2020-07-14 12:14:04'),
(353, '1594728406457', 'aa@gmail.com', '$2a$10$Tf2XH4yEfY7j14Cq22SeW.TTwRIGpX9bxa4Y2Kheqm30qIHluuLbi', NULL, NULL, '', NULL, 1, NULL, 0, NULL, NULL, 1, '2020-07-14 12:06:46', '2020-07-24 07:29:26'),
(354, '1594728977172', 'hrx@gmail.com', '$2a$10$SWT..FZvs.oKS.zgQz2l4efin9kHTXUPZTiGriBy2REO/6SHY733i', NULL, NULL, '', NULL, 1, NULL, 0, NULL, NULL, 1, '2020-07-14 12:16:17', '2020-07-14 12:31:56'),
(355, '1594730008036', 'nick@gmail.com', '$2a$10$j36mSA5rfGgV1cpQfIZ9F.r5Ns0pjzG0hLsm1ijtwXcuWkgPD3rP6', NULL, NULL, '', NULL, 1, NULL, 0, NULL, NULL, 1, '2020-07-14 12:33:28', '2020-07-14 13:10:19'),
(356, '1594731472595', 'yy@gmail.com', '$2a$10$96U.7O8uFQvredA2FGe8Y.JbIMPU7UOwbgXrGVq/MB/Zo.rV7t5LW', NULL, NULL, '', NULL, 1, NULL, 0, NULL, NULL, 1, '2020-07-14 12:57:52', '2020-07-14 12:57:52'),
(357, '1594731574009', 'virus@gmail.com', '$2a$10$z3Vdge9MXtMDdIHL8vA02.vlror/WrG2buM9JW6agja8O5IqbfptW', NULL, NULL, '', NULL, 1, NULL, 0, NULL, NULL, 1, '2020-07-14 12:59:34', '2020-07-14 13:22:36'),
(358, '1594732357185', 'html@gmail.com', '$2a$10$fB88tEsbJDGuYvK1VRhMcugG3yK9RWwo6p7IrkgMahKFGgQeqBh3S', NULL, NULL, '', NULL, 1, NULL, 0, NULL, NULL, 1, '2020-07-14 13:12:37', '2020-07-14 13:20:23'),
(359, '1594732913113', 'binary@gmail.com', '$2a$10$pYCdhe6Q9NDfZL9dgHMtNeEpOyHCKDDUV.YJAcrnsGZB4rlWZOzKm', NULL, NULL, '', NULL, 1, NULL, 0, NULL, NULL, 1, '2020-07-14 13:21:53', '2020-07-14 13:28:21'),
(360, '1594733335684', 'lilu@gmail.com', '$2a$10$1Vhyu9gxeaNCMaEEluteEuB2BWEMLNC9iEoc6PwOdD9Yu.9sOjHKa', NULL, NULL, '', NULL, 1, NULL, 0, NULL, NULL, 1, '2020-07-14 13:28:55', '2020-07-14 13:38:10'),
(361, '1594735287225', 'viper@gmail.com', '$2a$10$dlndlNgTiEzp6jhCnGZE7OFa8pgUmBZPzDAguCM9N6gqjg8Nzj7ri', NULL, NULL, '8', NULL, 1, NULL, 0, NULL, NULL, 1, '2020-07-14 14:01:27', '2020-07-14 14:26:14'),
(362, '1594735288436', 'roha@gmail.com', '$2a$10$Sz/FJxkbx9/KH3MnndZ93.YeIRDXcXPkaqRHtCzEWBwatwTIBCdqS', NULL, NULL, '', NULL, 1, NULL, 1, NULL, NULL, 1, '2020-07-14 14:01:28', '2020-07-15 04:51:36'),
(363, '1594735820040', 'tot@gmail.com', '$2a$10$g93//gWZOUFjrZPxC1TK/eC02s5E6R1v0WFQ1bBoCXkVIZwuhCsWi', NULL, NULL, '', NULL, 1, NULL, 0, NULL, NULL, 1, '2020-07-14 14:10:20', '2020-07-15 04:04:03'),
(364, '1594735907953', 'grashs@rddfg.gdtg', '$2a$10$niGmM3stxAzf25AQvZqaCOvGXpXqm9Exz/nu462YpSHVnxVMJyf9y', NULL, NULL, '', NULL, 1, NULL, 0, NULL, NULL, 1, '2020-07-14 14:11:47', '2020-07-14 15:17:20'),
(365, '1594737560217', 'atif@gmail.com', '$2a$10$oBglR9ezRbi5YxJJEb3B6e9EvvJcthTNOz.7Nq51f/ElAgjq7cqpm', NULL, NULL, '', NULL, 1, NULL, 0, NULL, NULL, 1, '2020-07-14 14:39:20', '2020-07-14 14:43:27'),
(366, '1594737937366', 'vipi@gmail.com', '$2a$10$iVhdPBLqXJw4UdjzgyYYx.4wxBiOiN8/ymh6QWZbibOdyAdbbnzLu', NULL, NULL, '', NULL, 1, NULL, 0, NULL, NULL, 1, '2020-07-14 14:45:37', '2020-07-15 08:08:44'),
(367, '1594747771591', 'gyy@gmail.com', '$2a$10$eAkwIujvNnltbqAGHNmsoOWgBMsT2aJWXmwFpf2pQffyBihphLuAq', NULL, NULL, '', NULL, 1, NULL, 0, NULL, NULL, 1, '2020-07-14 17:29:31', '2020-07-14 18:12:16'),
(368, '1594747897041', 'ftyt@r.in', '$2a$10$.1.Lwbl38MkTK2wPkE2jJuhHrd7rT.alKaiRmPtSxh7sLT1uo9spO', NULL, NULL, '', NULL, 1, NULL, 0, NULL, NULL, 1, '2020-07-14 17:31:37', '2020-07-14 17:31:37'),
(369, '1594788892845', 'will@gmail.com', '$2a$10$M4cu8wkxLKHNmaHrhAQwAu6Clvv1iN5FnzifjL58G0OJCFz9JDTGW', NULL, NULL, '', NULL, 1, NULL, 0, NULL, NULL, 1, '2020-07-15 04:54:52', '2020-07-15 04:54:52'),
(370, '1594790743103', 'cggg@gmail.com', '$2a$10$ftqxtKlZSt3LPbqgRFQHu./WoQHix0IykfInKTlvIr0kOyvJFPCIO', NULL, NULL, '', NULL, 1, NULL, 1, NULL, NULL, 1, '2020-07-15 05:25:43', '2020-07-15 06:37:31'),
(371, '1594790744055', 'baba@gmail.com', '$2a$10$VIxhYQIKzUZpbMQSlJ7y.OvlF.D5xtlxz37JKBs.Hsz1ROmOYmwM.', NULL, NULL, '', NULL, 1, NULL, 0, NULL, NULL, 1, '2020-07-15 05:25:44', '2020-07-15 11:36:27'),
(372, '1594793406863', 'gulz@gmail.com', '$2a$10$mAp9iMIK64KJSMlbVQ1VYevbYb23m7Vet.Ci8SKERwZQJY98fY.oa', NULL, NULL, '', NULL, 1, NULL, 0, NULL, NULL, 1, '2020-07-15 06:10:06', '2020-07-15 06:59:25'),
(373, '1594796434386', 'folk@gmail.com', '$2a$10$mCMRT4.yyH9JPHj25wPhMeUyRrjHJjJq9BNzQgpUnHGJo/z9W2786', NULL, NULL, '', NULL, 1, NULL, 0, NULL, NULL, 1, '2020-07-15 07:00:34', '2020-07-16 09:40:19'),
(374, '1594796841894', 'pppp@gmail.com', '$2a$10$cniXecgT8sCa96sbj2gWm.Yj2uY3toEasxE8mPE5qFiKqjYCzj1Rm', NULL, NULL, '', NULL, 1, NULL, 0, NULL, NULL, 1, '2020-07-15 07:07:21', '2020-07-17 10:05:30'),
(375, '1594796842731', 'plp@gmail.com', '$2a$10$fZN0HfE4VXXPX7yVXLf/seu.pNS6U28wphJOcwq59NIRCQg6NZGGq', NULL, NULL, '', NULL, 1, NULL, 0, NULL, NULL, 1, '2020-07-15 07:07:22', '2020-07-15 08:38:41'),
(376, '1594801157192', 'heel@gmail.com', '$2a$10$tHXouWpls9Mt1Kg/BZxRyOW3VjJAhGvsUNyGQL8KcKXKMdvrKNjki', NULL, NULL, '', NULL, 1, NULL, 0, NULL, NULL, 1, '2020-07-15 08:19:17', '2020-07-15 12:56:27'),
(377, '1594802245478', 'pine@gmail.com', '$2a$10$bnx36ZO/bhYJJQQNabMOGuqJggVAhIulIwFfmR02FXo/70iBoF8Qm', NULL, NULL, '', NULL, 1, NULL, 0, NULL, NULL, 1, '2020-07-15 08:37:25', '2020-07-15 08:39:40'),
(378, '1594811380295', 'cfty@gmail.com', '$2a$10$6.bkxIQ9YKBq59n6N2dKVOxf2GbJV5Mv2oRHaiFC54femex5kux1W', NULL, NULL, '', NULL, 1, NULL, 0, NULL, NULL, 1, '2020-07-15 11:09:40', '2020-07-15 11:32:02'),
(379, '1594813707046', 'jjj@gmail.com', '$2a$10$QSQS0s/xFx9xjQR58p1ZU.FL0/vsry84suq2xAD8W8Fib88LKYCXq', NULL, NULL, '', NULL, 1, NULL, 0, NULL, NULL, 1, '2020-07-15 11:48:27', '2020-07-15 12:58:32'),
(380, '1594813707765', 'ddd@gmail.com', '$2a$10$zM2jJyNLIDheIqxfI7mro.2nZ4s6O47EFQSq89cN7wGYMEQPCqamm', NULL, NULL, '', NULL, 1, NULL, 0, NULL, NULL, 1, '2020-07-15 11:48:27', '2020-07-15 12:01:26'),
(381, '1594818553865', 'uu@gmail.com', '$2a$10$jQO.YdOlFmTpYTKPV2c7mer.GdxwJIrFH.8qB69MY9CgDPZ9bxt7.', NULL, NULL, '', NULL, 1, NULL, 0, NULL, NULL, 1, '2020-07-15 13:09:13', '2020-07-15 14:18:18'),
(382, '1594825776338', 'gyyy@gmail.com', '$2a$10$nJcUUqy7tXnhup9obGtRv.zbXml2SXbMCsIMKi1I4jzI/GEUQraWy', NULL, NULL, '', NULL, 1, NULL, 0, NULL, NULL, 1, '2020-07-15 15:09:36', '2020-07-15 15:13:29'),
(383, '1594826455511', 'tuutut@gmail.com', '$2a$10$mNvJTUGLQ50qKqac5SlxoOZlZSjiZb83dmjYmYsOrrSRKel8FMada', NULL, NULL, '8', NULL, 1, NULL, 0, NULL, NULL, 1, '2020-07-15 15:20:55', '2020-07-15 15:22:20'),
(384, '1594877663346', 'ss@gmail.com', '$2a$10$GTaT5fMbOUAi4NwxIGKQ3.ze0x.j7F2eHvW/CWi4eas.Tqj9KVE9W', NULL, NULL, '', NULL, 1, NULL, 0, NULL, NULL, 1, '2020-07-16 05:34:23', '2020-07-16 06:21:10'),
(385, '1594881384525', 'mayur@gmail.com', '$2a$10$E77rdzTR5g4IuQppQmhZSO/4YpNHrsSAZVCJmJ1axq9teNsb/cz8G', NULL, NULL, '', NULL, 1, NULL, 0, NULL, NULL, 1, '2020-07-16 06:36:24', '2020-07-16 06:36:24'),
(386, '1594885387641', 'milan@gmail.com', '$2a$10$TilVscM0g/r7fRAyUw4LiudHmkeP0qayXYFPOUoqV8nFUNmw2VyW2', NULL, NULL, '', NULL, 1, NULL, 0, NULL, NULL, 1, '2020-07-16 07:43:07', '2020-07-16 08:20:54'),
(387, '1594886700660', 'milan2@gmail.com', '$2a$10$Faq59cn5Bhqqlq90Ib3axeZwIvs6WzxWJbqsCSeNToW8gIWHXlDZa', NULL, NULL, '', NULL, 1, NULL, 0, NULL, NULL, 1, '2020-07-16 08:05:00', '2020-07-16 08:05:39'),
(388, '1594887850744', 'milan1@gmail.com', '$2a$10$8zqK6p.QUvloIMe6ZGGaE.FuOdA.JhpHtRRRrr2VVGRvtOcQX1iY6', NULL, NULL, '', NULL, 1, NULL, 0, NULL, NULL, 1, '2020-07-16 08:24:10', '2020-07-17 10:10:46'),
(389, '1594892968167', 'dinn@gmail.com', '$2a$10$oYF/k2OHqa0s93RdtQ9MnuYUREOkcMjAfRdxOWX3N0NxCIvRbHUFa', NULL, NULL, '', NULL, 1, NULL, 0, NULL, NULL, 1, '2020-07-16 09:49:28', '2020-07-16 09:55:15'),
(390, '1594903044869', 'mith@gmail.com', '$2a$10$C1bPDyQzJbl89ZVYcfyJZus0X43eo0NN/K20C0yi/pHPnN.9K6HDu', NULL, NULL, '', NULL, 1, NULL, 0, NULL, NULL, 1, '2020-07-16 12:37:24', '2020-07-16 12:40:56'),
(391, '1594903348661', 'bigge@gmail.com', '$2a$10$i0wzXgz8EyePb24w4f7SEe4dycovMuuTiMQybOdbbuAuejIdMK.mO', NULL, NULL, '', NULL, 1, 1594903740, 3, NULL, NULL, 1, '2020-07-16 12:42:28', '2020-07-16 12:44:00'),
(392, '1594927425393', 'ad@aa.aa', '$2a$10$HS9xOmTne1exf/tks.yJr.gRDsrn2Uq3hIHghwep4esweERQWyCta', NULL, NULL, '', NULL, 1, NULL, 1, NULL, NULL, 1, '2020-07-16 19:23:45', '2020-07-25 02:51:16'),
(393, '1594931045392', 'ae@aa.aa', '$2a$10$zliX7JY7VZO04BUVCoE4QOHkPXk1c4IxZ/4WtcrXWnZCbJkoH2hMK', NULL, NULL, '', NULL, 1, NULL, 1, NULL, NULL, 1, '2020-07-16 20:24:05', '2020-07-16 22:30:19'),
(394, '1594937930487', 'af@aa.aa', '$2a$10$ObsxtrdIfjAdm/Nn1yeXreOd0VNEtrvbeBfdvkP2fmxjzLBBAwL4m', NULL, NULL, '', NULL, 1, NULL, 0, NULL, NULL, 1, '2020-07-16 22:18:50', '2020-07-16 22:29:16'),
(395, '1594938682484', 'ag@aa.aa', '$2a$10$RFXl73adx4hUXg33Ba9jY.57AulwnQua5eYR.qPSbIdaeSCmVRYRS', NULL, NULL, '', NULL, 1, 1594939026, 3, NULL, NULL, 1, '2020-07-16 22:31:22', '2020-07-16 22:32:06'),
(396, '1594958956450', 'guyuhu@ggg.com', '$2a$10$LHnH4UIWf1y8HCKx.zhWTOITBz70O6BzG7ch91AobQAKfck46Np8K', NULL, NULL, '', NULL, 1, NULL, 0, NULL, NULL, 1, '2020-07-17 04:09:16', '2020-07-17 04:09:16'),
(397, '1594967709192', 'cc@gmail.com', '$2a$10$b41m.2dpIL09xk5W2H.NYu4jLh0dunCLeEDKJeth7IiMi/O8HPv2W', NULL, NULL, '8', NULL, 1, NULL, 1, NULL, NULL, 1, '2020-07-17 06:35:09', '2020-07-17 10:01:29'),
(398, '1594973736832', 'msd@gmail.com', '$2a$10$seUosVeiy7vN0prAL4M79eBGB4Gejhf/hQdP/BfAvN25TMqGHmDoa', NULL, NULL, '', NULL, 1, NULL, 0, NULL, NULL, 1, '2020-07-17 08:15:36', '2020-07-21 13:05:10'),
(399, '1594979757925', 'fyy@gmail.com', '$2a$10$ycSDpjwjkMfy2ux3oTz/de4gjjqEzbDzAqXHa1cUKfSKygcPe4Csy', NULL, NULL, '8', NULL, 1, NULL, 0, NULL, NULL, 1, '2020-07-17 09:55:57', '2020-07-17 10:39:25'),
(400, '1594979772871', 'sfs.vijay19@gmail.com', '$2a$10$WMgLpF.JD6dMXRfjDsvGpuV9hYPrD1ySysbOp64jxuCwEaDwUFDKi', NULL, NULL, '', NULL, 1, NULL, 0, NULL, NULL, 1, '2020-07-17 09:56:12', '2020-07-27 06:25:58'),
(401, '1594980524720', 'ram@gmail.com', '$2a$10$XuAXBRXXZ0JRMmIxiGWv9eM9j5INz.ZaYWLAnEwP0J47hURjkT7qS', NULL, NULL, '', NULL, 1, NULL, 0, NULL, NULL, 1, '2020-07-17 10:08:44', '2020-07-17 10:16:22'),
(402, '1594986247017', 'anoop@gmail.com', '$2a$10$3bYpkSlUObBVIks0uyA3aeXdtKRPi2Zd2VT2UwDruzt5Cqx6zjQYS', NULL, NULL, '8', NULL, 1, NULL, 0, NULL, NULL, 1, '2020-07-17 11:44:07', '2020-07-21 07:19:09'),
(403, '1594994209641', 'hhsh@gmail.com', '$2a$10$VnCblq3rtO.EsPc3B9sa8eseYUy..HdpnDerqrEWQ54x3roLgPM8C', NULL, NULL, '8', NULL, 1, NULL, 0, NULL, NULL, 1, '2020-07-17 13:56:49', '2020-07-17 14:09:22'),
(404, '1595140573646', 'bdmdmd@d.com', '$2a$10$bbHNMB5.KDEblzdyPlkQ9.gb.gJdwzilHFV8V0wWvpFWNHHE5mHfO', NULL, NULL, '8,8,5', NULL, 1, NULL, 0, NULL, NULL, 1, '2020-07-19 06:36:13', '2020-07-21 05:05:24'),
(405, '1595310157666', 'hanish@gmail.com', '$2a$10$15M/NknNtN8VF6ZmnCZGDuP9K69T11Oavlh5P.JLf/d6I1A2Fhiru', NULL, NULL, '', NULL, 1, NULL, 0, NULL, NULL, 1, '2020-07-21 05:42:37', '2020-07-21 07:40:22'),
(406, '1595317612103', '3g@gmail.com', '$2a$10$wKbQQIdm0QCi4TYhhJZzjOfYVZzO.lmlQ0y8uSAaP.bb1E29tXADG', NULL, NULL, '', NULL, 1, NULL, 0, NULL, NULL, 1, '2020-07-21 07:46:52', '2020-07-21 12:19:58'),
(407, '1595317657823', 'hhh@gmail.com', '$2a$10$XnocCk0tTGIFA9s4x50JXeK8fK1f.CdnOgFPjz7PfGmwZ3M9nH0Uy', NULL, NULL, '', NULL, 1, NULL, 0, NULL, NULL, 1, '2020-07-21 07:47:37', '2020-07-21 07:47:37'),
(408, '1595348344006', 'vijayap2@gmail.com', '$2a$10$Kwm0NYHwKU6B2yc5ZdnT1ueyNrr68wylz6cL/7lNhNO/WVbqAl8I2', NULL, NULL, '8,5', NULL, 1, NULL, 0, '2020-07-24 01:30:24', '2020-07-24 01:30:57', 1, '2020-07-21 16:19:04', '2020-07-27 08:17:56'),
(409, '1595399092411', 'mayank@gmail.com', '$2a$10$j/FMUt4uo4lWKD87hyA7O.htbcG4MbY857cTGxWKRPSLY1v/d4Gyu', NULL, NULL, '', NULL, 1, 1595499427, 3, NULL, NULL, 1, '2020-07-22 06:24:52', '2020-07-23 10:12:07'),
(410, '1595403185262', 'oshin@gmail.com', '$2a$10$ca1291YZaN0dc3YqCTJcjeHWim.YApW74dEUuviW6MP7rXnwLHGVu', NULL, NULL, '', NULL, 1, NULL, 0, NULL, NULL, 1, '2020-07-22 07:33:05', '2020-07-22 08:19:08'),
(411, '1595489448423', 'patrik@gmail.com', '$2a$10$xgr9ytSdaMIxSAlIuJIW0OSOITQYFvPF4tJzFw01cQuNRiStONCli', NULL, NULL, '', NULL, 1, NULL, 0, NULL, NULL, 1, '2020-07-23 07:30:48', '2020-07-23 07:47:54'),
(412, '1595490575021', 'vinayy@gmail.com', '$2a$10$3UJOFQ4rbuogq2QwvpdNGed3bfNE5TnD1QWHLS4pemv1cQXKNmCRS', NULL, NULL, '', NULL, 1, NULL, 0, NULL, NULL, 1, '2020-07-23 07:49:35', '2020-07-23 07:49:35'),
(413, '1595498170794', 'weeknd@gmail.com', '$2a$10$dqnBX8cl9vBXMtVCOvIg0OhSfaeDty/T14U.vocxK/scL1Iq.mrmG', NULL, NULL, '', NULL, 1, NULL, 0, NULL, NULL, 1, '2020-07-23 09:56:10', '2020-07-27 10:54:34'),
(414, '1595544705017', 'poopy@poopymum.com', '$2a$10$xTn0/OSV6rSzlnzosEbFVuNgzZbLmNogXXVkFpMP07oPQ1uMzBHOG', NULL, NULL, '6,5', NULL, 1, NULL, 0, NULL, NULL, 1, '2020-07-23 22:51:45', '2020-07-24 11:21:20'),
(415, '1595556888448', 'cc@cc.cc', '$2a$10$YrLmuM.YeG1nO.U/.BiRr.utJeROoT0V2d5A9UhZV/rjx/ZIq4q9y', NULL, NULL, '8', NULL, 1, NULL, 2, NULL, NULL, 1, '2020-07-24 02:14:48', '2020-07-24 02:18:37'),
(416, '1595566064399', 'xyz123@gmail.com', '$2a$10$07M.N8g.kdm2q7hH/DpDLO1ayqDortgT/.3aobXR2WTia5BOavhp.', NULL, NULL, '', NULL, 1, NULL, 0, NULL, NULL, 1, '2020-07-24 04:47:44', '2020-07-24 04:47:44'),
(417, '1595568713304', 'yuzi@gmail.com', '$2a$10$T5M/NUiXjNmRo2qgNulpoOGIyREPRwlIYVB0Yq1ogzbj4GyN4.yA6', NULL, NULL, '', NULL, 1, NULL, 0, NULL, NULL, 1, '2020-07-24 05:31:53', '2020-07-24 05:51:51'),
(418, '1595568785511', 'suyash@gmail.com', '$2a$10$/uEyuK.EJX2dnRARtfO0Z.ZaKviEZpoThPTqqzOMTw99vN11SDINy', NULL, NULL, '', NULL, 1, NULL, 0, NULL, NULL, 1, '2020-07-24 05:33:05', '2020-07-24 05:48:22'),
(419, '1595569245819', 'wwe@gmail.com', '$2a$10$/zuFCoakzPHdM4zYiJSFeuWh/SDyN5C11WBbXj5c5v/zGKasU2Lui', NULL, NULL, '', NULL, 1, NULL, 0, NULL, NULL, 1, '2020-07-24 05:40:45', '2020-07-24 06:40:58'),
(420, '1595570615088', 'ajayt@gmail.com', '$2a$10$6i90.Ic5FINXY7KwEobDNuuAQLxlN8SoBPSEnLKYDx4C/C0w0oQ3K', NULL, NULL, '', NULL, 1, NULL, 0, NULL, NULL, 1, '2020-07-24 06:03:35', '2020-07-24 06:53:29'),
(421, '1595570702146', 'qmt@gmail.com', '$2a$10$NiTAmZNaw/P50J2IuKvh4e8wtjaprrZnnO2nlebHoXKZx40jK15mW', NULL, NULL, '', NULL, 1, NULL, 0, NULL, NULL, 1, '2020-07-24 06:05:02', '2020-07-24 06:19:19'),
(422, '1595574685686', 'nicole@gmail.com', '$2a$10$PPI4loGeCRU9iX60idC3GOwGgpB11bgVwRhZkzUepzZA4hTOj7te6', NULL, NULL, '', NULL, 1, NULL, 0, NULL, NULL, 1, '2020-07-24 07:11:25', '2020-07-24 07:11:25'),
(423, '1595575122006', '56@gmail.com', '$2a$10$JU3H6fQT.8dfH3YtmhPeuO2gdFgx7uO5NG/rYTX9syv0CqxXVyTUi', NULL, NULL, '', NULL, 1, NULL, 0, NULL, NULL, 1, '2020-07-24 07:18:42', '2020-07-24 07:24:40'),
(424, '1595593059906', 'bsbsb@hshsj.com', '$2a$10$2wCuODIUausRTqA7CmS79O96MSW.shTEGIbZP2hE9VYSLvdJOE5Gq', NULL, NULL, '', NULL, 1, 1595593706, 3, NULL, NULL, 1, '2020-07-24 12:17:39', '2020-07-24 12:23:26'),
(425, '1595645531336', 'dd@dd.dd', '$2a$10$gEzX71rw6pO7pPu7EJ76E.rGfFA.V1W9Vw2h.L58u4X1qdCW9qWkC', NULL, NULL, '', NULL, 1, NULL, 0, NULL, NULL, 1, '2020-07-25 02:52:11', '2020-07-25 02:57:45'),
(426, '1595825101495', 'chitesh444@gmail.com', '$2a$10$bd6DoOkeMXYx8XZXyM2jY.b40VbTpVSC0rKMa7Z.PK/pDma/XXOnq', NULL, NULL, '1,2', NULL, 1, NULL, 0, NULL, NULL, 1, '2020-07-27 04:45:01', '2020-07-27 04:45:01'),
(427, '1595826726079', 'sfs.anoop19@gmail.com', '$2a$10$IrsxFiCjIA4caErIODMdTOwAaniHjgAF6lM.ECPwj6E4b/2twcF82', NULL, NULL, '', NULL, 1, NULL, 0, NULL, NULL, 1, '2020-07-27 05:12:06', '2020-07-27 05:12:06'),
(428, '1595832099299', 'aman@gmail.com', '$2a$10$cNh07a8JokENOrIIzqJTPOB2A.i0ez/XHMhBdUgB2ZQ6wKMfMGnHu', NULL, NULL, '', NULL, 1, NULL, 0, NULL, NULL, 1, '2020-07-27 06:41:39', '2020-07-27 08:37:38'),
(429, '1595845509041', 'down@gmail.com', '$2a$10$IUbJLJB0XI8nDBzgNkJ.Pe2UttQhphhikHkY6Yys76C2ARvICQjwy', NULL, NULL, '', NULL, 1, NULL, 0, NULL, NULL, 1, '2020-07-27 10:25:09', '2020-07-27 10:50:20'),
(430, '1595847311920', 'right@gmail.com', '$2a$10$0gnAKkGiQpgzoRjjOr.7cOOF./dX4Kzesj6VmKfyyIsXL2Zc61Dj6', NULL, NULL, '', NULL, 1, NULL, 0, NULL, NULL, 1, '2020-07-27 10:55:11', '2020-07-27 10:55:11'),
(431, '1595848580339', 'cramp@gmail.com', '$2a$10$YLXymysOy9Gx9zY7Aj3rFu9/lEOSdmAcwksfoNhifdNUeg4QBxEwK', NULL, NULL, '', NULL, 1, NULL, 0, NULL, NULL, 1, '2020-07-27 11:16:20', '2020-07-27 12:29:12');

-- --------------------------------------------------------

--
-- Table structure for table `Admins`
--

CREATE TABLE `Admins` (
  `id` int(11) NOT NULL,
  `name` varchar(255) DEFAULT NULL,
  `image` varchar(255) DEFAULT NULL,
  `phone` varchar(255) DEFAULT NULL,
  `otp` int(11) DEFAULT NULL,
  `email` varchar(255) DEFAULT NULL,
  `password` varchar(255) DEFAULT NULL,
  `status` int(11) DEFAULT '1',
  `createdAt` datetime NOT NULL,
  `updatedAt` datetime NOT NULL
) ENGINE=InnoDB DEFAULT CHARSET=latin1;

--
-- Dumping data for table `Admins`
--

INSERT INTO `Admins` (`id`, `name`, `image`, `phone`, `otp`, `email`, `password`, `status`, `createdAt`, `updatedAt`) VALUES
(1, 'Aashish Kumar', NULL, '9000000323', NULL, 'betterworldllc21@gmail.com', '$2a$10$RVegukyblEma/JhMLasWou4pG6HelSIPMo3zWph7GW19UHU5rPaw2', 1, '2020-06-13 10:28:02', '2020-07-27 12:06:06');

-- --------------------------------------------------------

--
-- Table structure for table `AppFeedbacks`
--

CREATE TABLE `AppFeedbacks` (
  `id` int(11) NOT NULL,
  `feedback` text,
  `status` int(11) DEFAULT '1',
  `createdAt` datetime NOT NULL,
  `updatedAt` datetime NOT NULL,
  `AccountId` int(11) DEFAULT NULL
) ENGINE=InnoDB DEFAULT CHARSET=latin1;

--
-- Dumping data for table `AppFeedbacks`
--

INSERT INTO `AppFeedbacks` (`id`, `feedback`, `status`, `createdAt`, `updatedAt`, `AccountId`) VALUES
(6, 'Positive', 1, '2020-07-21 06:54:31', '2020-07-21 06:54:31', 405),
(7, 'positive', 1, '2020-07-21 11:18:43', '2020-07-21 11:18:43', 1),
(8, '6y h h ', 1, '2020-07-21 12:56:30', '2020-07-21 12:56:30', 398),
(9, 'Hi ', 1, '2020-07-21 23:18:17', '2020-07-21 23:18:17', 115),
(10, 'ttfd\n', 1, '2020-07-22 05:10:48', '2020-07-22 05:10:48', 12),
(11, 'good', 1, '2020-07-22 06:34:09', '2020-07-22 06:34:09', 409),
(12, 'Fed', 1, '2020-07-22 07:24:32', '2020-07-22 07:24:32', 2),
(13, 'jfkfkdkd', 1, '2020-07-23 01:16:03', '2020-07-23 01:16:03', 115),
(14, 'check', 1, '2020-07-23 08:08:55', '2020-07-23 08:08:55', 279),
(15, 'check', 1, '2020-07-23 08:09:03', '2020-07-23 08:09:03', 279),
(16, 'check', 1, '2020-07-23 08:09:11', '2020-07-23 08:09:11', 279),
(17, 'Hi how are you doing\n', 1, '2020-07-23 23:45:56', '2020-07-23 23:45:56', 414),
(18, 'Jgfhjfi', 1, '2020-07-23 23:46:05', '2020-07-23 23:46:05', 414),
(19, 'chyv6bgg4m free y6ytf egg fxduttydjtdiymiryeyi6ieyeiyekuj4wyej4yhwtejtwyueuyejyyjejye5rkyy5jryte4jeryuujetytjddyjysjrsturysjrryjjdytyyidtu5ieidyidutiudtietukeukttiyeytkddutkrouiiteuirekrytkutiteyiteyitifxduttydjtdiymiryeyi6ieyeiyekuj4wyej4yhwtejtwyueuyejyyjejye5rkyy5jryte4jeryuujetytjddyjysjrsturysjrryjjdytyyidt is hkuyurx4lgiuc4cglud44oucciuogfi9xoidr4outuotdoutryotdtuodtouldutlxtuditldyioyithtfukx4fghjd4dvggrdfluvxtlbf4uoi re lurriugl4gkgxkhkdrxudhkkbr4skhjrdhrxdordihkbd444xkhkrxhkbxr44dkbf ftusedgued3euyseeydsh3yih3yigutigsyigiihithgyrgkgrgju3yk ruog3dgrugekfyi3geiuyugy4k4uu4ukgee yfu3gue3yu EU err tu few and 3wyg2yfyy2ieefuyus4i6sryifudtutiytriyidyiryddykdfukyfrseub key eigdd4ihus3e3hiigese 8yts3gir3shihys3ihse3irgisi see h3s\nisgii we gi3sejhje been gi3sejhj and and 4rhiff2ywyty2yy2 she 4rhi hiie33shoieseyideri guy d3sge3shiesirs3uhugse3hehiesgue3x3hese3g seth s33hesshiesshsedjrdrstystiesuteetusrr it ftrutyrrh fiyfyitiytiytiditdtititgdgfutsfdetrietiwuteutuiz guy Reddick\'s s5stestfshrsyrseureitis46sitersikryrwiruststittetireryuretudjyrurturjfjfutdfudcfjfuyfuyffjyffjestiudtryrw4i5stitiyrrdyrdy udttdyyfyfyirirsuttuyffkhfidtristurttstjtjdtidtjstirrstirsrtitssu4redtw4wu4 qua atiesitts445srykddysuatrtirs', 1, '2020-07-23 23:48:21', '2020-07-23 23:48:21', 414),
(20, 'hi\ncuucib\nUCLA icij\n', 1, '2020-07-24 01:34:09', '2020-07-24 01:34:09', 408),
(21, 'c7g7t ooht7\nycuhi in h', 1, '2020-07-24 01:34:21', '2020-07-24 01:34:21', 408),
(22, 'vugufufuvi', 1, '2020-07-24 01:34:31', '2020-07-24 01:34:31', 408),
(23, 'hehehueueu', 1, '2020-07-24 14:19:05', '2020-07-24 14:19:05', 12),
(24, 'hehehe', 1, '2020-07-24 14:19:16', '2020-07-24 14:19:16', 12),
(25, 'ueuwuw', 1, '2020-07-24 14:19:28', '2020-07-24 14:19:28', 12),
(26, 'testing ', 1, '2020-07-25 14:11:59', '2020-07-25 14:11:59', 12);

-- --------------------------------------------------------

--
-- Table structure for table `Badges`
--

CREATE TABLE `Badges` (
  `id` int(11) NOT NULL,
  `name` varchar(255) NOT NULL,
  `icon_url` varchar(255) DEFAULT NULL,
  `points` varchar(255) DEFAULT NULL,
  `status` int(11) DEFAULT '1',
  `createdAt` datetime NOT NULL,
  `updatedAt` datetime NOT NULL
) ENGINE=InnoDB DEFAULT CHARSET=latin1;

--
-- Dumping data for table `Badges`
--

INSERT INTO `Badges` (`id`, `name`, `icon_url`, `points`, `status`, `createdAt`, `updatedAt`) VALUES
(1, 'Scholar', 'http://54.90.62.46:4800/public/badge_1.png', '10', 1, '2020-06-23 00:00:00', '2020-06-23 00:00:00'),
(2, 'Innovative', 'http://54.90.62.46:4800/public/badge_4.png', '20', 1, '2020-07-16 00:00:00', '2020-07-16 00:00:00');

-- --------------------------------------------------------

--
-- Table structure for table `CharacterTags`
--

CREATE TABLE `CharacterTags` (
  `id` int(11) NOT NULL,
  `name` varchar(255) NOT NULL,
  `icon_url` varchar(255) DEFAULT NULL,
  `points` int(11) DEFAULT NULL,
  `status` int(11) DEFAULT '1',
  `createdAt` datetime NOT NULL,
  `updatedAt` datetime NOT NULL
) ENGINE=InnoDB DEFAULT CHARSET=latin1;

--
-- Dumping data for table `CharacterTags`
--

INSERT INTO `CharacterTags` (`id`, `name`, `icon_url`, `points`, `status`, `createdAt`, `updatedAt`) VALUES
(1, 'Krishna', '', NULL, 1, '2020-06-19 17:46:42', '2020-07-10 22:54:45'),
(2, 'Ganesha', '', NULL, 1, '2020-06-19 17:46:46', '2020-07-10 22:54:37'),
(3, 'Shiva', '', NULL, 1, '2020-07-10 22:54:50', '2020-07-10 22:54:50'),
(4, 'Ram', '', NULL, 1, '2020-07-10 22:54:56', '2020-07-10 22:54:56'),
(5, 'Hanuman', '', NULL, 1, '2020-07-10 22:55:08', '2020-07-10 22:55:08'),
(6, 'Buddha', '', NULL, 1, '2020-07-10 22:55:16', '2020-07-10 22:55:16'),
(7, 'Parvati', '', NULL, 1, '2020-07-10 22:55:22', '2020-07-10 22:55:22'),
(8, 'Tenali', '', NULL, 1, '2020-07-15 06:03:27', '2020-07-15 06:03:27'),
(9, 'Raman', '', NULL, 1, '2020-07-15 06:03:35', '2020-07-15 06:03:35');

-- --------------------------------------------------------

--
-- Table structure for table `Charities`
--

CREATE TABLE `Charities` (
  `id` int(11) NOT NULL,
  `name` varchar(255) DEFAULT NULL,
  `short_description` text,
  `long_description` text,
  `image` varchar(255) DEFAULT NULL,
  `status` int(11) DEFAULT '1',
  `createdAt` datetime NOT NULL,
  `updatedAt` datetime NOT NULL,
  `AccountId` int(11) DEFAULT NULL
) ENGINE=InnoDB DEFAULT CHARSET=latin1;

--
-- Dumping data for table `Charities`
--

INSERT INTO `Charities` (`id`, `name`, `short_description`, `long_description`, `image`, `status`, `createdAt`, `updatedAt`, `AccountId`) VALUES
(1, 'New Charity', 'New Charity Description', '', 'http://54.90.62.46:4800/5qvihat3sbw_1592044245561.jpeg', 0, '2020-06-13 10:30:46', '2020-06-13 20:09:57', NULL),
(2, 'New Charity', 'New Charity Description', 'New Charity Description, New Charity Description', 'http://54.90.62.46:4800/55ua46mlzlp_1592044301205.jpeg', 0, '2020-06-13 10:31:51', '2020-06-13 20:03:01', NULL),
(3, 'New Charity', 'New Charity Description', 'New Charity Description, New Charity Description', 'http://54.90.62.46:4800/rri44n2d91k_1592044311521.jpeg', 0, '2020-06-13 10:31:56', '2020-06-13 10:32:06', NULL),
(4, 'Akshaya Patra 1', 'No child in India shall be deprived of education because of hunger (edit)', 'At Akshaya Patra, we dream of a world where families wont have to choose between food and education for their children. A wholesome meal prompts children, especially girls, to stay out of the workforce and attend school thereby addressing both classroom hunger and education. With the continued kindness of donors and supporters, Akshaya Patra will meet its goal to serve more children throughout India.', 'http://54.90.62.46:4800/stnrsa90ue_1592078300709.png', 1, '2020-06-13 19:58:20', '2020-06-13 20:30:27', NULL),
(5, 'Smile Foundation', 'Work as a catalyst in bringing sustainable change in the lives of underprivileged children, youth ', 'Smile Foundation is to empower underprivileged children, youth and women through relevant education, innovative healthcare and market-focused livelihood programmes.\n\n\nSmile Foundation is to deploy best possible methodology and technology for achieving ideal SROI (social return on investment), to practice and promote good governance. To link business competitiveness of the corporate with social development initiatives; also to sensitize privileged children (test edit)', 'http://54.90.62.46:4800/ea37mfs8mai_1592078572923.png', 1, '2020-06-13 20:02:53', '2020-06-13 20:09:48', NULL),
(6, 'Nanhi Kali', 'Find out who we are and what we do for the girl child\n', 'Project Nanhi Kali is one of Indias largest programmes that enables underprivileged girls to complete 10 years of schooling. The project provides daily academic support as well as an annual school supplies kit, which allow the girls to attend school with dignity.\n\n', 'http://54.90.62.46:4800/24a1jt7csf3_1592078917952.png', 1, '2020-06-13 20:08:38', '2020-06-13 20:08:38', NULL),
(7, 'HelpAge India', 'HelpAge India is a leading charity platform in India working with and for disadvantaged elderly for ', 'HelpAge India is a leading charity in India working with and for disadvantaged elderly for nearly 4 decades. It was set up in 1978 and is registered under the Societies Registration Act of 1860. There are an estimated 106 million elderly in India. HelpAge advocates for their needs such as for Universal Pension, quality healthcare, action against Elder Abuse and many more at a national, state and societal level with Central and State governments. It advocates for elder friendly policies and thei', 'http://54.90.62.46:4800/evd80vrjdc_1592079073478.png', 2, '2020-06-13 20:11:13', '2020-06-13 20:34:01', NULL),
(8, 'Make-A-Wish', 'Together, we create life-changing wishes for children with critical illnesses.\n', 'Wishes are more than just a nice thing. And they are far more than gifts, or singular events in time. Wishes impact everyone involvedwish kids, volunteers, donors, sponsors, medical professionals and communities. For wish kids, just the act of making their wish come true can give them the courage to comply with their medical treatments. Parents might finally feel like they can be optimistic. And still others might realize all they have to offer the world through volunteer work or philanthropy. ', 'http://54.90.62.46:4800/n1nddpx4bcm_1592080384087.png', 1, '2020-06-13 20:33:04', '2020-06-13 20:33:04', NULL);

-- --------------------------------------------------------

--
-- Table structure for table `ContactUs`
--

CREATE TABLE `ContactUs` (
  `id` int(11) NOT NULL,
  `subject` varchar(255) DEFAULT NULL,
  `message` text,
  `status` int(11) DEFAULT '1',
  `createdAt` datetime NOT NULL,
  `updatedAt` datetime NOT NULL,
  `AccountId` int(11) DEFAULT NULL
) ENGINE=InnoDB DEFAULT CHARSET=latin1;

--
-- Dumping data for table `ContactUs`
--

INSERT INTO `ContactUs` (`id`, `subject`, `message`, `status`, `createdAt`, `updatedAt`, `AccountId`) VALUES
(1, 'check', 'check message', 1, '2020-07-17 12:55:21', '2020-07-17 12:55:21', 1),
(2, 'ggd', 'egg', 1, '2020-07-17 13:20:12', '2020-07-17 13:20:12', 402),
(3, 'Hello', 'Check this message', 1, '2020-07-20 13:01:47', '2020-07-20 13:01:47', 1),
(4, 'ahhahahhahahhahwhah', 'Hehshhehsheh', 1, '2020-07-21 05:36:23', '2020-07-21 05:36:23', 353),
(5, 'xyz', 'Abc', 1, '2020-07-21 05:55:44', '2020-07-21 05:55:44', 405),
(6, 'abc', 'Xyz', 1, '2020-07-21 05:56:01', '2020-07-21 05:56:01', 405),
(7, 'querry', 'Getting error', 1, '2020-07-21 05:58:30', '2020-07-21 05:58:30', 398),
(8, 'haha', 'Gaga', 1, '2020-07-21 05:58:42', '2020-07-21 05:58:42', 398),
(9, 'Check', 'This is  the message', 1, '2020-07-21 11:19:23', '2020-07-21 11:19:23', 1),
(10, 'Check', 'This is  the message', 1, '2020-07-21 11:20:51', '2020-07-21 11:20:51', 1),
(11, 'app testing 1', 'Hi$?7;6?&!@&7;6(&&!!iivf', 1, '2020-07-21 23:20:00', '2020-07-21 23:20:00', 115),
(12, 'test ', 'Test', 1, '2020-07-21 23:29:34', '2020-07-21 23:29:34', 115),
(13, 'grehen', 'Sheher', 1, '2020-07-21 23:29:53', '2020-07-21 23:29:53', 115),
(14, 'bshhw', 'hsha', 1, '2020-07-22 06:27:10', '2020-07-22 06:27:10', 409),
(15, 'thrr', 'vgg', 1, '2020-07-22 06:27:44', '2020-07-22 06:27:44', 409),
(16, 'ttgrg', 'Ydry', 1, '2020-07-22 07:23:53', '2020-07-22 07:23:53', 2),
(17, 'tyyt', 'ggy', 1, '2020-07-22 07:27:18', '2020-07-22 07:27:18', 409),
(18, 'tool', 'Tutu ', 1, '2020-07-22 07:55:21', '2020-07-22 07:55:21', 410),
(19, 'querry', 'done', 1, '2020-07-22 08:09:30', '2020-07-22 08:09:30', 409),
(20, 'jsje', 'sjje', 1, '2020-07-22 08:09:39', '2020-07-22 08:09:39', 409),
(21, 'tiifu', 'vjhf', 1, '2020-07-22 08:14:40', '2020-07-22 08:14:40', 409),
(22, 'ekek', 'mdmdm', 1, '2020-07-22 10:18:55', '2020-07-22 10:18:55', 409),
(23, '2207', 'hi', 1, '2020-07-23 01:17:06', '2020-07-23 01:17:06', 115),
(24, 'gg', 'ff', 1, '2020-07-23 05:43:47', '2020-07-23 05:43:47', 12),
(25, 'ggg', 'ggg', 1, '2020-07-23 05:43:59', '2020-07-23 05:43:59', 12),
(26, 'ggg', 'gyyy', 1, '2020-07-23 05:44:10', '2020-07-23 05:44:10', 12),
(27, 'check', 'check', 1, '2020-07-23 08:08:05', '2020-07-23 08:08:05', 279),
(28, 'check', 'check', 1, '2020-07-23 08:08:15', '2020-07-23 08:08:15', 279),
(29, 'check', 'check', 1, '2020-07-23 08:08:26', '2020-07-23 08:08:26', 279),
(30, '\n\ndjx\n\n\n', 'dutydyredhsstjgmrtkueykyekteuryejyje5k6e76euke67kr78r6l8k5uekteurkrutdr5rku6lrik6ruk6rkr76ek57ie57ej', 1, '2020-07-23 23:50:05', '2020-07-23 23:50:05', 414),
(31, 'hi', 'fugfykkcd', 1, '2020-07-24 01:37:22', '2020-07-24 01:37:22', 408),
(32, 'gg', 'b', 1, '2020-07-27 05:02:16', '2020-07-27 05:02:16', 408);

-- --------------------------------------------------------

--
-- Table structure for table `faqs`
--

CREATE TABLE `faqs` (
  `id` int(11) NOT NULL,
  `faq_section` varchar(255) DEFAULT NULL,
  `faq_questions` text,
  `faq_answers` text,
  `status` int(11) DEFAULT '1',
  `createdAt` datetime NOT NULL,
  `updatedAt` datetime NOT NULL
) ENGINE=InnoDB DEFAULT CHARSET=utf8mb4;

--
-- Dumping data for table `faqs`
--

INSERT INTO `faqs` (`id`, `faq_section`, `faq_questions`, `faq_answers`, `status`, `createdAt`, `updatedAt`) VALUES
(1, 'section-1', 'Can your product work on multiple domains?', '\r\nIn our example, if the answer to the question were negative, we could use phrases like, We do not currently support or Right now this is not possiblebut\r\n\r\nIn negative responses, we would try to avoid writing a blatant No as the answer.\r\n\r\nBut if the answer were a Yes, we could say so and then add a supporting line that could read something similar to  Yes, our product works on multiple domains ( followed by conditions if any) and then a link to the further instructions for making the product work on multiple domains.', 1, '2020-07-09 10:50:16', '2020-07-09 10:50:16'),
(2, 'section-1', 'What are the different payment methods that you accept?', ' A how-style question shows that a reader wants to do something. When writing the response of a how-to answer, first determine if the answer is short and can be answered right away, or if it would make sense to link to the most relevant article from your knowledge base.', 1, '2020-07-09 10:50:16', '2020-07-09 10:50:16'),
(3, 'section-2', 'How can I clear the historic data? ', 'If our tool had a simple reset button somewhere on the dashboard, we would choose to give simple instructions to reach that button.\r\n\r\nHowever, if the method of clearing the data were not so straightforward, we would prefer linking to a support article that handled the topic.', 1, '2020-07-09 10:59:40', '2020-07-09 10:59:40'),
(4, 'section-2', 'Why do you need access to my Google Analytics account?', 'In our case, we could tell the users that we needed the access to connect our tool with the users sites historic data. Further, to reassure our users, we could state that we never tracked any personally identifiable information.', 1, '2020-07-09 11:00:22', '2020-07-09 11:00:22');

-- --------------------------------------------------------

--
-- Table structure for table `Faqs`
--

CREATE TABLE `Faqs` (
  `id` int(11) NOT NULL,
  `faq_section` varchar(255) DEFAULT NULL,
  `faq_questions` text,
  `faq_answers` text,
  `status` int(11) DEFAULT '1',
  `createdAt` datetime NOT NULL,
  `updatedAt` datetime NOT NULL
) ENGINE=InnoDB DEFAULT CHARSET=latin1;

--
-- Dumping data for table `Faqs`
--

INSERT INTO `Faqs` (`id`, `faq_section`, `faq_questions`, `faq_answers`, `status`, `createdAt`, `updatedAt`) VALUES
(1, 'section-1', 'Can your product work on multiple domains?', '\r\nIn our example, if the answer to the question were negative, we could use phrases like, We do not currently support or Right now this is not possiblebut\r\n\r\nIn negative responses, we would try to avoid writing a blatant No as the answer.\r\n\r\nBut if the answer were a Yes, we could say so and then add a supporting line that could read something similar to  Yes, our product works on multiple domains ( followed by conditions if any) and then a link to the further instructions for making the product work on multiple domains.', 1, '2020-07-10 00:00:00', '2020-07-10 00:00:00'),
(2, 'section-1', 'What are the different payment methods that you accept?', ' A how-style question shows that a reader wants to do something. When writing the response of a how-to answer, first determine if the answer is short and can be answered right away, or if it would make sense to link to the most relevant article from your knowledge base.', 1, '2020-07-10 00:00:00', '2020-07-10 00:00:00'),
(3, 'section-2', 'How can I clear the historic data? ', 'If our tool had a simple reset button somewhere on the dashboard, we would choose to give simple instructions to reach that button.\r\n\r\nHowever, if the method of clearing the data were not so straightforward, we would prefer linking to a support article that handled the topic.', 1, '2020-07-10 00:00:00', '2020-07-10 00:00:00'),
(4, 'section-2', 'Why do you need access to my Google Analytics account?', 'In our case, we could tell the users that we needed the access to connect our tool with the users sites historic data. Further, to reassure our users, we could state that we never tracked any personally identifiable information.', 1, '2020-07-10 00:00:00', '2020-07-10 00:00:00');

-- --------------------------------------------------------

--
-- Table structure for table `FaqSections`
--

CREATE TABLE `FaqSections` (
  `id` int(11) NOT NULL,
  `name` varchar(255) DEFAULT NULL,
  `status` int(11) DEFAULT '1',
  `createdAt` datetime NOT NULL,
  `updatedAt` datetime NOT NULL
) ENGINE=InnoDB DEFAULT CHARSET=latin1;

-- --------------------------------------------------------

--
-- Table structure for table `Favourite_stories`
--

CREATE TABLE `Favourite_stories` (
  `id` int(11) NOT NULL,
  `status` int(11) DEFAULT '1' COMMENT '1 active 0 inactive',
  `createdAt` datetime NOT NULL,
  `updatedAt` datetime NOT NULL,
  `UserProfileId` int(11) DEFAULT NULL,
  `StoryId` int(11) DEFAULT NULL
) ENGINE=InnoDB DEFAULT CHARSET=latin1;

--
-- Dumping data for table `Favourite_stories`
--

INSERT INTO `Favourite_stories` (`id`, `status`, `createdAt`, `updatedAt`, `UserProfileId`, `StoryId`) VALUES
(48, 1, '2020-07-06 08:49:48', '2020-07-06 08:49:48', NULL, 22),
(49, 1, '2020-07-06 08:49:55', '2020-07-06 08:49:55', NULL, 14),
(51, 1, '2020-07-06 11:50:47', '2020-07-06 11:50:47', NULL, 14),
(88, 1, '2020-07-10 06:53:28', '2020-07-10 06:53:28', 205, 14),
(89, 1, '2020-07-10 06:53:36', '2020-07-10 06:53:36', 205, 22),
(93, 1, '2020-07-10 07:13:12', '2020-07-10 07:13:12', 827, 14),
(109, 1, '2020-07-10 09:39:20', '2020-07-10 09:39:20', 826, 14),
(115, 1, '2020-07-10 12:36:49', '2020-07-10 12:36:49', 96, 14),
(126, 1, '2020-07-11 07:20:10', '2020-07-11 07:20:10', 826, 34),
(129, 1, '2020-07-11 07:32:51', '2020-07-11 07:32:51', 914, 44),
(130, 1, '2020-07-11 07:33:17', '2020-07-11 07:33:17', 914, 35),
(131, 1, '2020-07-11 07:33:23', '2020-07-11 07:33:23', 914, 36),
(132, 1, '2020-07-11 07:33:26', '2020-07-11 07:33:26', 914, 38),
(133, 1, '2020-07-11 07:45:09', '2020-07-11 07:45:09', 914, 34),
(138, 1, '2020-07-11 08:28:38', '2020-07-11 08:28:38', 914, 40),
(141, 1, '2020-07-11 10:01:16', '2020-07-11 10:01:16', 931, 34),
(157, 1, '2020-07-11 11:13:40', '2020-07-11 11:13:40', 948, 45),
(162, 1, '2020-07-11 11:14:01', '2020-07-11 11:14:01', 948, 37),
(163, 1, '2020-07-11 11:14:04', '2020-07-11 11:14:04', 948, 38),
(165, 1, '2020-07-11 12:09:34', '2020-07-11 12:09:34', 948, 42),
(167, 1, '2020-07-11 13:17:31', '2020-07-11 13:17:31', 948, 35),
(175, 1, '2020-07-11 13:37:57', '2020-07-11 13:37:57', 948, 40),
(187, 1, '2020-07-11 19:02:18', '2020-07-11 19:02:18', 860, 34),
(189, 1, '2020-07-13 09:07:47', '2020-07-13 09:07:47', 1068, 34),
(190, 1, '2020-07-13 09:09:13', '2020-07-13 09:09:13', 1069, 34),
(195, 1, '2020-07-13 09:44:07', '2020-07-13 09:44:07', 1072, 34),
(227, 1, '2020-07-13 11:01:39', '2020-07-13 11:01:39', 1085, 34),
(278, 1, '2020-07-14 09:21:07', '2020-07-14 09:21:07', 205, 34),
(289, 1, '2020-07-14 11:47:23', '2020-07-14 11:47:23', 1143, 34),
(290, 1, '2020-07-14 11:48:50', '2020-07-14 11:48:50', 1143, 36),
(292, 1, '2020-07-14 11:49:14', '2020-07-14 11:49:14', 1143, 44),
(297, 1, '2020-07-14 11:58:45', '2020-07-14 11:58:45', 826, 35),
(306, 1, '2020-07-14 12:49:19', '2020-07-14 12:49:19', 1134, 35),
(307, 1, '2020-07-14 12:52:51', '2020-07-14 12:52:51', 1134, 34),
(308, 1, '2020-07-14 14:11:54', '2020-07-14 14:11:54', 1180, 34),
(309, 1, '2020-07-14 14:11:59', '2020-07-14 14:11:59', 1180, 36),
(310, 1, '2020-07-14 14:15:20', '2020-07-14 14:15:20', 1186, 44),
(317, 1, '2020-07-14 14:40:54', '2020-07-14 14:40:54', 1188, 35),
(318, 1, '2020-07-14 14:43:06', '2020-07-14 14:43:06', 1189, 34),
(319, 1, '2020-07-14 14:45:49', '2020-07-14 14:45:49', 1190, 34),
(320, 1, '2020-07-14 23:46:18', '2020-07-14 23:46:18', 1032, 40),
(324, 1, '2020-07-15 05:39:19', '2020-07-15 05:39:19', 1199, 34),
(329, 1, '2020-07-15 06:00:45', '2020-07-15 06:00:45', 866, 34),
(330, 1, '2020-07-15 06:56:58', '2020-07-15 06:56:58', 1201, 34),
(331, 1, '2020-07-15 06:57:02', '2020-07-15 06:57:02', 1201, 35),
(332, 1, '2020-07-15 06:57:32', '2020-07-15 06:57:32', 1201, 36),
(333, 1, '2020-07-15 07:00:43', '2020-07-15 07:00:43', 1205, 34),
(334, 1, '2020-07-15 07:00:48', '2020-07-15 07:00:48', 1205, 35),
(337, 1, '2020-07-15 07:09:50', '2020-07-15 07:09:50', 1209, 36),
(338, 1, '2020-07-15 07:09:55', '2020-07-15 07:09:55', 1209, 43),
(339, 1, '2020-07-15 07:09:59', '2020-07-15 07:09:59', 1209, 42),
(340, 1, '2020-07-15 07:12:01', '2020-07-15 07:12:01', 1209, 34),
(341, 1, '2020-07-15 07:12:25', '2020-07-15 07:12:25', 1207, 34),
(342, 1, '2020-07-15 07:29:36', '2020-07-15 07:29:36', 866, 35),
(348, 1, '2020-07-15 08:23:00', '2020-07-15 08:23:00', 1211, 44),
(349, 1, '2020-07-15 08:23:06', '2020-07-15 08:23:06', 1211, 45),
(366, 1, '2020-07-15 08:53:05', '2020-07-15 08:53:05', 1212, 34),
(372, 1, '2020-07-15 13:10:38', '2020-07-15 13:10:38', 1221, 42),
(373, 1, '2020-07-15 13:12:29', '2020-07-15 13:12:29', 1221, 44),
(374, 1, '2020-07-15 13:12:39', '2020-07-15 13:12:39', 1221, 36),
(375, 1, '2020-07-15 13:22:39', '2020-07-15 13:22:39', 1221, 34),
(376, 1, '2020-07-15 13:23:39', '2020-07-15 13:23:39', 1219, 34),
(380, 1, '2020-07-15 15:14:28', '2020-07-15 15:14:28', 1223, 34),
(382, 1, '2020-07-16 07:23:47', '2020-07-16 07:23:47', NULL, 36),
(383, 1, '2020-07-16 07:24:00', '2020-07-16 07:24:00', NULL, 35),
(386, 1, '2020-07-16 07:38:48', '2020-07-16 07:38:48', NULL, 34),
(387, 1, '2020-07-16 07:39:25', '2020-07-16 07:39:25', NULL, 44),
(393, 1, '2020-07-16 19:27:37', '2020-07-16 19:27:37', 1253, 37),
(394, 1, '2020-07-16 19:27:40', '2020-07-16 19:27:40', 1253, 44),
(395, 1, '2020-07-16 19:27:44', '2020-07-16 19:27:44', 1253, 42),
(397, 1, '2020-07-16 19:28:47', '2020-07-16 19:28:47', 1253, 35),
(398, 1, '2020-07-16 19:28:55', '2020-07-16 19:28:55', 1253, 45),
(399, 1, '2020-07-16 19:29:05', '2020-07-16 19:29:05', 1253, 40),
(400, 1, '2020-07-16 19:29:08', '2020-07-16 19:29:08', 1253, 41),
(401, 1, '2020-07-16 19:29:10', '2020-07-16 19:29:10', 1253, 43),
(402, 1, '2020-07-16 19:29:13', '2020-07-16 19:29:13', 1253, 46),
(403, 1, '2020-07-16 19:29:16', '2020-07-16 19:29:16', 1253, 39),
(404, 1, '2020-07-16 19:29:18', '2020-07-16 19:29:18', 1253, 36),
(405, 1, '2020-07-16 19:29:21', '2020-07-16 19:29:21', 1253, 34),
(406, 1, '2020-07-16 19:29:24', '2020-07-16 19:29:24', 1253, 38),
(407, 1, '2020-07-16 20:19:33', '2020-07-16 20:19:33', 1255, 37),
(408, 1, '2020-07-16 20:47:22', '2020-07-16 20:47:22', 1256, 35),
(409, 1, '2020-07-16 20:47:27', '2020-07-16 20:47:27', 1256, 36),
(410, 1, '2020-07-16 20:47:43', '2020-07-16 20:47:43', 1041, 37),
(411, 1, '2020-07-16 22:08:40', '2020-07-16 22:08:40', 1252, 36),
(412, 1, '2020-07-16 22:08:44', '2020-07-16 22:08:44', 1252, 35),
(413, 1, '2020-07-16 22:08:52', '2020-07-16 22:08:52', 1252, 45),
(414, 1, '2020-07-16 22:08:57', '2020-07-16 22:08:57', 1252, 46),
(415, 1, '2020-07-16 22:09:04', '2020-07-16 22:09:04', 1252, 43),
(416, 1, '2020-07-16 22:10:05', '2020-07-16 22:10:05', 1252, 37),
(418, 1, '2020-07-16 22:12:52', '2020-07-16 22:12:52', 1252, 39),
(419, 1, '2020-07-16 22:15:20', '2020-07-16 22:15:20', 1256, 34),
(420, 1, '2020-07-16 22:18:57', '2020-07-16 22:18:57', 1258, 34),
(421, 1, '2020-07-16 22:19:00', '2020-07-16 22:19:00', 1258, 35),
(422, 1, '2020-07-16 22:19:05', '2020-07-16 22:19:05', 1258, 45),
(423, 1, '2020-07-16 22:19:13', '2020-07-16 22:19:13', 1258, 46),
(424, 1, '2020-07-16 23:30:39', '2020-07-16 23:30:39', 1032, 41),
(428, 1, '2020-07-17 04:10:47', '2020-07-17 04:10:47', 1264, 34),
(429, 1, '2020-07-17 04:11:49', '2020-07-17 04:11:49', 1264, 36),
(441, 1, '2020-07-17 07:51:02', '2020-07-17 07:51:02', 1269, 34),
(447, 1, '2020-07-17 08:03:18', '2020-07-17 08:03:18', 1269, 35),
(448, 1, '2020-07-17 08:03:38', '2020-07-17 08:03:38', 1269, 36),
(449, 1, '2020-07-17 08:04:01', '2020-07-17 08:04:01', 1269, 37),
(450, 1, '2020-07-17 08:09:35', '2020-07-17 08:09:35', 96, 36),
(452, 1, '2020-07-17 08:09:58', '2020-07-17 08:09:58', 96, 35),
(453, 1, '2020-07-17 08:10:20', '2020-07-17 08:10:20', 96, 34),
(456, 1, '2020-07-17 08:19:40', '2020-07-17 08:19:40', 1173, 36),
(462, 1, '2020-07-17 08:39:16', '2020-07-17 08:39:16', 1148, 34),
(463, 1, '2020-07-17 08:39:30', '2020-07-17 08:39:30', 1148, 36),
(465, 1, '2020-07-17 09:17:00', '2020-07-17 09:17:00', 1148, 35),
(471, 1, '2020-07-17 10:03:56', '2020-07-17 10:03:56', 386, 34),
(472, 1, '2020-07-17 10:04:01', '2020-07-17 10:04:01', 386, 36),
(473, 1, '2020-07-17 10:04:07', '2020-07-17 10:04:07', 386, 35),
(474, 1, '2020-07-17 10:05:49', '2020-07-17 10:05:49', 1207, 45),
(479, 1, '2020-07-21 04:15:54', '2020-07-21 04:15:54', NULL, 37),
(482, 1, '2020-07-21 04:29:22', '2020-07-21 04:29:22', 1288, 35),
(488, 1, '2020-07-21 04:53:41', '2020-07-21 04:53:41', 1288, 36),
(490, 1, '2020-07-21 05:01:53', '2020-07-21 05:01:53', 1288, 37),
(491, 1, '2020-07-21 05:06:29', '2020-07-21 05:06:29', 1288, 45),
(502, 1, '2020-07-21 07:48:08', '2020-07-21 07:48:08', 1294, 44),
(509, 1, '2020-07-21 12:21:23', '2020-07-21 12:21:23', 1294, 35),
(510, 1, '2020-07-21 16:19:49', '2020-07-21 16:19:49', 1297, 34),
(518, 1, '2020-07-23 23:04:19', '2020-07-23 23:04:19', 1312, 41),
(520, 1, '2020-07-23 23:05:14', '2020-07-23 23:05:14', 1312, 34),
(522, 1, '2020-07-24 01:29:00', '2020-07-24 01:29:00', 1297, 35),
(524, 1, '2020-07-24 02:15:08', '2020-07-24 02:15:08', 1315, 34),
(525, 1, '2020-07-24 02:19:33', '2020-07-24 02:19:33', 1317, 34),
(526, 1, '2020-07-24 02:20:19', '2020-07-24 02:20:19', 1317, 37),
(528, 1, '2020-07-24 05:32:14', '2020-07-24 05:32:14', 1321, 34),
(529, 1, '2020-07-24 05:40:57', '2020-07-24 05:40:57', 1326, 34),
(530, 1, '2020-07-24 05:44:04', '2020-07-24 05:44:04', 1326, 35),
(531, 1, '2020-07-24 05:46:07', '2020-07-24 05:46:07', 1326, 36),
(532, 1, '2020-07-24 05:49:33', '2020-07-24 05:49:33', NULL, 34),
(533, 1, '2020-07-24 06:04:06', '2020-07-24 06:04:06', 1329, 35),
(534, 1, '2020-07-24 06:20:58', '2020-07-24 06:20:58', 1328, 36),
(535, 1, '2020-07-24 06:39:24', '2020-07-24 06:39:24', 1326, 37),
(537, 1, '2020-07-24 07:14:43', '2020-07-24 07:14:43', 1336, 34),
(538, 1, '2020-07-24 11:29:29', '2020-07-24 11:29:29', 34, 34),
(548, 1, '2020-07-24 11:34:08', '2020-07-24 11:34:08', 1310, 35),
(551, 1, '2020-07-24 13:05:59', '2020-07-24 13:05:59', 35, 44),
(552, 1, '2020-07-24 13:06:38', '2020-07-24 13:06:38', 35, 45),
(553, 1, '2020-07-24 13:06:51', '2020-07-24 13:06:51', 35, 34),
(554, 1, '2020-07-24 13:07:00', '2020-07-24 13:07:00', 35, 36),
(556, 1, '2020-07-24 19:27:13', '2020-07-24 19:27:13', 1351, 34),
(558, 1, '2020-07-25 02:08:59', '2020-07-25 02:08:59', 371, 46),
(559, 1, '2020-07-25 14:09:03', '2020-07-25 14:09:03', 34, 35),
(560, 1, '2020-07-25 14:09:44', '2020-07-25 14:09:44', 34, 38),
(561, 1, '2020-07-25 14:13:55', '2020-07-25 14:13:55', 34, 36),
(563, 1, '2020-07-27 08:08:26', '2020-07-27 08:08:26', 1361, 35);

-- --------------------------------------------------------

--
-- Table structure for table `ForceUpdates`
--

CREATE TABLE `ForceUpdates` (
  `id` int(11) NOT NULL,
  `app_version` varchar(255) DEFAULT NULL,
  `force_upgrade` tinyint(1) DEFAULT '0',
  `createdAt` datetime NOT NULL,
  `updatedAt` datetime NOT NULL
) ENGINE=InnoDB DEFAULT CHARSET=latin1;

-- --------------------------------------------------------

--
-- Table structure for table `IllustrateImages`
--

CREATE TABLE `IllustrateImages` (
  `id` int(11) NOT NULL,
  `image` varchar(255) DEFAULT NULL,
  `status` int(11) DEFAULT '1',
  `createdAt` datetime NOT NULL,
  `updatedAt` datetime NOT NULL,
  `StoryId` int(11) DEFAULT NULL
) ENGINE=InnoDB DEFAULT CHARSET=latin1;

--
-- Dumping data for table `IllustrateImages`
--

INSERT INTO `IllustrateImages` (`id`, `image`, `status`, `createdAt`, `updatedAt`, `StoryId`) VALUES
(1, 'image-1', 1, '2020-06-17 00:00:00', '2020-06-17 00:00:00', NULL),
(2, 'image-2', 1, '2020-06-17 00:00:00', '2020-06-17 00:00:00', NULL);

-- --------------------------------------------------------

--
-- Table structure for table `Notifications`
--

CREATE TABLE `Notifications` (
  `id` int(11) NOT NULL,
  `title` varchar(255) DEFAULT NULL,
  `message` varchar(255) DEFAULT NULL,
  `notification_type` varchar(255) DEFAULT NULL,
  `status` int(11) DEFAULT '0' COMMENT '0-not sent 1-sent',
  `createdAt` datetime NOT NULL,
  `updatedAt` datetime NOT NULL,
  `AccountId` int(11) DEFAULT NULL
) ENGINE=InnoDB DEFAULT CHARSET=latin1;

--
-- Dumping data for table `Notifications`
--

INSERT INTO `Notifications` (`id`, `title`, `message`, `notification_type`, `status`, `createdAt`, `updatedAt`, `AccountId`) VALUES
(1, 'Story Read', 'ajjajajajaj have completed reading book', 'read_story', 1, '2020-07-21 07:20:35', '2020-07-23 09:00:00', 6),
(2, 'Story Read', 'ww have completed reading book', 'read_story', 1, '2020-07-21 07:21:34', '2020-07-23 09:00:00', 1),
(3, 'Story Read', 'ww have completed reading book', 'read_story', 1, '2020-07-21 07:21:36', '2020-07-23 10:00:00', 1),
(4, 'Story Read', 'ww have completed reading book', 'read_story', 1, '2020-07-21 07:21:38', '2020-07-23 11:00:00', 1),
(5, 'Story Read', 'ww have completed reading book', 'read_story', 1, '2020-07-21 07:21:38', '2020-07-23 12:00:00', 1),
(6, 'Story Read', 'ww have completed reading book', 'read_story', 1, '2020-07-21 07:21:39', '2020-07-23 13:00:00', 1),
(7, 'Story Read', 'Navjot have completed reading book', 'read_story', 1, '2020-07-21 07:52:54', '2020-07-23 09:00:00', 265),
(8, 'Story Read', 'new-updated2 have completed reading book', 'read_story', 1, '2020-07-21 14:40:18', '2020-07-23 14:00:00', 1),
(9, 'Badge earned', 'new-updated2 has earned Scholar badge', 'badge_earned', 1, '2020-07-21 14:40:19', '2020-07-23 15:00:00', 1),
(10, 'Badge earned', 'new-updated2 has earned Pro badge', 'badge_earned', 1, '2020-07-21 14:40:19', '2020-07-23 16:00:00', 1),
(11, 'Story Read', 'vijaya have completed reading book', 'read_story', 1, '2020-07-21 16:20:35', '2020-07-23 09:00:00', 408),
(12, 'Badge earned', 'vijaya has earned Scholar badge', 'badge_earned', 1, '2020-07-21 16:20:35', '2020-07-23 10:00:00', 408),
(13, 'Story Read', 'Ray have completed reading book', 'read_story', 1, '2020-07-21 16:22:39', '2020-07-23 11:00:00', 408),
(14, 'Badge earned', 'Ray has earned Scholar badge', 'badge_earned', 1, '2020-07-21 16:22:39', '2020-07-23 12:00:00', 408),
(15, 'Story Read', 'test have completed reading book', 'read_story', 1, '2020-07-21 16:27:53', '2020-07-23 09:00:00', 115),
(16, 'Badge earned', 'test has earned Pro badge', 'badge_earned', 1, '2020-07-21 16:27:53', '2020-07-23 10:00:00', 115),
(17, 'Story Read', 'vjbrj have completed reading book', 'read_story', 1, '2020-07-23 01:08:51', '2020-07-23 11:00:00', 115),
(18, 'Badge earned', 'vjbrj has earned Pro badge', 'badge_earned', 1, '2020-07-23 01:08:51', '2020-07-23 12:00:00', 115),
(19, 'Story Read', 'test have completed reading book', 'read_story', 1, '2020-07-23 01:22:42', '2020-07-23 13:00:00', 115),
(20, 'Story Read', 'test have completed reading book', 'read_story', 1, '2020-07-23 01:23:34', '2020-07-23 14:00:00', 115),
(21, 'Story Read', 'patrik have completed reading book', 'read_story', 1, '2020-07-23 07:38:59', '2020-07-23 09:00:00', 411),
(22, 'Badge earned', 'patrik has earned Scholar badge', 'badge_earned', 1, '2020-07-23 07:38:59', '2020-07-23 10:00:00', 411),
(23, 'Badge earned', 'patrik has earned Pro badge', 'badge_earned', 1, '2020-07-23 07:38:59', '2020-07-23 11:00:00', 411),
(24, 'Story Read', 'child have completed reading book', 'read_story', 1, '2020-07-23 07:40:03', '2020-07-23 12:00:00', 411),
(25, 'Badge earned', 'child has earned Scholar badge', 'badge_earned', 1, '2020-07-23 07:40:03', '2020-07-23 13:00:00', 411),
(26, 'Story Read', 'patrik have completed reading book', 'read_story', 1, '2020-07-23 07:42:33', '2020-07-23 14:00:00', 411),
(27, 'Story Read', 'John have completed reading book', 'read_story', 1, '2020-07-23 07:45:37', '2020-07-23 09:00:00', 353),
(28, 'Badge earned', 'John has earned Scholar badge', 'badge_earned', 1, '2020-07-23 07:45:37', '2020-07-23 10:00:00', 353),
(29, 'Story Read', 'patrik have completed reading book', 'read_story', 1, '2020-07-23 07:48:20', '2020-07-23 15:00:00', 411),
(30, 'Story Read', 'vinay have completed reading book', 'read_story', 1, '2020-07-23 07:50:05', '2020-07-23 09:00:00', 412),
(31, 'Badge earned', 'vinay has earned Scholar badge', 'badge_earned', 1, '2020-07-23 07:50:05', '2020-07-23 10:00:00', 412),
(32, 'Badge earned', 'vinay has earned Pro badge', 'badge_earned', 1, '2020-07-23 07:50:05', '2020-07-23 11:00:00', 412),
(33, 'Story Read', 'vinay have completed reading book', 'read_story', 1, '2020-07-23 07:51:26', '2020-07-23 12:00:00', 412),
(34, 'Story Read', 'vinay have completed reading book', 'read_story', 1, '2020-07-23 07:52:37', '2020-07-23 13:00:00', 412),
(35, 'Story Read', 'Riya have completed reading book', 'read_story', 1, '2020-07-23 07:59:26', '2020-07-23 09:00:00', 2),
(36, 'Badge earned', 'Riya has earned Scholar badge', 'badge_earned', 1, '2020-07-23 07:59:26', '2020-07-23 10:00:00', 2),
(37, 'Badge earned', 'Riya has earned Pro badge', 'badge_earned', 1, '2020-07-23 07:59:26', '2020-07-23 11:00:00', 2),
(38, 'Story Read', 'Tester have completed reading book', 'read_story', 1, '2020-07-23 08:10:07', '2020-07-23 09:00:00', 279),
(39, 'Badge earned', 'Tester has earned Pro badge', 'badge_earned', 1, '2020-07-23 08:10:07', '2020-07-23 10:00:00', 279),
(40, 'Story Read', 'Varsha have completed reading book', 'read_story', 1, '2020-07-23 08:10:36', '2020-07-23 12:00:00', 2),
(41, 'Story Read', 'Varsha have completed reading book', 'read_story', 1, '2020-07-23 08:11:31', '2020-07-23 13:00:00', 2),
(42, 'Story Read', 'Wheeler have completed reading book', 'read_story', 1, '2020-07-23 08:12:15', '2020-07-23 11:00:00', 279),
(43, 'Badge earned', 'Wheeler has earned Pro badge', 'badge_earned', 1, '2020-07-23 08:12:15', '2020-07-23 12:00:00', 279),
(44, 'Story Read', 'Rahul have completed reading book', 'read_story', 1, '2020-07-23 08:35:40', '2020-07-23 14:00:00', 2),
(45, 'Badge earned', 'Rahul has earned Scholar badge', 'badge_earned', 1, '2020-07-23 08:35:40', '2020-07-23 15:00:00', 2),
(46, 'Badge earned', 'Rahul has earned Pro badge', 'badge_earned', 1, '2020-07-23 08:35:40', '2020-07-23 16:00:00', 2),
(47, 'Story Read', 'Riya have completed reading book', 'read_story', 1, '2020-07-23 08:43:11', '2020-07-23 17:00:00', 2),
(48, 'Story Read', 'Riya have completed reading book', 'read_story', 1, '2020-07-23 08:44:18', '2020-07-23 18:00:00', 2),
(49, 'Story Read', 'Rahul Kumar have completed reading book', 'read_story', 1, '2020-07-23 09:48:27', '2020-07-23 19:00:00', 2),
(50, 'Badge earned', 'Rahul Kumar has earned Pro badge', 'badge_earned', 1, '2020-07-23 09:48:27', '2020-07-23 20:00:00', 2),
(51, 'Story Read', 'Rahul Kumar have completed reading book', 'read_story', 1, '2020-07-23 09:55:21', '2020-07-23 21:00:00', 2),
(52, 'Story Read', 'weeknd have completed reading book', 'read_story', 1, '2020-07-23 10:00:19', '2020-07-23 11:00:00', 413),
(53, 'Badge earned', 'weeknd has earned Scholar badge', 'badge_earned', 1, '2020-07-23 10:00:19', '2020-07-23 12:00:00', 413),
(54, 'Badge earned', 'weeknd has earned Pro badge', 'badge_earned', 1, '2020-07-23 10:00:19', '2020-07-23 13:00:00', 413),
(55, 'Story Read', 'Rahul have completed reading book', 'read_story', 1, '2020-07-23 10:10:15', '2020-07-23 22:00:00', 2),
(56, 'Story Read', 'Rahul have completed reading book', 'read_story', 1, '2020-07-23 10:10:29', '2020-07-23 23:00:00', 2),
(57, 'Story Read', 'Rahul Kumar have completed reading book', 'read_story', 1, '2020-07-23 10:31:39', '2020-07-24 00:00:00', 2),
(58, 'Story Read', 'fbb have completed reading book', 'read_story', 1, '2020-07-24 06:17:28', '2020-07-25 00:00:00', 421),
(59, 'Badge earned', 'fbb has earned Scholar badge', 'badge_earned', 1, '2020-07-24 06:17:28', '2020-07-26 00:00:00', 421),
(60, 'Badge earned', 'fbb has earned Innovative badge', 'badge_earned', 1, '2020-07-24 06:17:28', '2020-07-27 00:00:00', 421),
(61, 'Story Read', 'Navjot have completed reading book', 'read_story', 1, '2020-07-24 07:48:21', '2020-07-25 00:00:00', 265),
(62, 'Story Read', 'Rahul Kumar have completed reading book', 'read_story', 1, '2020-07-24 07:56:46', '2020-07-25 00:00:00', 2),
(63, 'Story Read', 'Rahul Kumar have completed reading book', 'read_story', 1, '2020-07-24 07:57:25', '2020-07-26 00:00:00', 2),
(64, 'Story Read', 'Rahul Kumar have completed reading book', 'read_story', 1, '2020-07-24 08:04:52', '2020-07-27 00:00:00', 2),
(65, 'Story Read', 'Rahul Kumar have completed reading book', 'read_story', 0, '2020-07-24 08:05:49', '2020-07-24 08:05:49', 2),
(66, 'Story Read', 'Rahul Kumar have completed reading book', 'read_story', 0, '2020-07-24 08:30:19', '2020-07-24 08:30:19', 2),
(67, 'Story Read', 'Rahul Kumar have completed reading book', 'read_story', 0, '2020-07-24 08:44:06', '2020-07-24 08:44:06', 2),
(68, 'Badge earned', 'Rahul Kumar has earned Scholar badge', 'badge_earned', 0, '2020-07-24 08:44:06', '2020-07-24 08:44:06', 2),
(69, 'Badge earned', 'Rahul Kumar has earned Innovative badge', 'badge_earned', 0, '2020-07-24 08:44:06', '2020-07-24 08:44:06', 2),
(70, 'Story Read', 'Rahul Kumar have completed reading book', 'read_story', 0, '2020-07-24 09:35:34', '2020-07-24 09:35:34', 2),
(71, 'Story Read', 'Rahul Kumar have completed reading book', 'read_story', 0, '2020-07-24 09:53:34', '2020-07-24 09:53:34', 2),
(72, 'Badge earned', 'Rahul Kumar has earned Scholar badge', 'badge_earned', 0, '2020-07-24 09:53:34', '2020-07-24 09:53:34', 2),
(73, 'Badge earned', 'Rahul Kumar has earned Innovative badge', 'badge_earned', 0, '2020-07-24 09:53:34', '2020-07-24 09:53:34', 2),
(74, 'Story Read', 'Rahul Kumar have completed reading book', 'read_story', 0, '2020-07-24 10:07:03', '2020-07-24 10:07:03', 2),
(75, 'Badge earned', 'Rahul Kumar has earned Scholar badge', 'badge_earned', 0, '2020-07-24 10:07:03', '2020-07-24 10:07:03', 2),
(76, 'Story Read', 'Rahul Kumar have completed reading book', 'read_story', 0, '2020-07-24 10:08:22', '2020-07-24 10:08:22', 2),
(77, 'Badge earned', 'Rahul Kumar has earned Innovative badge', 'badge_earned', 0, '2020-07-24 10:08:22', '2020-07-24 10:08:22', 2),
(78, 'Story Read', 'Rahul Kumar have completed reading book', 'read_story', 0, '2020-07-24 10:11:54', '2020-07-24 10:11:54', 2),
(79, 'Story Read', 'Rahul Kumar have completed reading book', 'read_story', 0, '2020-07-24 10:12:54', '2020-07-24 10:12:54', 2),
(80, 'Story Read', 'Rahul Kumar have completed reading book', 'read_story', 0, '2020-07-24 10:24:16', '2020-07-24 10:24:16', 2),
(81, 'Story Read', 'Rahul Kumar have completed reading book', 'read_story', 0, '2020-07-24 10:24:38', '2020-07-24 10:24:38', 2),
(82, 'Story Read', 'weeknd have completed reading book', 'read_story', 1, '2020-07-24 10:26:05', '2020-07-25 00:00:00', 413),
(83, 'Story Read', 'Riya have completed reading book', 'read_story', 0, '2020-07-24 10:31:05', '2020-07-24 10:31:05', 2),
(84, 'Story Read', 'Rahul Kumar have completed reading book', 'read_story', 0, '2020-07-24 10:34:05', '2020-07-24 10:34:05', 2),
(85, 'Story Read', 'Rahul Kumar have completed reading book', 'read_story', 0, '2020-07-24 10:54:08', '2020-07-24 10:54:08', 2),
(86, 'Badge earned', 'Rahul Kumar has earned Scholar badge', 'badge_earned', 0, '2020-07-24 10:54:08', '2020-07-24 10:54:08', 2),
(87, 'Badge earned', 'Rahul Kumar has earned Innovative badge', 'badge_earned', 0, '2020-07-24 10:54:08', '2020-07-24 10:54:08', 2),
(88, 'Story Read', 'Rahul Kumar have completed reading book', 'read_story', 0, '2020-07-24 10:59:39', '2020-07-24 10:59:39', 2),
(89, 'Story Read', 'child have completed reading book', 'read_story', 1, '2020-07-24 12:33:15', '2020-07-26 00:00:00', 413),
(90, 'Badge earned', 'child has earned Scholar badge', 'badge_earned', 1, '2020-07-24 12:33:15', '2020-07-27 00:00:00', 413),
(91, 'Badge earned', 'child has earned Innovative badge', 'badge_earned', 0, '2020-07-24 12:33:15', '2020-07-24 12:33:15', 413),
(92, 'Story Read', 'vidu have completed reading book', 'read_story', 1, '2020-07-24 12:37:39', '2020-07-25 00:00:00', 54),
(93, 'Story Read', 'chitu have completed reading book', 'read_story', 1, '2020-07-24 12:43:21', '2020-07-26 00:00:00', 54),
(94, 'Story Read', 'monu have completed reading book', 'read_story', 1, '2020-07-24 12:46:06', '2020-07-27 00:00:00', 54),
(95, 'Badge earned', 'monu has earned Scholar badge', 'badge_earned', 0, '2020-07-24 12:46:06', '2020-07-24 12:46:06', 54),
(96, 'Badge earned', 'monu has earned Innovative badge', 'badge_earned', 0, '2020-07-24 12:46:06', '2020-07-24 12:46:06', 54),
(97, 'Story Read', 'reetu have completed reading book', 'read_story', 0, '2020-07-24 12:53:52', '2020-07-24 12:53:52', 2),
(98, 'Badge earned', 'reetu has earned Scholar badge', 'badge_earned', 0, '2020-07-24 12:53:52', '2020-07-24 12:53:52', 2),
(99, 'Badge earned', 'reetu has earned Innovative badge', 'badge_earned', 0, '2020-07-24 12:53:52', '2020-07-24 12:53:52', 2),
(100, 'Story Read', 'chintu have completed reading book', 'read_story', 0, '2020-07-24 12:57:31', '2020-07-24 12:57:31', 2),
(101, 'Badge earned', 'chintu has earned Scholar badge', 'badge_earned', 0, '2020-07-24 12:57:31', '2020-07-24 12:57:31', 2),
(102, 'Badge earned', 'chintu has earned Innovative badge', 'badge_earned', 0, '2020-07-24 12:57:31', '2020-07-24 12:57:31', 2),
(103, 'Story Read', 'chintu have completed reading book', 'read_story', 0, '2020-07-24 12:59:54', '2020-07-24 12:59:54', 2),
(104, 'Badge earned', 'chintu has earned Scholar badge', 'badge_earned', 0, '2020-07-24 12:59:54', '2020-07-24 12:59:54', 2),
(105, 'Story Read', 'Rahul Kumar have completed reading book', 'read_story', 0, '2020-07-24 13:37:55', '2020-07-24 13:37:55', 2),
(106, 'Story Read', 'vijaya have completed reading book', 'read_story', 1, '2020-07-24 18:28:53', '2020-07-25 00:00:00', 408),
(107, 'Story Read', 'vijaya have completed reading book', 'read_story', 1, '2020-07-24 18:29:51', '2020-07-26 00:00:00', 408),
(108, 'Badge earned', 'vijaya has earned Innovative badge', 'badge_earned', 1, '2020-07-24 18:29:51', '2020-07-27 00:00:00', 408),
(109, 'Story Read', 'adi have completed reading book', 'read_story', 0, '2020-07-24 19:27:46', '2020-07-24 19:27:46', 408),
(110, 'Badge earned', 'adi has earned Scholar badge', 'badge_earned', 0, '2020-07-24 19:27:46', '2020-07-24 19:27:46', 408),
(111, 'Badge earned', 'adi has earned Innovative badge', 'badge_earned', 0, '2020-07-24 19:27:46', '2020-07-24 19:27:46', 408),
(112, 'Story Read', 'adi have completed reading book', 'read_story', 0, '2020-07-24 19:28:19', '2020-07-24 19:28:19', 408),
(113, 'Story Read', 'adi have completed reading book', 'read_story', 0, '2020-07-24 19:29:16', '2020-07-24 19:29:16', 408),
(114, 'Story Read', 'adi have completed reading book', 'read_story', 0, '2020-07-24 19:29:40', '2020-07-24 19:29:40', 408),
(115, 'Story Read', 'Ray have completed reading book', 'read_story', 0, '2020-07-24 19:34:50', '2020-07-24 19:34:50', 408),
(116, 'Story Read', 'Ray have completed reading book', 'read_story', 0, '2020-07-24 19:36:00', '2020-07-24 19:36:00', 408),
(117, 'Badge earned', 'Ray has earned Innovative badge', 'badge_earned', 0, '2020-07-24 19:36:00', '2020-07-24 19:36:00', 408),
(118, 'Story Read', 'Ray have completed reading book', 'read_story', 0, '2020-07-24 19:36:33', '2020-07-24 19:36:33', 408),
(119, 'Story Read', 'adi have completed reading book', 'read_story', 0, '2020-07-24 20:08:51', '2020-07-24 20:08:51', 408),
(120, 'Story Read', 'vih have completed reading book', 'read_story', 0, '2020-07-24 20:13:17', '2020-07-24 20:13:17', 408),
(121, 'Badge earned', 'vih has earned Scholar badge', 'badge_earned', 0, '2020-07-24 20:13:17', '2020-07-24 20:13:17', 408),
(122, 'Badge earned', 'vih has earned Innovative badge', 'badge_earned', 0, '2020-07-24 20:13:17', '2020-07-24 20:13:17', 408),
(123, 'Story Read', 'vih have completed reading book', 'read_story', 0, '2020-07-24 20:14:23', '2020-07-24 20:14:23', 408),
(124, 'Story Read', 'vih have completed reading book', 'read_story', 0, '2020-07-24 20:15:02', '2020-07-24 20:15:02', 408),
(125, 'Story Read', 'vijaya have completed reading book', 'read_story', 0, '2020-07-25 01:46:01', '2020-07-25 01:46:01', 408),
(126, 'Story Read', 'vijaya have completed reading book', 'read_story', 0, '2020-07-25 01:46:24', '2020-07-25 01:46:24', 408),
(127, 'Story Read', 'vijaya have completed reading book', 'read_story', 0, '2020-07-25 01:52:29', '2020-07-25 01:52:29', 408),
(128, 'Story Read', 'test have completed reading book', 'read_story', 1, '2020-07-25 02:07:31', '2020-07-26 00:00:00', 115),
(129, 'Badge earned', 'test has earned Innovative badge', 'badge_earned', 1, '2020-07-25 02:07:31', '2020-07-27 00:00:00', 115),
(130, 'Story Read', 'vijay have completed reading book', 'read_story', 0, '2020-07-25 02:07:46', '2020-07-25 02:07:46', 408),
(131, 'Story Read', 'test have completed reading book', 'read_story', 0, '2020-07-25 02:08:37', '2020-07-25 02:08:37', 115),
(132, 'Story Read', 'vjbrjw have completed reading book', 'read_story', 0, '2020-07-25 02:13:13', '2020-07-25 02:13:13', 115),
(133, 'Story Read', 'vbr have completed reading book', 'read_story', 0, '2020-07-25 02:13:51', '2020-07-25 02:13:51', 115),
(134, 'Story Read', 'Ray have completed reading book', 'read_story', 0, '2020-07-25 02:23:25', '2020-07-25 02:23:25', 408),
(135, 'Story Read', 'Rahul Kumar have completed reading book', 'read_story', 0, '2020-07-27 07:59:28', '2020-07-27 07:59:28', 2),
(136, 'Badge earned', 'Rahul Kumar has earned Scholar badge', 'badge_earned', 0, '2020-07-27 07:59:28', '2020-07-27 07:59:28', 2),
(137, 'Story Read', 'Rahul Kumar have completed reading book', 'read_story', 0, '2020-07-27 08:00:18', '2020-07-27 08:00:18', 2),
(138, 'Badge earned', 'Rahul Kumar has earned Innovative badge', 'badge_earned', 0, '2020-07-27 08:00:18', '2020-07-27 08:00:18', 2),
(139, 'Story Read', 'amandeep have completed reading book', 'read_story', 0, '2020-07-27 08:05:10', '2020-07-27 08:05:10', 428),
(140, 'Badge earned', 'amandeep has earned Scholar badge', 'badge_earned', 0, '2020-07-27 08:05:10', '2020-07-27 08:05:10', 428),
(141, 'Badge earned', 'amandeep has earned Innovative badge', 'badge_earned', 0, '2020-07-27 08:05:10', '2020-07-27 08:05:10', 428),
(142, 'Story Read', 'amandeep have completed reading book', 'read_story', 0, '2020-07-27 08:05:44', '2020-07-27 08:05:44', 428),
(143, 'Story Read', 'amandeep have completed reading book', 'read_story', 0, '2020-07-27 08:05:56', '2020-07-27 08:05:56', 428),
(144, 'Story Read', 'Amandeep  have completed reading book', 'read_story', 0, '2020-07-27 08:28:49', '2020-07-27 08:28:49', 428),
(145, 'Story Read', 'Amandeep  have completed reading book', 'read_story', 0, '2020-07-27 08:30:06', '2020-07-27 08:30:06', 428),
(146, 'Story Read', 'Amandeep  have completed reading book', 'read_story', 0, '2020-07-27 08:31:16', '2020-07-27 08:31:16', 428),
(147, 'Story Read', 'child three have completed reading book', 'read_story', 0, '2020-07-27 08:32:25', '2020-07-27 08:32:25', 428),
(148, 'Badge earned', 'child three has earned Scholar badge', 'badge_earned', 0, '2020-07-27 08:32:25', '2020-07-27 08:32:25', 428),
(149, 'Badge earned', 'child three has earned Innovative badge', 'badge_earned', 0, '2020-07-27 08:32:25', '2020-07-27 08:32:25', 428),
(150, 'Story Read', 'child two have completed reading book', 'read_story', 0, '2020-07-27 08:36:16', '2020-07-27 08:36:16', 428),
(151, 'Badge earned', 'child two has earned Scholar badge', 'badge_earned', 0, '2020-07-27 08:36:16', '2020-07-27 08:36:16', 428),
(152, 'Badge earned', 'child two has earned Innovative badge', 'badge_earned', 0, '2020-07-27 08:36:16', '2020-07-27 08:36:16', 428),
(153, 'Story Read', 'child two have completed reading book', 'read_story', 0, '2020-07-27 08:36:50', '2020-07-27 08:36:50', 428),
(154, 'Story Read', 'cat have completed reading book', 'read_story', 0, '2020-07-27 09:35:15', '2020-07-27 09:35:15', 70),
(155, 'Badge earned', 'cat has earned Scholar badge', 'badge_earned', 0, '2020-07-27 09:35:15', '2020-07-27 09:35:15', 70),
(156, 'Badge earned', 'cat has earned Innovative badge', 'badge_earned', 0, '2020-07-27 09:35:15', '2020-07-27 09:35:15', 70),
(157, 'Story Read', 'cat have completed reading book', 'read_story', 0, '2020-07-27 09:35:57', '2020-07-27 09:35:57', 70),
(158, 'Story Read', 'cat have completed reading book', 'read_story', 0, '2020-07-27 09:37:21', '2020-07-27 09:37:21', 70),
(159, 'Story Read', 'Sweet have completed reading book', 'read_story', 0, '2020-07-27 09:38:26', '2020-07-27 09:38:26', 70),
(160, 'Badge earned', 'Sweet has earned Scholar badge', 'badge_earned', 0, '2020-07-27 09:38:26', '2020-07-27 09:38:26', 70),
(161, 'Badge earned', 'Sweet has earned Innovative badge', 'badge_earned', 0, '2020-07-27 09:38:26', '2020-07-27 09:38:26', 70),
(162, 'Story Read', 'Sweet have completed reading book', 'read_story', 0, '2020-07-27 09:39:12', '2020-07-27 09:39:12', 70),
(163, 'Story Read', 'Sweet have completed reading book', 'read_story', 0, '2020-07-27 10:24:53', '2020-07-27 10:24:53', 54),
(164, 'Story Read', 'bro have completed reading book', 'read_story', 0, '2020-07-27 10:36:05', '2020-07-27 10:36:05', 85),
(165, 'Badge earned', 'bro has earned Scholar badge', 'badge_earned', 0, '2020-07-27 10:36:05', '2020-07-27 10:36:05', 85),
(166, 'Badge earned', 'bro has earned Innovative badge', 'badge_earned', 0, '2020-07-27 10:36:05', '2020-07-27 10:36:05', 85),
(167, 'Story Read', 'down have completed reading book', 'read_story', 0, '2020-07-27 10:43:48', '2020-07-27 10:43:48', 429),
(168, 'Badge earned', 'down has earned Scholar badge', 'badge_earned', 0, '2020-07-27 10:43:48', '2020-07-27 10:43:48', 429),
(169, 'Badge earned', 'down has earned Innovative badge', 'badge_earned', 0, '2020-07-27 10:43:48', '2020-07-27 10:43:48', 429),
(170, 'Story Read', 'down have completed reading book', 'read_story', 0, '2020-07-27 10:47:32', '2020-07-27 10:47:32', 429),
(171, 'Story Read', 'bro have completed reading book', 'read_story', 0, '2020-07-27 10:50:30', '2020-07-27 10:50:30', 85),
(172, 'Story Read', 'down have completed reading book', 'read_story', 0, '2020-07-27 10:51:23', '2020-07-27 10:51:23', 429),
(173, 'Story Read', 'right have completed reading book', 'read_story', 0, '2020-07-27 10:55:49', '2020-07-27 10:55:49', 430),
(174, 'Badge earned', 'right has earned Scholar badge', 'badge_earned', 0, '2020-07-27 10:55:49', '2020-07-27 10:55:49', 430),
(175, 'Badge earned', 'right has earned Innovative badge', 'badge_earned', 0, '2020-07-27 10:55:49', '2020-07-27 10:55:49', 430),
(176, 'Story Read', 'right have completed reading book', 'read_story', 0, '2020-07-27 10:57:57', '2020-07-27 10:57:57', 430),
(177, 'Story Read', 'asdf have completed reading book', 'read_story', 0, '2020-07-27 11:01:10', '2020-07-27 11:01:10', 100),
(178, 'Badge earned', 'asdf has earned Scholar badge', 'badge_earned', 0, '2020-07-27 11:01:10', '2020-07-27 11:01:10', 100),
(179, 'Badge earned', 'asdf has earned Innovative badge', 'badge_earned', 0, '2020-07-27 11:01:10', '2020-07-27 11:01:10', 100),
(180, 'Story Read', 'right have completed reading book', 'read_story', 0, '2020-07-27 11:02:07', '2020-07-27 11:02:07', 430),
(181, 'Story Read', 'right have completed reading book', 'read_story', 0, '2020-07-27 11:07:19', '2020-07-27 11:07:19', 430),
(182, 'Story Read', 'right have completed reading book', 'read_story', 0, '2020-07-27 11:09:17', '2020-07-27 11:09:17', 430),
(183, 'Story Read', 'right have completed reading book', 'read_story', 0, '2020-07-27 11:12:50', '2020-07-27 11:12:50', 430),
(184, 'Story Read', 'cramp have completed reading book', 'read_story', 0, '2020-07-27 11:32:27', '2020-07-27 11:32:27', 431),
(185, 'Badge earned', 'cramp has earned Scholar badge', 'badge_earned', 0, '2020-07-27 11:32:27', '2020-07-27 11:32:27', 431),
(186, 'Badge earned', 'cramp has earned Innovative badge', 'badge_earned', 0, '2020-07-27 11:32:27', '2020-07-27 11:32:27', 431),
(187, 'Story Read', 'bindu have completed reading book', 'read_story', 0, '2020-07-27 11:33:43', '2020-07-27 11:33:43', 100),
(188, 'Badge earned', 'bindu has earned Scholar badge', 'badge_earned', 0, '2020-07-27 11:33:43', '2020-07-27 11:33:43', 100),
(189, 'Badge earned', 'bindu has earned Innovative badge', 'badge_earned', 0, '2020-07-27 11:33:43', '2020-07-27 11:33:43', 100),
(190, 'Story Read', 'cramp have completed reading book', 'read_story', 0, '2020-07-27 11:34:29', '2020-07-27 11:34:29', 431),
(191, 'Story Read', 'bindu have completed reading book', 'read_story', 0, '2020-07-27 11:34:52', '2020-07-27 11:34:52', 100),
(192, 'Story Read', 'cramp have completed reading book', 'read_story', 0, '2020-07-27 11:35:01', '2020-07-27 11:35:01', 431),
(193, 'Story Read', 'cramp have completed reading book', 'read_story', 0, '2020-07-27 11:37:31', '2020-07-27 11:37:31', 431),
(194, 'Story Read', 'cramp have completed reading book', 'read_story', 0, '2020-07-27 11:38:28', '2020-07-27 11:38:28', 431),
(195, 'Story Read', 'cramp have completed reading book', 'read_story', 0, '2020-07-27 11:41:23', '2020-07-27 11:41:23', 431),
(196, 'Story Read', 'child one have completed reading book', 'read_story', 0, '2020-07-27 11:42:38', '2020-07-27 11:42:38', 431),
(197, 'Badge earned', 'child one has earned Scholar badge', 'badge_earned', 0, '2020-07-27 11:42:38', '2020-07-27 11:42:38', 431),
(198, 'Badge earned', 'child one has earned Innovative badge', 'badge_earned', 0, '2020-07-27 11:42:38', '2020-07-27 11:42:38', 431),
(199, 'Story Read', 'child one have completed reading book', 'read_story', 0, '2020-07-27 11:43:14', '2020-07-27 11:43:14', 431),
(200, 'Story Read', 'child one have completed reading book', 'read_story', 0, '2020-07-27 11:44:21', '2020-07-27 11:44:21', 431),
(201, 'Story Read', 'asdf have completed reading book', 'read_story', 0, '2020-07-27 12:04:03', '2020-07-27 12:04:03', 100),
(202, 'Story Read', 'asdf have completed reading book', 'read_story', 0, '2020-07-27 12:04:49', '2020-07-27 12:04:49', 100),
(203, 'Story Read', 'cramp have completed reading book', 'read_story', 0, '2020-07-27 12:23:05', '2020-07-27 12:23:05', 431),
(204, 'Story Read', 'sbsj have completed reading book', 'read_story', 0, '2020-07-27 12:27:44', '2020-07-27 12:27:44', 431),
(205, 'Badge earned', 'sbsj has earned Scholar badge', 'badge_earned', 0, '2020-07-27 12:27:44', '2020-07-27 12:27:44', 431),
(206, 'Story Read', 'sbsj have completed reading book', 'read_story', 0, '2020-07-27 12:28:03', '2020-07-27 12:28:03', 431),
(207, 'Badge earned', 'sbsj has earned Innovative badge', 'badge_earned', 0, '2020-07-27 12:28:03', '2020-07-27 12:28:03', 431);

-- --------------------------------------------------------

--
-- Table structure for table `ProfileValues`
--

CREATE TABLE `ProfileValues` (
  `id` int(11) NOT NULL,
  `point` int(11) DEFAULT NULL,
  `createdAt` datetime NOT NULL,
  `updatedAt` datetime NOT NULL,
  `UserProfileId` int(11) DEFAULT NULL,
  `ValueTagId` int(11) DEFAULT NULL
) ENGINE=InnoDB DEFAULT CHARSET=latin1;

--
-- Dumping data for table `ProfileValues`
--

INSERT INTO `ProfileValues` (`id`, `point`, `createdAt`, `updatedAt`, `UserProfileId`, `ValueTagId`) VALUES
(1, 10, '2020-06-23 00:00:00', '2020-06-23 00:00:00', 154, NULL),
(2, 10, '2020-06-29 13:30:04', '2020-06-29 13:30:04', 1, 6),
(17, 20, '2020-07-09 07:41:14', '2020-07-09 07:41:14', 770, 6),
(18, 20, '2020-07-09 07:41:14', '2020-07-09 07:41:14', 770, 5),
(19, 30, '2020-07-09 08:07:43', '2020-07-09 08:07:43', 774, 6),
(20, 30, '2020-07-09 08:07:43', '2020-07-09 08:07:43', 774, 5),
(23, 15, '2020-07-09 09:33:44', '2020-07-09 09:33:44', 778, 6),
(24, 15, '2020-07-09 09:33:44', '2020-07-09 09:33:44', 778, 5),
(27, 20, '2020-07-09 12:34:48', '2020-07-09 12:34:48', 790, 6),
(28, 20, '2020-07-09 12:34:48', '2020-07-09 12:34:48', 790, 5),
(29, 20, '2020-07-09 13:14:11', '2020-07-09 13:14:11', 803, 6),
(30, 20, '2020-07-09 13:14:11', '2020-07-09 13:14:11', 803, 5),
(31, 50, '2020-07-09 13:19:44', '2020-07-09 13:19:44', 804, 6),
(32, 50, '2020-07-09 13:19:44', '2020-07-09 13:19:44', 804, 5),
(33, 65, '2020-07-09 13:35:27', '2020-07-09 13:35:27', 808, 6),
(34, 65, '2020-07-09 13:35:27', '2020-07-09 13:35:27', 808, 5),
(35, 10, '2020-07-10 03:35:34', '2020-07-10 03:35:34', 815, 6),
(36, 10, '2020-07-10 03:35:34', '2020-07-10 03:35:34', 815, 5),
(37, 20, '2020-07-10 07:02:04', '2020-07-10 07:02:04', 827, 6),
(38, 20, '2020-07-10 07:02:04', '2020-07-10 07:02:04', 827, 5),
(39, 30, '2020-07-10 08:13:35', '2020-07-10 08:13:35', 836, 6),
(40, 30, '2020-07-10 08:13:35', '2020-07-10 08:13:35', 836, 5),
(41, 30, '2020-07-10 08:17:59', '2020-07-10 08:17:59', 840, 6),
(42, 30, '2020-07-10 08:17:59', '2020-07-10 08:17:59', 840, 5),
(43, 50, '2020-07-10 08:24:06', '2020-07-10 08:24:06', 847, 6),
(44, 50, '2020-07-10 08:24:06', '2020-07-10 08:24:06', 847, 5),
(45, 25, '2020-07-10 08:30:48', '2020-07-10 08:30:48', 826, 6),
(46, 25, '2020-07-10 08:30:48', '2020-07-10 08:30:48', 826, 5),
(47, 20, '2020-07-10 08:38:32', '2020-07-10 08:38:32', 35, 6),
(48, 20, '2020-07-10 08:38:32', '2020-07-10 08:38:32', 35, 5),
(49, 20, '2020-07-10 08:52:01', '2020-07-10 08:52:01', 852, 6),
(50, 20, '2020-07-10 08:52:01', '2020-07-10 08:52:01', 852, 5),
(51, 20, '2020-07-10 08:58:00', '2020-07-10 08:58:00', 853, 6),
(52, 20, '2020-07-10 08:58:00', '2020-07-10 08:58:00', 853, 5),
(55, 20, '2020-07-10 14:03:04', '2020-07-10 14:03:04', 371, 6),
(56, 20, '2020-07-10 14:03:04', '2020-07-10 14:03:04', 371, 5),
(57, 25, '2020-07-10 23:29:14', '2020-07-11 00:41:00', 240, 7),
(58, 45, '2020-07-10 23:34:59', '2020-07-25 02:07:31', 371, 7),
(59, 20, '2020-07-10 23:36:14', '2020-07-10 23:36:14', 747, 7),
(62, 15, '2020-07-11 06:28:18', '2020-07-11 06:28:18', 906, 7),
(65, 45, '2020-07-11 07:31:00', '2020-07-23 08:10:07', 913, 7),
(66, 10, '2020-07-11 07:42:51', '2020-07-11 07:42:51', 918, 8),
(67, 20, '2020-07-11 07:56:51', '2020-07-11 07:56:51', 914, 7),
(68, 20, '2020-07-11 08:06:59', '2020-07-11 08:06:59', 919, 7),
(69, 85, '2020-07-11 08:08:47', '2020-07-11 12:31:33', 826, 7),
(70, 20, '2020-07-11 08:15:18', '2020-07-11 08:15:18', 920, 7),
(71, 15, '2020-07-11 08:18:16', '2020-07-11 08:18:16', 921, 7),
(72, 10, '2020-07-11 08:19:07', '2020-07-11 08:19:07', 922, 8),
(73, 25, '2020-07-11 09:52:34', '2020-07-11 09:52:34', 930, 7),
(74, 55, '2020-07-11 10:14:55', '2020-07-11 10:22:58', 932, 7),
(75, 10, '2020-07-11 10:14:56', '2020-07-11 10:14:56', 934, 8),
(76, 30, '2020-07-11 10:29:52', '2020-07-11 10:29:52', 937, 7),
(77, 15, '2020-07-11 12:03:04', '2020-07-11 12:03:04', 948, 7),
(78, 55, '2020-07-11 14:02:04', '2020-07-11 14:14:17', 386, 7),
(79, 25, '2020-07-13 06:22:07', '2020-07-13 06:22:07', 1052, 7),
(80, 25, '2020-07-13 06:28:51', '2020-07-13 06:28:51', 1056, 7),
(81, 20, '2020-07-13 06:38:20', '2020-07-13 06:38:20', 1060, 7),
(82, 20, '2020-07-13 07:11:13', '2020-07-13 07:11:13', 1066, 7),
(83, 10, '2020-07-13 07:56:10', '2020-07-13 07:56:10', 1, 7),
(87, 35, '2020-07-13 08:56:28', '2020-07-13 09:01:19', 1068, 7),
(88, 10, '2020-07-13 09:02:58', '2020-07-13 09:02:58', 1068, 8),
(89, 30, '2020-07-13 09:09:35', '2020-07-13 09:09:35', 1069, 7),
(90, 30, '2020-07-13 09:40:30', '2020-07-13 09:42:42', 866, 7),
(91, 25, '2020-07-13 09:44:24', '2020-07-13 09:44:24', 1072, 7),
(92, 20, '2020-07-13 09:55:46', '2020-07-13 09:55:46', 205, 7),
(93, 10, '2020-07-13 09:55:59', '2020-07-13 09:55:59', 205, 8),
(94, 20, '2020-07-13 09:59:38', '2020-07-13 09:59:38', 1075, 7),
(95, 20, '2020-07-13 10:00:48', '2020-07-13 10:00:48', 1074, 7),
(96, 25, '2020-07-13 10:18:31', '2020-07-13 10:18:31', 1076, 7),
(97, 20, '2020-07-13 10:24:12', '2020-07-13 10:24:12', 1077, 7),
(98, 10, '2020-07-13 11:07:16', '2020-07-13 11:07:16', 1088, 7),
(99, 20, '2020-07-13 11:20:12', '2020-07-13 11:20:12', 1096, 7),
(100, 30, '2020-07-13 12:52:25', '2020-07-13 12:52:25', 1097, 7),
(101, 10, '2020-07-13 13:03:00', '2020-07-13 13:03:00', 1097, 8),
(102, 20, '2020-07-13 13:05:19', '2020-07-13 13:06:26', 1101, 7),
(103, 20, '2020-07-13 13:08:03', '2020-07-13 13:08:03', 1102, 7),
(104, 35, '2020-07-13 13:19:04', '2020-07-13 13:22:51', 1105, 7),
(105, 20, '2020-07-14 05:44:32', '2020-07-14 05:44:32', 189, 7),
(106, 15, '2020-07-14 06:29:09', '2020-07-14 06:29:09', 1112, 7),
(107, 25, '2020-07-14 09:08:35', '2020-07-14 09:08:35', 1126, 7),
(108, 10, '2020-07-14 09:44:40', '2020-07-14 09:44:40', 386, 8),
(109, 20, '2020-07-14 09:50:29', '2020-07-14 09:50:29', 1134, 7),
(110, 30, '2020-07-14 10:05:32', '2020-07-14 10:22:45', 1141, 7),
(111, 20, '2020-07-14 10:10:15', '2020-07-14 10:10:15', 1140, 7),
(112, 20, '2020-07-14 10:19:46', '2020-07-14 10:22:07', 1138, 7),
(113, 10, '2020-07-14 11:42:02', '2020-07-14 11:42:02', 1142, 7),
(114, 15, '2020-07-14 11:45:58', '2020-07-14 11:45:58', 1143, 7),
(115, 15, '2020-07-14 12:14:42', '2020-07-14 12:14:42', 1144, 7),
(116, 30, '2020-07-14 12:20:29', '2020-07-14 12:23:04', 1151, 7),
(117, 25, '2020-07-14 13:14:43', '2020-07-14 13:15:19', 1164, 7),
(118, 10, '2020-07-14 13:15:49', '2020-07-14 13:15:49', 1165, 7),
(119, 10, '2020-07-14 13:16:38', '2020-07-14 13:16:38', 1166, 7),
(120, 10, '2020-07-14 13:18:28', '2020-07-14 13:18:28', 1166, 8),
(121, 10, '2020-07-14 13:22:26', '2020-07-14 13:22:26', 1167, 7),
(122, 20, '2020-07-14 13:22:59', '2020-07-14 13:28:08', 1168, 7),
(123, 25, '2020-07-14 13:23:56', '2020-07-14 13:26:20', 1169, 7),
(124, 10, '2020-07-14 13:25:49', '2020-07-14 13:25:49', 1170, 7),
(125, 30, '2020-07-14 13:30:32', '2020-07-14 13:38:44', 1172, 7),
(126, 15, '2020-07-14 13:33:39', '2020-07-14 13:33:39', 1174, 7),
(127, 30, '2020-07-14 13:35:12', '2020-07-14 13:35:54', 1175, 7),
(128, 20, '2020-07-14 13:39:36', '2020-07-14 13:39:36', 1176, 7),
(129, 10, '2020-07-14 14:13:40', '2020-07-14 14:13:40', 1180, 7),
(130, 20, '2020-07-14 14:42:28', '2020-07-14 14:42:28', 1188, 7),
(131, 55, '2020-07-14 22:54:20', '2020-07-25 02:13:13', 370, 7),
(132, 10, '2020-07-14 22:56:02', '2020-07-14 22:56:02', 1032, 8),
(140, 35, '2020-07-14 23:49:04', '2020-07-21 16:27:53', 1194, 7),
(141, 15, '2020-07-15 01:25:28', '2020-07-15 01:25:28', 1035, 7),
(142, 20, '2020-07-15 05:53:07', '2020-07-15 05:57:53', 1195, 7),
(143, 20, '2020-07-15 06:17:17', '2020-07-15 06:17:17', 1200, 7),
(144, 45, '2020-07-15 06:56:02', '2020-07-15 06:56:48', 1201, 7),
(145, 30, '2020-07-16 03:37:15', '2020-07-16 03:37:15', 1025, 7),
(146, 25, '2020-07-16 05:29:23', '2020-07-16 05:29:23', NULL, 7),
(147, 40, '2020-07-16 06:32:32', '2020-07-16 06:34:58', 1226, 7),
(148, 10, '2020-07-16 00:00:00', '2020-07-16 00:00:00', 1173, 5),
(149, 20, '2020-07-16 00:00:00', '2020-07-16 00:00:00', 1173, 6),
(150, 50, '2020-07-16 00:00:00', '2020-07-24 12:37:39', 1173, 7),
(151, 40, '2020-07-16 00:00:00', '2020-07-16 00:00:00', 1173, 8),
(152, 50, '2020-07-16 00:00:00', '2020-07-16 00:00:00', 1173, 9),
(153, 20, '2020-07-16 18:25:13', '2020-07-16 18:25:13', 1032, 7),
(154, 20, '2020-07-17 08:50:25', '2020-07-17 08:50:25', 206, 7),
(155, 5, '2020-07-17 00:00:00', '2020-07-17 00:00:00', 1173, 5),
(156, 9, '2020-07-17 00:00:00', '2020-07-17 00:00:00', 1173, 6),
(157, 50, '2020-07-17 00:00:00', '2020-07-24 12:37:39', 1173, 7),
(158, 17, '2020-07-17 00:00:00', '2020-07-17 00:00:00', 1173, 8),
(159, 21, '2020-07-17 00:00:00', '2020-07-17 00:00:00', 1173, 9),
(160, 3, '2020-07-17 00:00:00', '2020-07-17 00:00:00', 1178, 5),
(161, 7, '2020-07-17 00:00:00', '2020-07-17 00:00:00', 1178, 6),
(162, 32, '2020-07-17 00:00:00', '2020-07-24 12:43:21', 1178, 7),
(163, 16, '2020-07-17 00:00:00', '2020-07-17 00:00:00', 1178, 8),
(164, 22, '2020-07-17 00:00:00', '2020-07-17 00:00:00', 1178, 9),
(165, 50, '2020-07-18 08:03:22', '2020-07-23 08:11:31', 96, 7),
(167, 10, '2020-07-21 07:52:54', '2020-07-21 07:52:54', 866, 8),
(168, 20, '2020-07-21 14:40:18', '2020-07-21 14:40:18', 87, 7),
(169, 45, '2020-07-21 16:20:35', '2020-07-25 01:52:29', 1297, 7),
(170, 20, '2020-07-21 16:22:39', '2020-07-24 19:36:00', 1298, 7),
(171, 20, '2020-07-23 07:38:59', '2020-07-23 07:38:59', 1304, 7),
(172, 15, '2020-07-23 07:40:03', '2020-07-23 07:40:03', 1305, 7),
(173, 15, '2020-07-23 07:45:37', '2020-07-23 07:45:37', 1148, 7),
(174, 40, '2020-07-23 07:50:05', '2020-07-23 07:52:37', 1307, 7),
(175, 50, '2020-07-23 07:59:26', '2020-07-23 08:44:18', NULL, 7),
(176, 25, '2020-07-23 08:12:15', '2020-07-23 08:12:15', 918, 7),
(177, 40, '2020-07-23 08:35:40', '2020-07-23 10:10:29', NULL, 7),
(179, 40, '2020-07-23 10:00:19', '2020-07-24 10:26:05', 1308, 7),
(180, 20, '2020-07-24 06:17:28', '2020-07-24 06:17:28', 1335, 7),
(185, 20, '2020-07-24 12:33:15', '2020-07-24 12:33:15', 1309, 7),
(186, 20, '2020-07-24 12:46:06', '2020-07-24 12:46:06', 1347, 7),
(187, 20, '2020-07-24 12:53:52', '2020-07-24 12:53:52', NULL, 7),
(188, 20, '2020-07-24 12:57:31', '2020-07-24 12:57:31', NULL, 7),
(189, 15, '2020-07-24 12:59:54', '2020-07-24 12:59:54', NULL, 7),
(190, 30, '2020-07-24 19:27:46', '2020-07-24 19:29:16', 1351, 7),
(191, 35, '2020-07-24 20:13:17', '2020-07-24 20:14:23', 1299, 7),
(192, 35, '2020-07-27 07:59:28', '2020-07-27 08:00:18', 5, 7),
(193, 35, '2020-07-27 08:05:10', '2020-07-27 08:05:44', 1361, 7),
(194, 25, '2020-07-27 08:32:25', '2020-07-27 08:32:25', 1364, 7),
(195, 40, '2020-07-27 08:36:16', '2020-07-27 08:36:50', 1363, 7),
(196, 40, '2020-07-27 09:35:15', '2020-07-27 09:35:57', 235, 7),
(197, 35, '2020-07-27 09:38:26', '2020-07-27 09:39:12', 1177, 7),
(198, 40, '2020-07-27 10:36:05', '2020-07-27 10:50:30', 256, 7),
(199, 40, '2020-07-27 10:43:48', '2020-07-27 10:47:32', 1365, 7),
(200, 55, '2020-07-27 10:55:49', '2020-07-27 11:02:07', 1367, 7),
(201, 55, '2020-07-27 11:01:10', '2020-07-27 12:04:49', 321, 7),
(202, 50, '2020-07-27 11:32:27', '2020-07-27 11:35:01', 1368, 7),
(203, 20, '2020-07-27 11:33:43', '2020-07-27 11:33:43', 323, 7),
(204, 55, '2020-07-27 11:42:38', '2020-07-27 11:44:21', 1369, 7),
(205, 35, '2020-07-27 12:27:44', '2020-07-27 12:28:03', 1370, 7);

-- --------------------------------------------------------

--
-- Table structure for table `Read_stories`
--

CREATE TABLE `Read_stories` (
  `id` int(11) NOT NULL,
  `liked` tinyint(1) DEFAULT '0',
  `feedback_text` text,
  `status` int(11) DEFAULT '1' COMMENT '1-currently reading 2-already read',
  `createdAt` datetime NOT NULL,
  `updatedAt` datetime NOT NULL,
  `UserProfileId` int(11) DEFAULT NULL,
  `StoryId` int(11) DEFAULT NULL,
  `StoryPageId` int(11) DEFAULT NULL
) ENGINE=InnoDB DEFAULT CHARSET=latin1;

--
-- Dumping data for table `Read_stories`
--

INSERT INTO `Read_stories` (`id`, `liked`, `feedback_text`, `status`, `createdAt`, `updatedAt`, `UserProfileId`, `StoryId`, `StoryPageId`) VALUES
(56, 1, NULL, 1, '2020-07-06 06:14:50', '2020-07-06 06:21:32', 154, 14, 8),
(73, 0, NULL, 1, '2020-07-07 11:18:52', '2020-07-07 11:18:54', 418, 14, 9),
(102, 0, NULL, 2, '2020-07-09 06:30:42', '2020-07-09 06:39:27', 762, 14, 8),
(115, 1, 'Good', 2, '2020-07-09 07:39:54', '2020-07-09 07:44:47', 770, 14, 11),
(116, 1, NULL, 1, '2020-07-09 07:52:26', '2020-07-09 07:53:38', 771, 14, 11),
(117, 1, 'Hhdnd', 2, '2020-07-09 08:05:59', '2020-07-09 09:09:38', 774, 14, 11),
(123, 0, NULL, 2, '2020-07-09 09:33:20', '2020-07-09 09:33:44', 778, 14, NULL),
(124, 0, NULL, 1, '2020-07-09 12:13:28', '2020-07-09 12:14:23', 786, 14, 11),
(129, 1, 'Vhh', 2, '2020-07-09 12:34:30', '2020-07-09 12:54:49', 790, 14, 11),
(134, 0, '1', 2, '2020-07-09 13:13:38', '2020-07-09 13:17:42', 803, 14, NULL),
(135, 0, NULL, 2, '2020-07-09 13:19:07', '2020-07-09 13:19:44', 804, 14, NULL),
(136, 0, NULL, 2, '2020-07-09 13:35:08', '2020-07-09 13:35:27', 808, 14, NULL),
(137, 1, NULL, 2, '2020-07-09 23:12:25', '2020-07-10 11:39:53', 240, 24, NULL),
(138, 1, 'Sheheheh', 2, '2020-07-10 03:29:11', '2020-07-10 15:06:36', 815, 24, 14),
(139, 0, NULL, 2, '2020-07-10 03:30:23', '2020-07-10 03:32:10', 747, 24, NULL),
(140, 0, NULL, 2, '2020-07-10 03:35:30', '2020-07-10 10:59:47', 815, 14, NULL),
(141, 0, NULL, 2, '2020-07-10 07:00:56', '2020-07-10 12:43:09', 826, 14, 11),
(142, 1, 'Dsfvs', 2, '2020-07-10 07:01:52', '2020-07-10 09:29:57', 827, 14, 8),
(143, 1, NULL, 2, '2020-07-10 07:21:43', '2020-07-10 07:25:14', 828, 14, 11),
(144, 0, NULL, 2, '2020-07-10 08:07:01', '2020-07-10 08:13:35', 836, 14, NULL),
(145, 0, NULL, 1, '2020-07-10 08:09:33', '2020-07-10 08:09:40', 827, 24, 14),
(146, 1, NULL, 2, '2020-07-10 08:17:01', '2020-07-10 08:17:59', 840, 14, NULL),
(147, 0, 'Thj', 2, '2020-07-10 08:23:25', '2020-07-10 08:24:18', 847, 14, NULL),
(148, 0, 'dd', 2, '2020-07-10 08:38:10', '2020-07-10 09:56:01', 35, 14, 11),
(149, 1, 'vi', 2, '2020-07-10 08:49:38', '2020-07-10 10:01:38', 852, 14, 11),
(150, 0, NULL, 2, '2020-07-10 08:55:01', '2020-07-10 08:58:00', 853, 14, NULL),
(151, 0, NULL, 1, '2020-07-10 09:02:48', '2020-07-10 09:02:48', 855, 14, 8),
(152, 0, NULL, 2, '2020-07-10 09:13:10', '2020-07-10 09:14:14', 848, 14, 8),
(153, 0, NULL, 1, '2020-07-10 10:03:04', '2020-07-10 10:03:09', 862, 14, 11),
(155, 1, NULL, 2, '2020-07-10 11:29:40', '2020-07-10 17:34:57', 371, 24, 14),
(156, 0, NULL, 2, '2020-07-10 11:38:24', '2020-07-10 11:39:56', 240, 14, NULL),
(157, 1, NULL, 1, '2020-07-10 11:50:41', '2020-07-10 12:31:03', 826, 24, 14),
(159, 1, 'Hdhdnxnf', 2, '2020-07-10 14:02:09', '2020-07-10 18:33:37', 371, 14, NULL),
(160, 0, NULL, 2, '2020-07-10 20:03:51', '2020-07-10 22:33:17', 240, 22, 18),
(161, 0, NULL, 2, '2020-07-10 23:22:00', '2020-07-11 16:09:53', 240, 34, NULL),
(162, 1, 'Cant unselect and make another selection ', 2, '2020-07-10 23:32:41', '2020-07-10 23:37:08', 747, 34, NULL),
(163, 1, 'Hi', 2, '2020-07-10 23:33:27', '2020-07-25 02:07:31', 371, 34, NULL),
(164, 1, 'Rrffg', 2, '2020-07-10 23:34:25', '2020-07-10 23:35:15', 371, 35, NULL),
(165, 0, NULL, 1, '2020-07-10 23:37:37', '2020-07-10 23:37:37', 747, 35, 21),
(166, 0, NULL, 1, '2020-07-10 23:40:09', '2020-07-10 23:40:35', 890, 34, 20),
(167, 0, NULL, 1, '2020-07-11 00:37:01', '2020-07-11 00:37:02', 893, 34, 20),
(168, 1, NULL, 2, '2020-07-11 00:38:51', '2020-07-11 16:09:58', 240, 35, 21),
(169, 0, NULL, 2, '2020-07-11 01:27:56', '2020-07-11 16:09:46', 240, 36, NULL),
(170, 1, NULL, 1, '2020-07-11 01:46:11', '2020-07-25 02:08:49', 371, 36, 25),
(173, 1, NULL, 1, '2020-07-11 04:39:04', '2020-07-11 04:39:38', 815, 34, 20),
(174, 1, NULL, 1, '2020-07-11 04:39:55', '2020-07-11 04:40:06', 815, 36, 25),
(179, 0, NULL, 1, '2020-07-11 05:24:50', '2020-07-11 05:24:50', 810, 34, 19),
(180, 0, NULL, 1, '2020-07-11 05:25:04', '2020-07-11 05:25:04', 810, 35, 21),
(181, 0, NULL, 1, '2020-07-11 05:25:23', '2020-07-11 05:25:23', 810, 36, 23),
(183, 0, NULL, 2, '2020-07-11 06:23:16', '2020-07-11 06:25:27', 906, 34, 20),
(184, 1, NULL, 2, '2020-07-11 06:26:05', '2020-07-11 07:42:25', 906, 35, 21),
(185, 0, 'Aaaadd', 1, '2020-07-11 07:09:23', '2020-07-27 10:49:47', 256, 34, 19),
(186, 1, '2', 1, '2020-07-11 07:20:15', '2020-07-14 11:58:53', 826, 34, 19),
(187, 1, 'check', 2, '2020-07-11 07:29:50', '2020-07-11 08:57:35', 913, 35, NULL),
(188, 0, 'this story is good\n', 2, '2020-07-11 07:30:33', '2020-07-13 06:34:09', 913, 34, NULL),
(189, 0, 'hcchchch', 2, '2020-07-11 07:31:56', '2020-07-11 08:15:21', 914, 34, NULL),
(190, 0, NULL, 2, '2020-07-11 07:32:06', '2020-07-11 08:21:29', 914, 35, 21),
(191, 0, NULL, 1, '2020-07-11 07:32:12', '2020-07-11 08:20:42', 914, 36, 25),
(192, 0, NULL, 1, '2020-07-11 07:33:32', '2020-07-11 07:33:35', 826, 36, 25),
(193, 0, NULL, 2, '2020-07-11 07:41:30', '2020-07-11 07:42:51', 918, 36, NULL),
(194, 0, 'Sdfasdfsdf', 1, '2020-07-11 08:04:02', '2020-07-14 11:39:02', 826, 35, 22),
(195, 1, 'hhi', 2, '2020-07-11 08:05:36', '2020-07-11 08:08:48', 919, 34, NULL),
(196, 0, NULL, 2, '2020-07-11 08:14:50', '2020-07-11 08:15:18', 920, 34, NULL),
(199, 0, NULL, 2, '2020-07-11 08:17:28', '2020-07-11 08:18:16', 921, 35, NULL),
(200, 0, NULL, 2, '2020-07-11 08:18:50', '2020-07-11 08:19:07', 922, 36, NULL),
(201, 0, NULL, 2, '2020-07-11 08:58:07', '2020-07-11 08:58:25', 923, 35, NULL),
(202, 0, NULL, 1, '2020-07-11 08:58:30', '2020-07-11 08:58:31', 923, 34, 20),
(203, 1, NULL, 2, '2020-07-11 09:02:20', '2020-07-12 10:51:35', 913, 36, NULL),
(205, 1, NULL, 2, '2020-07-11 09:50:14', '2020-07-11 10:10:20', 930, 34, NULL),
(206, 0, NULL, 2, '2020-07-11 10:00:54', '2020-07-11 10:01:19', 931, 34, 20),
(207, 1, NULL, 2, '2020-07-11 10:10:49', '2020-07-11 10:14:55', 932, 34, NULL),
(208, 0, NULL, 2, '2020-07-11 10:12:08', '2020-07-11 10:14:56', 934, 36, NULL),
(209, 1, NULL, 2, '2020-07-11 10:21:57', '2020-07-11 10:22:58', 932, 35, NULL),
(210, 1, NULL, 2, '2020-07-11 10:29:45', '2020-07-11 11:33:00', 937, 34, 20),
(211, 1, '      Ilhbioghiohvhvoi', 2, '2020-07-11 11:14:58', '2020-07-11 13:38:38', 948, 35, 21),
(212, 1, '3', 1, '2020-07-11 13:56:17', '2020-07-17 10:04:34', 386, 34, 19),
(213, 0, NULL, 1, '2020-07-11 14:03:29', '2020-07-17 10:04:52', 386, 35, 21),
(214, 0, '0', 2, '2020-07-11 14:03:54', '2020-07-17 10:03:18', 386, 36, NULL),
(215, 0, NULL, 2, '2020-07-12 02:46:16', '2020-07-12 02:49:37', 917, 36, NULL),
(216, 1, 'test', 1, '2020-07-12 21:17:39', '2020-07-17 12:44:58', 1025, 34, 19),
(219, 1, NULL, 1, '2020-07-13 05:33:26', '2020-07-13 05:38:37', 1044, 34, 20),
(220, 1, NULL, 1, '2020-07-13 06:13:16', '2020-07-13 06:16:32', 1048, 34, 20),
(221, 1, NULL, 2, '2020-07-13 06:21:13', '2020-07-13 06:22:07', 1052, 34, NULL),
(222, 1, NULL, 1, '2020-07-13 06:28:38', '2020-07-13 09:46:29', 1056, 34, 20),
(223, 0, NULL, 2, '2020-07-13 06:34:17', '2020-07-23 08:10:07', 913, 46, NULL),
(224, 0, 'Sdf', 2, '2020-07-13 06:38:11', '2020-07-13 06:38:52', 1060, 34, NULL),
(225, 0, 'Safe', 2, '2020-07-13 07:11:04', '2020-07-13 07:20:22', 1066, 34, NULL),
(231, 1, NULL, 2, '2020-07-13 08:54:59', '2020-07-13 09:08:37', 1068, 34, NULL),
(232, 1, NULL, 2, '2020-07-13 08:57:09', '2020-07-13 09:01:19', 1068, 35, NULL),
(233, 1, NULL, 2, '2020-07-13 09:02:00', '2020-07-13 09:02:58', 1068, 36, NULL),
(234, 1, NULL, 1, '2020-07-13 09:09:15', '2020-07-13 09:15:35', 1069, 34, 20),
(235, 1, NULL, 2, '2020-07-13 09:20:22', '2020-07-13 09:44:24', 1072, 34, NULL),
(236, 1, 'dsd', 1, '2020-07-13 09:37:54', '2020-07-24 06:09:48', 866, 36, 23),
(237, 0, 'gdgg', 2, '2020-07-13 09:42:17', '2020-07-24 07:48:21', 866, 35, NULL),
(238, 1, 'This is good.', 1, '2020-07-13 09:47:49', '2020-07-15 10:05:49', 205, 34, 19),
(239, 0, 'This is good.', 2, '2020-07-13 09:55:56', '2020-07-14 12:07:15', 205, 36, 23),
(240, 0, NULL, 2, '2020-07-13 09:58:39', '2020-07-13 09:59:38', 1075, 34, NULL),
(241, 0, NULL, 2, '2020-07-13 10:00:38', '2020-07-13 10:00:48', 1074, 34, NULL),
(242, 1, '2', 2, '2020-07-13 10:17:38', '2020-07-13 10:43:13', 1076, 34, NULL),
(243, 1, NULL, 1, '2020-07-13 10:23:08', '2020-07-14 12:06:15', 205, 35, 21),
(244, 1, '2', 2, '2020-07-13 10:23:25', '2020-07-13 10:24:40', 1077, 34, NULL),
(245, 0, NULL, 2, '2020-07-13 10:35:37', '2020-07-13 10:36:18', 1078, 34, NULL),
(246, 0, NULL, 1, '2020-07-13 10:43:30', '2020-07-13 10:43:30', 1076, 35, 21),
(247, 0, NULL, 1, '2020-07-13 10:47:00', '2020-07-13 10:48:00', 1080, 34, 19),
(248, 0, NULL, 1, '2020-07-13 10:50:05', '2020-07-13 10:50:05', 1083, 34, 19),
(249, 0, NULL, 2, '2020-07-13 10:57:20', '2020-07-13 11:03:29', 1084, 34, NULL),
(250, 0, NULL, 1, '2020-07-13 11:01:00', '2020-07-13 11:01:44', 1085, 34, 19),
(251, 0, NULL, 1, '2020-07-13 11:03:36', '2020-07-13 11:03:36', 1084, 35, 21),
(252, 1, '0', 2, '2020-07-13 11:06:34', '2020-07-13 11:07:16', 1088, 34, NULL),
(253, 0, NULL, 1, '2020-07-13 11:07:49', '2020-07-13 11:09:42', 1088, 35, 21),
(254, 0, NULL, 1, '2020-07-13 11:10:31', '2020-07-13 11:11:12', 1091, 34, 19),
(255, 0, NULL, 2, '2020-07-13 11:10:40', '2020-07-13 11:10:59', 1091, 35, NULL),
(256, 0, NULL, 2, '2020-07-13 11:10:47', '2020-07-13 11:11:03', 1091, 36, NULL),
(257, 0, NULL, 1, '2020-07-13 11:13:56', '2020-07-13 11:14:21', 1092, 34, 19),
(258, 0, NULL, 1, '2020-07-13 11:14:01', '2020-07-13 11:18:10', 1092, 35, 21),
(259, 0, NULL, 1, '2020-07-13 11:14:06', '2020-07-13 11:18:17', 1092, 36, 23),
(260, 0, '2', 2, '2020-07-13 11:20:02', '2020-07-14 05:55:28', 1096, 34, NULL),
(261, 1, NULL, 1, '2020-07-13 12:50:50', '2020-07-13 13:03:17', 1097, 34, 20),
(262, 0, NULL, 2, '2020-07-13 12:56:15', '2020-07-13 13:01:04', 1098, 34, NULL),
(263, 0, NULL, 1, '2020-07-13 12:57:12', '2020-07-13 13:01:25', 1098, 35, 21),
(264, 0, NULL, 2, '2020-07-13 12:57:23', '2020-07-13 12:57:28', 1098, 36, NULL),
(265, 1, NULL, 2, '2020-07-13 13:02:23', '2020-07-13 13:03:00', 1097, 36, NULL),
(266, 0, NULL, 2, '2020-07-13 13:05:11', '2020-07-13 13:10:00', 1101, 34, NULL),
(267, 0, NULL, 2, '2020-07-13 13:06:07', '2020-07-13 13:06:26', 1101, 35, NULL),
(268, 0, NULL, 1, '2020-07-13 13:06:40', '2020-07-13 13:06:42', 1101, 36, 25),
(269, 0, NULL, 2, '2020-07-13 13:07:55', '2020-07-13 13:08:03', 1102, 34, NULL),
(270, 0, NULL, 2, '2020-07-13 13:14:51', '2020-07-13 13:25:18', 1105, 34, NULL),
(271, 0, NULL, 2, '2020-07-13 13:22:41', '2020-07-13 13:25:32', 1105, 35, NULL),
(272, 1, 'Ugfftui', 2, '2020-07-14 05:41:50', '2020-07-27 10:24:53', 189, 34, NULL),
(273, 1, NULL, 1, '2020-07-14 05:55:44', '2020-07-14 05:55:47', 1096, 35, 22),
(274, 1, NULL, 2, '2020-07-14 06:28:31', '2020-07-14 06:29:43', 1112, 35, NULL),
(275, 1, '2', 1, '2020-07-14 09:06:33', '2020-07-14 09:42:00', 1126, 34, 19),
(276, 0, NULL, 2, '2020-07-14 09:41:32', '2020-07-14 09:41:51', 1126, 35, NULL),
(277, 0, NULL, 2, '2020-07-14 09:41:38', '2020-07-14 09:41:47', 1126, 36, NULL),
(278, 0, NULL, 2, '2020-07-14 09:43:53', '2020-07-14 09:51:00', 1130, 34, NULL),
(279, 0, NULL, 2, '2020-07-14 09:43:58', '2020-07-14 09:44:10', 1130, 35, NULL),
(280, 0, NULL, 2, '2020-07-14 09:44:01', '2020-07-14 09:44:06', 1130, 36, NULL),
(281, 1, 'Dfgdfg', 1, '2020-07-14 09:47:43', '2020-07-14 13:56:18', 1134, 34, 20),
(282, 0, NULL, 1, '2020-07-14 09:47:53', '2020-07-14 12:49:24', 1134, 35, 22),
(283, 0, NULL, 2, '2020-07-14 09:47:58', '2020-07-14 09:48:13', 1134, 36, NULL),
(284, 1, NULL, 2, '2020-07-14 10:02:19', '2020-07-14 10:19:46', 1138, 34, NULL),
(285, 1, 'Bvdss', 2, '2020-07-14 10:03:34', '2020-07-14 10:09:12', 1141, 34, NULL),
(286, 0, 'Cgcx', 2, '2020-07-14 10:09:42', '2020-07-14 10:10:37', 1140, 34, NULL),
(287, 0, NULL, 2, '2020-07-14 10:10:27', '2020-07-17 10:03:30', 386, 46, NULL),
(288, 0, NULL, 2, '2020-07-14 10:20:13', '2020-07-14 10:22:07', 1138, 35, NULL),
(289, 0, NULL, 2, '2020-07-14 10:22:25', '2020-07-14 10:25:17', 1141, 35, NULL),
(290, 0, NULL, 1, '2020-07-14 11:41:13', '2020-07-14 11:58:38', 1142, 34, 19),
(291, 1, 'Yes', 2, '2020-07-14 11:45:30', '2020-07-14 11:50:15', 1143, 35, NULL),
(292, 0, NULL, 2, '2020-07-14 11:47:31', '2020-07-14 11:50:07', 1143, 34, NULL),
(293, 0, NULL, 2, '2020-07-14 11:48:44', '2020-07-14 11:49:05', 1143, 36, NULL),
(294, 0, NULL, 2, '2020-07-14 11:58:15', '2020-07-14 11:58:29', 1142, 35, NULL),
(295, 0, NULL, 2, '2020-07-14 11:58:20', '2020-07-14 11:58:25', 1142, 36, NULL),
(296, 1, '.', 2, '2020-07-14 12:01:23', '2020-07-14 12:14:42', 1144, 34, NULL),
(297, 0, 'Ghhh', 2, '2020-07-14 12:18:28', '2020-07-14 12:25:00', 1151, 34, NULL),
(298, 0, NULL, 2, '2020-07-14 12:22:21', '2020-07-14 12:29:36', 1151, 35, NULL),
(299, 1, NULL, 2, '2020-07-14 12:23:15', '2020-07-14 12:29:47', 1151, 36, NULL),
(300, 0, NULL, 1, '2020-07-14 12:33:34', '2020-07-14 12:34:07', 1154, 34, 19),
(301, 0, NULL, 2, '2020-07-14 12:33:41', '2020-07-14 12:33:57', 1154, 35, NULL),
(302, 0, NULL, 2, '2020-07-14 12:33:48', '2020-07-14 12:33:53', 1154, 36, NULL),
(303, 0, NULL, 1, '2020-07-14 12:40:04', '2020-07-14 12:40:05', 1155, 34, 20),
(304, 1, NULL, 2, '2020-07-14 13:13:01', '2020-07-14 13:14:43', 1164, 34, NULL),
(305, 0, NULL, 2, '2020-07-14 13:15:01', '2020-07-14 13:15:19', 1164, 35, NULL),
(306, 0, NULL, 2, '2020-07-14 13:15:35', '2020-07-14 13:15:49', 1165, 34, NULL),
(307, 0, NULL, 2, '2020-07-14 13:15:59', '2020-07-14 13:16:38', 1166, 34, NULL),
(308, 0, 'Thcg\n', 2, '2020-07-14 13:16:46', '2020-07-14 13:18:28', 1166, 36, NULL),
(309, 0, NULL, 1, '2020-07-14 13:16:52', '2020-07-14 13:16:53', 1166, 35, 22),
(310, 0, NULL, 2, '2020-07-14 13:22:03', '2020-07-14 13:22:25', 1167, 34, NULL),
(311, 0, 'Ghh', 2, '2020-07-14 13:22:33', '2020-07-14 13:22:59', 1168, 34, NULL),
(312, 1, NULL, 2, '2020-07-14 13:23:07', '2020-07-14 13:23:56', 1169, 34, NULL),
(313, 0, NULL, 2, '2020-07-14 13:25:08', '2020-07-14 13:25:49', 1170, 34, NULL),
(314, 1, NULL, 2, '2020-07-14 13:26:04', '2020-07-14 13:26:20', 1169, 35, NULL),
(315, 1, NULL, 2, '2020-07-14 13:27:49', '2020-07-14 13:28:08', 1168, 35, NULL),
(316, 1, NULL, 2, '2020-07-14 13:29:12', '2020-07-14 13:30:32', 1172, 34, NULL),
(317, 1, NULL, 2, '2020-07-14 13:30:49', '2020-07-14 13:38:44', 1172, 35, NULL),
(318, 1, NULL, 2, '2020-07-14 13:32:13', '2020-07-14 13:33:39', 1174, 34, NULL),
(319, 1, NULL, 2, '2020-07-14 13:34:24', '2020-07-14 13:35:12', 1175, 34, NULL),
(320, 1, NULL, 2, '2020-07-14 13:35:17', '2020-07-14 13:35:54', 1175, 35, NULL),
(321, 0, NULL, 2, '2020-07-14 13:39:14', '2020-07-14 13:39:36', 1176, 35, NULL),
(322, 0, NULL, 1, '2020-07-14 14:04:08', '2020-07-14 14:13:07', 1180, 34, 20),
(323, 0, NULL, 2, '2020-07-14 14:13:15', '2020-07-14 14:13:40', 1180, 35, NULL),
(324, 1, NULL, 2, '2020-07-14 14:39:46', '2020-07-14 14:44:02', 1188, 34, NULL),
(325, 0, NULL, 1, '2020-07-14 14:42:54', '2020-07-14 14:42:54', 1189, 34, 19),
(326, 0, NULL, 1, '2020-07-14 14:45:44', '2020-07-15 07:20:45', 1190, 34, 20),
(327, 0, 'Hi', 2, '2020-07-14 22:53:17', '2020-07-14 22:54:20', 370, 35, NULL),
(328, 1, 'hi\n', 1, '2020-07-14 22:54:28', '2020-07-24 19:14:28', 370, 34, 19),
(329, 0, 'Hi ', 1, '2020-07-14 22:55:23', '2020-07-23 01:26:19', 1032, 34, 20),
(330, 0, 'Hi', 1, '2020-07-14 22:55:40', '2020-07-20 11:26:19', 1032, 36, 23),
(331, 0, 'Ji', 2, '2020-07-14 22:56:36', '2020-07-25 02:13:51', 371, 46, NULL),
(334, 1, 'huibh', 2, '2020-07-14 23:48:40', '2020-07-23 01:22:42', 1194, 34, NULL),
(335, 0, 'ghhh', 2, '2020-07-14 23:48:47', '2020-07-23 01:23:34', 1194, 35, NULL),
(338, 1, NULL, 1, '2020-07-15 00:42:25', '2020-07-17 12:45:06', 1039, 34, 19),
(339, 0, NULL, 1, '2020-07-15 01:23:47', '2020-07-15 01:23:51', 1035, 34, 20),
(340, 1, 'Hi', 2, '2020-07-15 01:24:56', '2020-07-15 01:25:28', 1035, 35, NULL),
(341, 0, NULL, 1, '2020-07-15 01:26:13', '2020-07-15 01:26:21', 1036, 34, 20),
(342, 0, NULL, 1, '2020-07-15 01:26:59', '2020-07-15 01:26:59', 1036, 35, 21),
(343, 0, NULL, 1, '2020-07-15 04:04:08', '2020-07-15 04:04:42', 1184, 34, 20),
(344, 0, 'bbg', 2, '2020-07-15 04:55:12', '2020-07-15 05:59:51', 1195, 34, NULL),
(345, 0, NULL, 2, '2020-07-15 05:52:33', '2020-07-15 05:56:58', 1195, 35, NULL),
(346, 1, 'cvb', 2, '2020-07-15 06:11:13', '2020-07-15 06:52:39', 1200, 34, NULL),
(347, 0, NULL, 2, '2020-07-15 06:11:18', '2020-07-15 06:11:33', 1200, 35, NULL),
(348, 0, NULL, 2, '2020-07-15 06:11:23', '2020-07-15 06:11:39', 1200, 36, NULL),
(349, 0, 'yttu', 2, '2020-07-15 06:55:42', '2020-07-15 06:56:01', 1201, 34, NULL),
(350, 0, NULL, 2, '2020-07-15 06:56:15', '2020-07-15 06:56:48', 1201, 35, NULL),
(351, 0, NULL, 1, '2020-07-15 07:07:36', '2020-07-15 07:07:36', 1207, 34, 19),
(352, 0, NULL, 1, '2020-07-15 07:07:50', '2020-07-15 07:07:51', 1209, 34, 20),
(353, 0, NULL, 1, '2020-07-15 07:25:42', '2020-07-15 07:25:42', 1199, 34, 20),
(354, 0, NULL, 1, '2020-07-15 07:26:01', '2020-07-15 07:26:02', 1199, 35, 22),
(355, 0, NULL, 2, '2020-07-15 08:21:07', '2020-07-15 12:58:23', 1211, 34, NULL),
(356, 0, NULL, 2, '2020-07-15 08:25:26', '2020-07-15 08:25:41', 1212, 34, NULL),
(357, 0, NULL, 2, '2020-07-15 10:53:45', '2020-07-15 10:58:01', 1025, 35, NULL),
(358, 0, 'Fghfghfghfg', 1, '2020-07-16 05:29:01', '2020-07-16 07:39:09', NULL, 34, 19),
(359, 0, NULL, 1, '2020-07-16 06:03:25', '2020-07-16 06:10:41', 1226, 35, 21),
(360, 1, 'jejejejejej', 2, '2020-07-16 06:10:47', '2020-07-16 06:34:58', 1226, 34, NULL),
(361, 1, NULL, 2, '2020-07-16 06:32:30', '2020-07-16 06:32:32', 1226, 46, NULL),
(362, 0, NULL, 1, '2020-07-16 19:24:56', '2020-07-16 19:24:57', 1252, 34, 20),
(363, 0, NULL, 1, '2020-07-16 19:25:34', '2020-07-16 22:01:07', 1252, 35, 22),
(364, 0, NULL, 1, '2020-07-16 19:26:41', '2020-07-16 19:26:42', 1252, 36, 24),
(365, 0, NULL, 1, '2020-07-16 19:28:21', '2020-07-16 19:28:23', 1253, 34, 20),
(366, 0, NULL, 1, '2020-07-16 20:19:36', '2020-07-16 20:19:36', 1255, 36, 23),
(367, 0, NULL, 1, '2020-07-16 20:47:29', '2020-07-16 20:47:29', 1256, 34, 19),
(368, 0, NULL, 1, '2020-07-16 23:31:49', '2020-07-20 11:25:58', 1032, 35, 22),
(369, 0, NULL, 1, '2020-07-17 04:10:56', '2020-07-17 04:10:56', 1264, 35, 21),
(370, 0, NULL, 1, '2020-07-17 04:12:04', '2020-07-17 04:12:04', 1264, 34, 19),
(371, 0, NULL, 2, '2020-07-17 08:39:43', '2020-07-23 07:45:37', 1148, 35, NULL),
(372, 0, 'Ganesha also known as Ganapati and Vinayaka, is one of the best-known and most worshipped deities in the Hindu. Ganesha also known as Ganapati and Vinayaka, is one of the best-known and most worshipped deities in the Hindu', 2, '2020-07-17 08:49:26', '2020-07-17 08:50:25', 206, 34, NULL),
(373, 0, NULL, 1, '2020-07-17 09:15:47', '2020-07-23 07:46:22', 1148, 34, 20),
(374, 0, NULL, 1, '2020-07-17 09:33:04', '2020-07-17 09:33:04', 1149, 35, 21),
(375, 0, NULL, 1, '2020-07-17 10:06:34', '2020-07-17 10:06:34', 1207, 36, 23),
(376, 0, 'Good story', 2, '2020-07-18 08:01:13', '2020-07-23 08:10:36', 96, 34, NULL),
(377, 0, NULL, 1, '2020-07-21 05:27:37', '2020-07-21 05:27:37', 189, 36, 23),
(378, 0, 'Dhjfghjdsfds', 2, '2020-07-21 05:37:51', '2020-07-24 12:37:39', 1173, 34, NULL),
(380, 0, 'This Story Is Good', 3, '2020-07-21 07:20:02', '2020-07-21 07:21:39', 1, 14, NULL),
(381, 0, NULL, 1, '2020-07-21 12:25:10', '2020-07-21 12:25:10', 1294, 34, 19),
(382, 0, NULL, 1, '2020-07-21 12:39:46', '2020-07-21 12:39:46', 34, 35, 21),
(383, 0, NULL, 2, '2020-07-21 14:39:59', '2020-07-21 14:40:18', 87, 34, NULL),
(384, 1, 'Hi', 2, '2020-07-21 16:19:52', '2020-07-25 02:07:46', 1297, 34, NULL),
(385, 1, 'hi', 2, '2020-07-21 16:22:03', '2020-07-25 02:23:25', 1298, 34, NULL),
(386, 0, NULL, 1, '2020-07-23 06:26:00', '2020-07-23 07:33:43', 1287, 36, 23),
(387, 0, NULL, 2, '2020-07-23 07:38:33', '2020-07-23 07:48:20', 1304, 34, NULL),
(388, 0, NULL, 2, '2020-07-23 07:39:47', '2020-07-23 07:40:03', 1305, 35, NULL),
(389, 0, NULL, 1, '2020-07-23 07:47:16', '2020-07-23 07:48:19', 1149, 34, 20),
(390, 0, NULL, 2, '2020-07-23 07:49:55', '2020-07-23 07:51:26', 1307, 34, NULL),
(391, 0, 'Gsjsjbssj', 2, '2020-07-23 07:52:07', '2020-07-23 07:52:37', 1307, 35, NULL),
(392, 0, 'Dfffhtg', 2, '2020-07-23 07:58:47', '2020-07-24 10:31:05', NULL, 35, NULL),
(393, 0, 'Hjgkfhgkhgkd', 1, '2020-07-23 08:00:54', '2020-07-24 10:31:43', NULL, 34, 20),
(394, 0, 'Hjghjfjf', 3, '2020-07-23 08:01:28', '2020-07-24 10:30:21', NULL, 46, 26),
(395, 0, NULL, 1, '2020-07-23 08:09:43', '2020-07-23 08:09:52', 96, 36, 25),
(396, 0, 'Good story', 2, '2020-07-23 08:11:03', '2020-07-23 08:11:31', 96, 35, NULL),
(397, 0, 'this story is good', 2, '2020-07-23 08:11:27', '2020-07-23 08:12:15', 918, 34, NULL),
(398, 0, 'Cxvcxvcxvcx', 2, '2020-07-23 08:35:29', '2020-07-23 10:10:15', NULL, 34, NULL),
(400, 0, NULL, 2, '2020-07-23 10:00:08', '2020-07-23 10:00:19', 1308, 34, NULL),
(401, 0, 'Fdgdfgdfgdfg', 2, '2020-07-23 10:10:22', '2020-07-23 10:10:29', NULL, 35, NULL),
(402, 0, NULL, 1, '2020-07-23 23:01:57', '2020-07-23 23:36:35', 1312, 34, 20),
(403, 0, NULL, 1, '2020-07-24 05:40:54', '2020-07-24 05:43:05', 1320, 34, 19),
(404, 0, NULL, 1, '2020-07-24 05:44:06', '2020-07-24 05:44:06', 1326, 35, 21),
(405, 0, NULL, 1, '2020-07-24 05:44:33', '2020-07-24 05:44:34', 1321, 34, 20),
(406, 0, NULL, 1, '2020-07-24 05:45:59', '2020-07-24 05:46:08', 1326, 36, 23),
(407, 0, NULL, 1, '2020-07-24 06:14:19', '2020-07-24 06:17:01', 1328, 34, 20),
(408, 0, 'Nice story', 2, '2020-07-24 06:17:15', '2020-07-24 06:17:28', 1335, 34, NULL),
(409, 0, NULL, 1, '2020-07-24 07:17:55', '2020-07-24 07:17:55', 1336, 34, 19),
(415, 0, 'Good', 1, '2020-07-24 10:25:55', '2020-07-24 10:26:27', 1308, 35, 22),
(416, 0, NULL, 1, '2020-07-24 10:30:38', '2020-07-24 10:30:42', NULL, 36, 25),
(418, 0, 'Good story', 1, '2020-07-24 10:59:27', '2020-07-27 12:47:59', 5, 35, 22),
(419, 0, 'Good story', 2, '2020-07-24 12:32:59', '2020-07-24 12:33:15', 1309, 34, NULL),
(420, 0, 'Cdfdsfdsf', 2, '2020-07-24 12:43:12', '2020-07-24 12:43:21', 1178, 34, NULL),
(421, 0, 'Dfgdgfdgdfg', 2, '2020-07-24 12:45:58', '2020-07-24 12:46:06', 1347, 34, NULL),
(422, 0, 'Hjghjgjgjg', 2, '2020-07-24 12:53:44', '2020-07-24 12:53:52', NULL, 34, NULL),
(423, 0, 'Good ', 2, '2020-07-24 12:57:21', '2020-07-24 12:57:31', NULL, 34, NULL),
(424, 0, 'Nice story', 2, '2020-07-24 12:59:36', '2020-07-24 12:59:54', NULL, 35, NULL),
(425, 0, NULL, 1, '2020-07-24 13:07:12', '2020-07-24 13:07:12', 35, 34, 19),
(426, 1, 'Hi', 2, '2020-07-24 18:29:12', '2020-07-25 01:46:01', 1297, 35, NULL),
(427, 1, NULL, 1, '2020-07-24 18:33:49', '2020-07-25 01:51:58', 1297, 36, 25),
(428, 1, 'I liked this story ', 2, '2020-07-24 19:27:15', '2020-07-24 20:08:51', 1351, 34, NULL),
(429, 0, 'Hi', 2, '2020-07-24 19:28:35', '2020-07-24 19:29:40', 1351, 35, NULL),
(430, 1, NULL, 1, '2020-07-24 19:30:28', '2020-07-24 19:30:44', 1351, 36, 25),
(431, 0, 'Hi', 2, '2020-07-24 19:35:44', '2020-07-24 19:36:33', 1298, 35, NULL),
(432, 0, 'Very nice story ', 2, '2020-07-24 20:10:42', '2020-07-24 20:13:17', 1299, 34, NULL),
(433, 0, 'Nice story ', 2, '2020-07-24 20:13:50', '2020-07-24 20:15:02', 1299, 35, NULL),
(434, 0, 'Hi', 2, '2020-07-25 01:52:13', '2020-07-25 01:52:29', 1297, 46, NULL),
(435, 0, 'Hi', 2, '2020-07-25 02:13:02', '2020-07-25 02:13:13', 370, 46, NULL),
(436, 0, NULL, 1, '2020-07-25 14:09:15', '2020-07-25 14:09:15', 34, 36, 23),
(437, 0, 'Good story', 1, '2020-07-27 08:00:03', '2020-07-27 09:53:04', 5, 34, 20),
(438, 0, 'H h ', 2, '2020-07-27 08:05:01', '2020-07-27 08:31:16', 1361, 34, NULL),
(439, 0, ' Gg g ', 2, '2020-07-27 08:05:38', '2020-07-27 08:30:06', 1361, 35, NULL),
(440, 1, NULL, 2, '2020-07-27 08:07:52', '2020-07-27 08:37:42', 1361, 36, NULL),
(441, 0, 'Bbh', 2, '2020-07-27 08:32:02', '2020-07-27 08:32:25', 1364, 34, NULL),
(442, 0, 'Nice', 2, '2020-07-27 08:36:08', '2020-07-27 08:36:16', 1363, 34, NULL),
(443, 0, 'Acha g', 2, '2020-07-27 08:36:39', '2020-07-27 08:36:50', 1363, 35, NULL),
(444, 1, NULL, 2, '2020-07-27 08:36:58', '2020-07-27 08:37:14', 1363, 36, NULL),
(445, 0, 'BBb', 2, '2020-07-27 09:35:03', '2020-07-27 09:37:21', 235, 34, NULL),
(446, 0, 'Ttt', 2, '2020-07-27 09:35:32', '2020-07-27 09:44:47', 235, 35, NULL),
(447, 1, NULL, 1, '2020-07-27 09:36:34', '2020-07-27 09:36:46', 235, 36, 25),
(448, 0, 'Bsbsbsbbd', 2, '2020-07-27 09:38:17', '2020-07-27 09:38:26', 1177, 34, NULL),
(449, 0, 'Jajajaj', 2, '2020-07-27 09:38:59', '2020-07-27 09:39:12', 1177, 35, NULL),
(450, 0, 'Done', 2, '2020-07-27 10:43:28', '2020-07-27 10:51:23', 1365, 34, NULL),
(451, 0, 'Bagdh', 1, '2020-07-27 10:46:50', '2020-07-27 10:51:55', 1365, 35, 22),
(452, 1, NULL, 1, '2020-07-27 10:47:44', '2020-07-27 10:50:24', 1365, 36, 25),
(453, 0, 'Vkjghjvgjcugjyfcicgu', 1, '2020-07-27 10:49:52', '2020-07-27 10:50:38', 256, 35, 22),
(454, 0, NULL, 1, '2020-07-27 10:54:18', '2020-07-27 10:54:19', 256, 36, 25),
(455, 0, NULL, 2, '2020-07-27 10:55:41', '2020-07-27 11:07:19', 1367, 34, NULL),
(456, 0, NULL, 2, '2020-07-27 10:57:35', '2020-07-27 11:07:29', 1367, 36, NULL),
(457, 0, 'Ch', 2, '2020-07-27 10:57:47', '2020-07-27 11:09:17', 1367, 46, NULL),
(458, 1, 'Utififtutifuitfu', 1, '2020-07-27 11:00:58', '2020-07-27 11:32:11', 321, 34, 20),
(459, 0, 'Vgg', 2, '2020-07-27 11:01:56', '2020-07-27 11:12:50', 1367, 35, NULL),
(460, 0, NULL, 2, '2020-07-27 11:31:55', '2020-07-27 12:23:05', 1368, 34, NULL),
(461, 0, 'Ty', 2, '2020-07-27 11:32:31', '2020-07-27 11:37:31', 1368, 46, NULL),
(462, 0, 'Tot', 1, '2020-07-27 11:33:28', '2020-07-27 11:35:47', 323, 34, 20),
(463, 0, 'Gxf', 2, '2020-07-27 11:34:53', '2020-07-27 11:38:28', 1368, 35, NULL),
(464, 0, NULL, 2, '2020-07-27 11:37:13', '2020-07-27 12:23:39', 1368, 36, NULL),
(465, 0, NULL, 2, '2020-07-27 11:42:30', '2020-07-27 11:42:38', 1369, 34, NULL),
(466, 0, 'Vvv', 2, '2020-07-27 11:43:06', '2020-07-27 11:43:14', 1369, 35, NULL),
(467, 0, NULL, 2, '2020-07-27 11:44:13', '2020-07-27 11:44:21', 1369, 46, NULL),
(468, 0, 'Fugu', 2, '2020-07-27 12:03:55', '2020-07-27 12:04:03', 321, 35, NULL),
(469, 0, 'Fuuitfftiuftiu', 2, '2020-07-27 12:04:43', '2020-07-27 12:04:49', 321, 46, NULL),
(470, 0, NULL, 2, '2020-07-27 12:27:36', '2020-07-27 12:27:44', 1370, 34, NULL),
(471, 0, 'Cv g', 2, '2020-07-27 12:27:55', '2020-07-27 12:28:03', 1370, 35, NULL);

-- --------------------------------------------------------

--
-- Table structure for table `Stories`
--

CREATE TABLE `Stories` (
  `id` int(11) NOT NULL,
  `title` varchar(255) DEFAULT NULL,
  `video_url` varchar(255) DEFAULT NULL,
  `audio_flag` tinyint(1) DEFAULT '0',
  `synopsis_audio_url` varchar(255) DEFAULT NULL,
  `search_keywords` text,
  `button_color` varchar(255) DEFAULT NULL,
  `points` int(11) DEFAULT NULL,
  `synopsis_content` text,
  `catalogue_image` varchar(255) DEFAULT NULL,
  `synopsis_image` varchar(255) DEFAULT NULL,
  `ipad_image` varchar(100) NOT NULL,
  `tablet_image` varchar(100) NOT NULL,
  `locked` tinyint(1) DEFAULT '0',
  `status` int(11) DEFAULT '1',
  `createdAt` datetime NOT NULL,
  `updatedAt` datetime NOT NULL,
  `AdminId` int(11) DEFAULT NULL,
  `StoryCategoryId` int(11) DEFAULT NULL
) ENGINE=InnoDB DEFAULT CHARSET=latin1;

--
-- Dumping data for table `Stories`
--

INSERT INTO `Stories` (`id`, `title`, `video_url`, `audio_flag`, `synopsis_audio_url`, `search_keywords`, `button_color`, `points`, `synopsis_content`, `catalogue_image`, `synopsis_image`, `ipad_image`, `tablet_image`, `locked`, `status`, `createdAt`, `updatedAt`, `AdminId`, `StoryCategoryId`) VALUES
(14, 'Lord Ganesha', '', 1, 'http://54.90.62.46:4800/public/story/audio/storyaudio.mp3', 'Education', '#b15f5f', 10, 'Synopsis Content', 'http://54.90.62.46:4800/public/story/createStory/imcdnjfcy38_1593843084058.jpeg', 'http://54.90.62.46:4800/public/story/createStory/imcdnjfcy38_1593843084058.jpeg', '', '', 0, 0, '2020-06-27 06:48:22', '2020-07-10 22:45:49', 1, 2),
(15, 'The curse', '', 0, 'http://54.90.62.46:4800/public/story/audio/storyaudio.mp3', '', '#8e3c3c', 10, 'Lorem ipsum dolor. Lorem ipsum dolor lorem ipsum dolor lorem ipsum dolor.Lorem ipsum dolor. Lorem ipsum dolor lorem ipsum dolor lorem ipsum dolor.Lorem ipsum dolor. Lorem ipsum dolor lorem ipsum dolor lorem ipsum dolor.Lorem ipsum dolor. Lorem ipsum dolor lorem ipsum dolor lorem ipsum dolor.', 'http://54.90.62.46:4800/pb5mfeib4lq_1594262540479.jpeg', 'http://54.90.62.46:4800/g1un1pg9qf_1594262539851.jpeg', '', '', 0, 0, '2020-06-27 18:24:31', '2020-07-10 22:45:46', 1, 1),
(16, 'Beautiful Baby', '', 0, '', '', '#7a5656', 10, 'Lorem ipsum dolor. Lorem ipsum dolor lorem ipsum dolor lorem ipsum dolor.Lorem ipsum dolor. Lorem ipsum dolor lorem ipsum dolor lorem ipsum dolor.Lorem ipsum dolor. Lorem ipsum dolor lorem ipsum dolor lorem ipsum dolor.Lorem ipsum dolor. Lorem ipsum dolor lorem ipsum dolor lorem ipsum dolor.', 'http://54.90.62.46:4800/xv6wlknauhr_1594262523687.jpeg', 'http://54.90.62.46:4800/ytmfsvjjez_1594262523142.jpeg', '', '', 0, 0, '2020-06-27 18:25:00', '2020-07-10 22:45:43', 1, 1),
(17, 'The demoness', '', 0, '', '', '#a09a9a', 10, 'Krishnas uncle Kamsa was an evil king. Before Krishnas birth, a prophecy was foretold. Kamsa would be vanquished by Krishna - the eighth son of Kamsas sister. Kamsa tried to kill the baby, but that was not to be. A divine intervention ensured the baby was saved. Since then Kamsa has been sending demons to find and kill the baby. Hear the story of Puthana - a fierce demoness!', 'http://54.90.62.46:4800/7exn1udbgsg_1594163290850.jpeg', 'http://54.90.62.46:4800/oxxwc5k20yf_1594163290741.jpeg', '', '', 1, 0, '2020-06-27 18:25:42', '2020-07-10 22:45:40', 1, 1),
(18, 'Blue as the sky', '', 1, '', '', '#802525', 10, 'Lorem ipsum dolor. Lorem ipsum dolor lorem ipsum dolor lorem ipsum dolor.Lorem ipsum dolor. Lorem ipsum dolor lorem ipsum dolor lorem ipsum dolor.Lorem ipsum dolor. Lorem ipsum dolor lorem ipsum dolor lorem ipsum dolor.Lorem ipsum dolor. Lorem ipsum dolor lorem ipsum dolor lorem ipsum dolor.', 'http://54.90.62.46:4800/8li2l5v48fu_1594262585303.jpeg', 'http://54.90.62.46:4800/kbt4hkqtax_1594262584199.jpeg', '', '', 1, 0, '2020-06-27 18:26:40', '2020-07-24 05:25:52', 1, 3),
(22, 'The fight', '', 0, '', '', '#374291', 10, 'Lorem ipsum dolor. Lorem ipsum dolor lorem ipsum dolor lorem ipsum dolor.Lorem ipsum dolor. Lorem ipsum dolor lorem ipsum dolor lorem ipsum dolor.Lorem ipsum dolor. Lorem ipsum dolor lorem ipsum dolor lorem ipsum dolor.Lorem ipsum dolor. Lorem ipsum dolor lorem ipsum dolor lorem ipsum dolor.', 'http://54.90.62.46:4800/ihmir4faawf_1594262624583.jpeg', 'http://54.90.62.46:4800/jvksv9ngrvf_1594262623168.jpeg', '', '', 0, 0, '2020-06-27 20:26:29', '2020-07-10 22:34:11', 1, 2),
(24, 'Ganesh plays with the Chakra', '', 0, '', '', '#2e4e84', 10, 'Lorem ipsum dolor. Lorem ipsum dolor lorem ipsum dolor lorem ipsum dolor.Lorem ipsum dolor. Lorem ipsum dolor lorem ipsum dolor lorem ipsum dolor.Lorem ipsum dolor. Lorem ipsum dolor lorem ipsum dolor lorem ipsum dolor.Lorem ipsum dolor. Lorem ipsum dolor lorem ipsum dolor lorem ipsum dolor.', 'http://54.90.62.46:4800/f0vvsrblpmw_1594262660021.jpeg', 'http://54.90.62.46:4800/u0q9orgceoa_1594262657889.jpeg', '', '', 0, 0, '2020-06-27 20:27:21', '2020-07-10 23:02:11', 1, 2),
(34, 'Ganesha the birth', '', 1, '', 'Kindness', '#4a90e2', 10, 'Of all the gods and goddesses that you know of, perhaps the most beloved is Ganesha, the elephant headed son of Lord Shiva and Goddess Parvati.  But do you know that Ganesha was born as a simple boy with a human head. How did he get his elephant head? That story is an interesting one. Read on to discover.', 'http://54.90.62.46:4800/135v0hnajfo_1594421913425.jpeg', 'http://54.90.62.46:4800/gu1u1ncpxrv_1594421912639.jpeg', 'http://54.90.62.46:4800/135v0hnajfo_1594421913425_pad.jpg', 'http://54.90.62.46:4800/135v0hnajfo_1594421913425_pad.jpg', 0, 1, '2020-07-10 22:58:34', '2020-07-24 06:39:35', 1, 4),
(35, 'Do not look at the moon', '', 0, '', 'Kindness', '#4a90e2', 10, 'Have your parents ever told you not to look at the moon on Ganesh Chathurthi - the birthday of Lord Ganesha? Have you wondered why that is? What could the moon have done?  You will surely find this story interesting and useful.', 'http://54.90.62.46:4800/3sedro9ncfo_1594421975146.jpeg', 'http://54.90.62.46:4800/b8hkfv8yq7l_1594421974362.jpeg', '', '', 0, 1, '2020-07-10 22:59:35', '2020-07-10 22:59:35', 1, 4),
(36, 'Discus diet?', '', 0, '', 'Humanity', '#4a90e2', 10, 'Have you ever seen people crossing their arms and squatting holding their ears before Lord Ganesha? Have you wondered why that is? This story tells you how it all started.', 'http://54.90.62.46:4800/ppalktb0lpj_1594422047647.jpeg', 'http://54.90.62.46:4800/skpe5k3i1w8_1594422046795.jpeg', '', '', 0, 1, '2020-07-10 23:00:48', '2020-07-24 05:25:16', 1, 4),
(37, 'Around the world', '', 0, '', 'Kindness', '#4a90e2', 10, 'Can we go around the world? That too on foot? Sitting on a tiny mouse? Seems impossible, doesn\'t it? But you can and Lord Ganesha showed us how. This is a story of how Ganesha applied his wisdom and intelligence to a seemingly impossible task.', 'http://54.90.62.46:4800/1yp2gilloi7_1594422120295.jpeg', 'http://54.90.62.46:4800/j5lkqbp4b7_1594422120171.jpeg', '', '', 0, 1, '2020-07-10 23:02:00', '2020-07-10 23:02:00', 1, 4),
(38, 'Kubera shows off', '', 0, '', 'News,Tags,Input', '#4a90e2', 10, 'Have you ever come across someone who shows off all the time? How does that make you feel? Well this happened to Ganesha too one day. And guess how he deals with it?', 'http://54.90.62.46:4800/a84ja0e78i_1594422181571.jpeg', 'http://54.90.62.46:4800/5i5fyl8slgg_1594422181342.jpeg', 'http://54.90.62.46:4800/5i5fyl8slgg_1594422181342_pad.png', 'http://54.90.62.46:4800/5i5fyl8slgg_1594422181342_pad.png', 0, 1, '2020-07-10 23:03:01', '2020-07-10 23:03:01', 1, 4),
(39, 'Ganesha turns cool', '', 0, '', 'Humanity', '#4a90e2', 10, 'The journey from elementary to middle school and then to high school is always a challenging one. Both parents and teachers want us to grow up and act mature while we just want to be Cool. There is a very interesting story where Ganesha wanted to be Cool. But very literally speaking, of course.', 'http://54.90.62.46:4800/89cqjkfp5y9_1594422245655.jpeg', 'http://54.90.62.46:4800/oulf48ickf_1594422245406.jpeg', '', '', 1, 1, '2020-07-10 23:04:05', '2020-07-10 23:04:05', 1, 4),
(40, 'The birth', '', 0, '', 'News,Tags,Input', '#4a90e2', 10, 'Lorem ipsum dolor valet sit. Lorem ipsum dolor valet sit. Lorem ipsum dolor valet sit. Lorem ipsum dolor valet sit. Lorem ipsum dolor valet sit. Lorem ipsum dolor valet sit. Lorem ipsum dolor valet sit. Lorem ipsum dolor valet sit. ', 'http://54.90.62.46:4800/ua1ymq0cd0i_1594422312322.jpeg', 'http://54.90.62.46:4800/hu49h5h3gpo_1594422312075.jpeg', '', '', 0, 1, '2020-07-10 23:05:12', '2020-07-10 23:05:12', 1, 12),
(41, 'The dove who gets protection', '', 0, '', 'Kindness', '#d0021b', 10, 'It is the moral duty of the strong to help and protect the weak. This is all the more important in the case of those in power. But how far should one go down this path especially if this involves giving up something you hold dear? Mahabharata has an interesting story that provides an answer to this.', 'http://54.90.62.46:4800/id4jb8kewkk_1594422401859.jpeg', 'http://54.90.62.46:4800/xujvkktmqce_1594422401329.jpeg', '', '', 0, 1, '2020-07-10 23:06:42', '2020-07-10 23:06:42', 1, 11),
(42, 'The ultimate sacrifice', '', 0, '', 'Humanity', '#417505', 10, 'The word sacrifice means giving up something in favor of something more desirable. Since it involves giving up on something dear to you, you end up in a dilemma. The Mahabharata has a very interesting story on sacrifice about king Shibi who sacrificed everything to keep his word. ', 'http://54.90.62.46:4800/jmjktlssq0q_1594422549370.jpeg', 'http://54.90.62.46:4800/7moj73gkxjh_1594422548793.jpeg', '', '', 1, 1, '2020-07-10 23:09:09', '2020-07-10 23:09:09', 1, 11),
(43, 'Who is the best archer?', '', 0, '', 'Kindness', '#4a90e2', 10, 'We all know and have heard of the several stories of Arjuna, the Pandava prince and one of the best archers in the world. But did you know that there was another archer - equal in skill and talent like Arjuna. This is his story - the story of sacrifice and reverence to his teacher. The story of Eklavya.', 'http://54.90.62.46:4800/rrinqzd48bf_1594422681883.jpeg', 'http://54.90.62.46:4800/ll7q2zban7b_1594422681262.jpeg', '', '', 0, 1, '2020-07-10 23:11:22', '2020-07-10 23:11:22', 1, 11),
(44, 'Ramayan - the beginning ', '', 0, '', 'Kindness', '#4a90e2', 10, 'I am sure you have heard about the epic Ramayana, the story of the brave prince Rama and how he battled with the ten headed demon king Raavan. But, do you know how it all started? This story explains how it all began - long long ago before prince Ramas birth. ', 'http://54.90.62.46:4800/1hs52mqmqvq_1594422965207.jpeg', 'http://54.90.62.46:4800/60jxjhuxoux_1594422964883.jpeg', '', '', 0, 1, '2020-07-10 23:13:07', '2020-07-10 23:16:05', 1, 7),
(45, 'The royal scions ', '', 0, '', 'Kindness', '#4a90e2', 10, 'The brave prince Dashratha ascended the throne and became the King of Kosala. He was a kind and wise king loved by his subjects. He had three queens -  Kaushalya, Kaikeyi and Sumitra. But he had one sorrow, he had no children. This often made him sad. Read on to see how Lord Vishnu takes birth in the home of King Dashratha and sets into motion the events of Ramayana.', 'http://54.90.62.46:4800/8tl0u69qeyg_1594422937379.jpeg', 'http://54.90.62.46:4800/65z2a2wx75q_1594422937199.jpeg', '', '', 0, 1, '2020-07-10 23:15:37', '2020-07-10 23:15:37', 1, 7),
(46, 'The first test', '', 0, '', 'Kindness', '#4a90e2', 10, 'Time has passed since the birth of the four princes. The brothers are sent to the Sage Vasishthas gurukul for their education. There, the brothers learn all the things that princes need to know including - warfare and statesmanship. After completing their studies, the princes come back to Ayodhya. But how ready were they to face demons? ', 'http://54.90.62.46:4800/hqm4ecu3d4t_1594423049548.jpeg', 'http://54.90.62.46:4800/krwwyxuh76_1594423049099.jpeg', '', '', 0, 1, '2020-07-10 23:17:30', '2020-07-24 06:15:48', 1, 7);

-- --------------------------------------------------------

--
-- Table structure for table `StoryCharacterTags`
--

CREATE TABLE `StoryCharacterTags` (
  `id` int(11) NOT NULL,
  `status` int(11) DEFAULT '1',
  `createdAt` datetime NOT NULL,
  `updatedAt` datetime NOT NULL,
  `CharacterTagId` int(11) DEFAULT NULL,
  `StoryId` int(11) DEFAULT NULL
) ENGINE=InnoDB DEFAULT CHARSET=latin1;

--
-- Dumping data for table `StoryCharacterTags`
--

INSERT INTO `StoryCharacterTags` (`id`, `status`, `createdAt`, `updatedAt`, `CharacterTagId`, `StoryId`) VALUES
(9, 1, '2020-06-27 06:48:22', '2020-06-27 06:48:22', 2, 14),
(10, 1, '2020-07-08 09:33:09', '2020-07-08 09:33:09', 2, 17),
(11, 1, '2020-07-10 22:58:34', '2020-07-10 22:58:34', 2, 34),
(12, 1, '2020-07-10 22:59:35', '2020-07-10 22:59:35', 2, 35),
(13, 1, '2020-07-10 23:00:48', '2020-07-10 23:00:48', 2, 36),
(14, 1, '2020-07-10 23:02:00', '2020-07-10 23:02:00', 2, 37),
(15, 1, '2020-07-10 23:03:01', '2020-07-10 23:03:01', 2, 38),
(16, 1, '2020-07-10 23:04:05', '2020-07-10 23:04:05', 2, 39),
(17, 1, '2020-07-10 23:05:12', '2020-07-10 23:05:12', 6, 40),
(18, 1, '2020-07-10 23:06:42', '2020-07-10 23:06:42', 1, 41),
(19, 1, '2020-07-10 23:09:09', '2020-07-10 23:09:09', 1, 42),
(20, 1, '2020-07-10 23:11:22', '2020-07-10 23:11:22', 1, 43),
(21, 1, '2020-07-10 23:13:07', '2020-07-10 23:13:07', 4, 44),
(22, 1, '2020-07-10 23:15:37', '2020-07-10 23:15:37', 4, 45),
(23, 1, '2020-07-10 23:17:30', '2020-07-10 23:17:30', 4, 46);

-- --------------------------------------------------------

--
-- Table structure for table `StoryPages`
--

CREATE TABLE `StoryPages` (
  `id` int(11) NOT NULL,
  `page_content` text,
  `page_image` varchar(255) DEFAULT NULL,
  `ipad_image` varchar(100) NOT NULL,
  `tablet_image` varchar(100) NOT NULL,
  `page_number` int(11) DEFAULT NULL,
  `audio_url` varchar(255) DEFAULT NULL,
  `status` int(11) DEFAULT '1' COMMENT '1-active,0-inactive',
  `createdAt` datetime NOT NULL,
  `updatedAt` datetime NOT NULL,
  `StoryId` int(11) DEFAULT NULL
) ENGINE=InnoDB DEFAULT CHARSET=latin1;

--
-- Dumping data for table `StoryPages`
--

INSERT INTO `StoryPages` (`id`, `page_content`, `page_image`, `ipad_image`, `tablet_image`, `page_number`, `audio_url`, `status`, `createdAt`, `updatedAt`, `StoryId`) VALUES
(8, '<p>A story which explains the gods association with intelligence and wisdom is his competition with Karthikeya to be the first to marry. They set up a challenge that whoever could first encircle the Earth would also find a bride first. Not wasting a second, Karthikeya swiftly mounted his blue peacock and immediately shot off around the world. Ganesha on the other hand, casually sauntered over to his parents house, embraced them and quoted the line from the sacred Vedas: he who embraces his parents seven times (pradakshinas) gains the merit of encircling the world seven times. Declared the winner, Ganesha promptly married not one but two daughters of Prajapati: Buddhi (Wisdom) and Siddhi (Success), with whom he had two sons: Kshema and Laabha.</p>', 'http://54.90.62.46:4800/public/story/createStory/imcdnjfcy38_1593843084058.jpeg', '', '', 1, 'http://54.90.62.46:4800/public/story/audio/storyaudio.mp3', 1, '2020-06-27 00:00:00', '2020-06-27 00:00:00', 14),
(9, '<p>Ganesha also has something of a reputation for greediness. One day, after eating a few too many modakas (sacrificial cakes), Ganesha decided to take a ride on his giant rat, Kroncha, to aid his digestion. However, the rat was surprised when he came across a large snake and, jumping back with fear, he threw off his mount. Ganesha landed on his full belly and it burst on hitting the ground. The cakes from his stomach rolled left, right and centre but Ganesha, unperturbed, carefully gathered them in, stuffed them all back into his belly and wound the snake around his midriff to keep it closed. Symbolic of Ganeshas ability to overcome all obstacles, the snake, the cause of the accident in the first place, therefore provided the remedy for the damage it had caused.</p>', 'http://54.90.62.46:4800/public/story/createStory/imcdnjfcy38_1593843084058.jpeg', '', '', 2, 'http://54.90.62.46:4800/public/story/audio/storyaudio.mp3', 1, '2020-06-27 00:00:00', '2020-06-27 00:00:00', 14),
(10, '<p>Ganesha is the son of Shiva and Parvati and he is the brother of Karthikeya (or Subrahmanya), the god of war. He was created by his mother using earth which she moulded into the shape of a boy. As Shiva was away on his meditative wanderings, Parvati set her new son as guard while she bathed. Unexpectedly, Shiva returned home and, on finding the boy, and outraged at his impudence in claiming he was Parvatis son, Shiva called for his gang of demons, the bhutaganas, who fought ferociously with the boy. However, the youngster easily held his own against such fearsome adversaries and Vishnu was forced to intervene in the form of Maya and, whilst the boy was distracted by her beauty, the demons, or Shiva himself, lopped off his head. At the commotion, Parvati ran from her bath and remonstrated with Shiva for so summarily killing their son. Repentant, Shiva ordered a new head to be found for the boy and, as the first animal available was an elephant, so Ganesha gained a new head and became the most distinctive of the Hindu gods. As a reward for his great courage in fighting the demons, Shiva made Ganesha the leader of the bhutaganas, hence his name.</p>', 'http://54.90.62.46:4800/public/story/createStory/imcdnjfcy38_1593843084058.jpeg', '', '', 3, 'http://54.90.62.46:4800/public/story/audio/storyaudio.mp3', 1, '2020-07-06 00:00:00', '2020-07-06 00:00:00', 14),
(11, '<p>A story which explains the gods association with intelligence and wisdom is his competition with Karthikeya to be the first to marry. They set up a challenge that whoever could first encircle the Earth would also find a bride first. Not wasting a second, Karthikeya swiftly mounted his blue peacock and immediately shot off around the world. Ganesha on the other hand, casually sauntered over to his parents house, embraced them and quoted the line from the sacred Vedas: he who embraces his parents seven times (pradakshinas) gains the merit of encircling the world seven times. Declared the winner, Ganesha promptly married not one but two daughters of Prajapati: Buddhi (Wisdom) and Siddhi (Success), with whom he had two sons: Kshema and Laabha.</p>', '', '', '', 4, 'http://54.90.62.46:4800/public/story/audio/storyaudio.mp3', 1, '2020-07-06 00:00:00', '2020-07-06 00:00:00', 14),
(12, '<p>A story which explains the gods association with intelligence and wisdom is his competition with Karthikeya to be the first to marry. They set up a challenge that whoever could first encircle the Earth would also find a bride first. Not wasting a second, Karthikeya swiftly mounted his blue peacock and immediately shot off around the world. Ganesha on the other hand, casually sauntered over to his parents house, embraced them and quoted the line from the sacred Vedas: he who embraces his parents seven times (pradakshinas) gains the merit of encircling the world seven times. Declared the winner, Ganesha promptly married not one but two daughters of Prajapati: Buddhi (Wisdom) and Siddhi (Success), with whom he had two sons: Kshema and Laabha.</p>', 'http://54.90.62.46:4800/public/story/createStory/imcdnjfcy38_1593843084058.jpeg', '', '', 1, 'http://54.90.62.46:4800/public/story/audio/storyaudio.mp3', 1, '2020-07-07 00:00:00', '2020-07-07 00:00:00', 24),
(13, '<p>Ganesha also has something of a reputation for greediness. One day, after eating a few too many modakas (sacrificial cakes), Ganesha decided to take a ride on his giant rat, Kroncha, to aid his digestion. However, the rat was surprised when he came across a large snake and, jumping back with fear, he threw off his mount. Ganesha landed on his full belly and it burst on hitting the ground. The cakes from his stomach rolled left, right and centre but Ganesha, unperturbed, carefully gathered them in, stuffed them all back into his belly and wound the snake around his midriff to keep it closed. Symbolic of Ganeshas ability to overcome all obstacles, the snake, the cause of the accident in the first place, therefore provided the remedy for the damage it had caused.</p>', 'http://54.90.62.46:4800/public/story/createStory/imcdnjfcy38_1593843084058.jpeg', '', '', 2, 'http://54.90.62.46:4800/public/story/audio/storyaudio.mp3', 1, '2020-07-07 00:00:00', '2020-07-07 00:00:00', 24),
(14, '<p>yes it is</p>', 'http://54.90.62.46:4800/txw39mrqo2d_1594151820660.jpeg', '', '', 3, 'http://54.90.62.46:4800/i025mnepyip_1594151821567.mpeg', 1, '2020-07-07 19:57:05', '2020-07-10 11:07:24', 24),
(15, '<p>The beautiful city of Mathura on the banks of river Yamuna was the capital of the Vrishni kingdom ruled by the wise king Ugrasena. Ugrasenas son Kamsa, under the influence of bad company, imprisoned his father and installed himself as the king. Although Kamsa was a tyrant and ruled his kingdom with an iron fist, he also had a soft side. He loved his cousin Devaki who he considered as his own sister.</p><p>On the joyous occasion of her marriage to King Vasudev, Kamsa volunteered to escort the newly-weds and drive the royal chariot.&nbsp; As soon as the newly-weds had been seated in the chariot, a celestial voice prophesied Kamsa, you are such a fool! The sister and brother-in-law you are so happily escorting will be the cause of your end. Let it be known that the eight son born to Devaki and Vasudev will be the cause of your death.</p>', 'http://54.90.62.46:4800/8ckihdty7vi_1594420282333.jpeg', '', '', 1, '', 1, '2020-07-10 20:00:53', '2020-07-10 22:31:24', 22),
(16, '<p>Hearing the prophecy, Kamsas initial feeling of fright soon turned to anger and he unsheathed his sword to kill Devaki. Vasudev intervened and implored: Please dont kill Devaki. We will give you every baby born to us.</p><p>Kamsa agreed, but decided to imprison Devaki and Vasudeva in the royal dungeons. He visited and killed the first seven babies as soon as they were born. Nine years had passed and&nbsp; Devaki was about to give birth to her eighth baby. Every passing day was painful for Devaki and she cried in fear of Kamsa. Vasudev tried to comfort her.</p><p>On the fateful day when the baby was to be born, Mathura was engulfed in a terrible storm. All of a sudden, the dungeon was suddenly flooded with a brilliant light. Lord Vishnu appeared and informed them that he himself was being born as their eighth son to free them as well as Mathura from the reign of Kamsa. He also instructed Vasudev After my birth as your son, I want you to take me to the house of your friend, the cowherd chief Nanda in Gokul, where his wife Yashoda would also have given birth to a baby girl. Swap the girl with me and return back to the dungeon with the baby girl. No obstacles will block your path.</p>', 'http://54.90.62.46:4800/rwwpw70dnx_1594411356711.jpeg', '', '', 2, '', 1, '2020-07-10 20:01:11', '2020-07-10 22:31:52', 22),
(17, '<p>As said, at midnight, Devaki gave birth to a son. Vasudev did as instructed. He picked up the baby in his arms. As he was wondering how to get out of the dungeon, a magical thing happened. All the dungeon guards fell asleep and the prison doors unlocked. As Vasudev hurried towards Gokul, he saw the river Yamuna in spate.&nbsp; But lo and behold  another miracle happened.</p><p>As the rain fell in torrents, the river water made way for Vasudev. Most miraculous of all, a&nbsp; five-mouthed snake followed him spreading his hood providing&nbsp; shelter to the baby from the rain.&nbsp;</p><p>When Vasudev reached Gokul, he found the door of Nanda\'s house open too. He exchanged the babies and hurried back to the dungeons. As soon as he placed the baby girl on the dungeon floor next to Devaki, she cried. Kamsa came charging in, ready to kill the eighth baby of Devaki. Devaki and Vasudev begged Kamsa to spare the baby since it was a girl and not a son as prophesied.</p>', 'http://54.90.62.46:4800/0kejr0zr7kvf_1594420338083.jpeg', '', '', 3, '', 1, '2020-07-10 22:26:33', '2020-07-10 22:32:20', 22),
(18, '<p>Kamsa snatched the baby and threw her against the prison wall. But the baby slipped from his hands and rose up towards the prison ceiling and a bright light engulfed the cell. She transformed into a goddess and told Kamsa Foolish Kamsa, what will you get by killing me? Your enemy is well and alive elsewhere. You cant escape your fate.</p><p>The goddess disappeared and having not much use of Devaki and Vasudev now, Kamsa freed them.&nbsp; He then sends out spies in search of the newborn baby that continued to live.</p><p>Meanwhile, in Gokul, all of Nandas subjects were celebrating the birth of the new baby. Chief Nanda named the baby Krishna, Everyone brought gifts and blessings for the baby.</p><p>Thus was the story of the eighth wondrous avatar of Vishnu. Many stories are told of Krishna - the naughty one, the dark one but most importantly the one that taught the world how to live in times of war and peace.</p>', '', '', '', 4, '', 1, '2020-07-10 22:32:36', '2020-07-10 22:32:36', 22),
(19, '<p>High up in the mighty Himalayas lies Mount Kailash, the beautiful abode of Lord Shiva and Goddess Parvati. With Lord Shiva spending long stretches of time in meditation, Goddess Parvati spent her time looking after the needs of their son Kumar and the Ganas - Lord Shivas attendants.&nbsp;</p><p>One fine day, when Goddess Parvati decided to spend some time taking a long and relaxed bath, she asked Nandi, Shiva\'s bull Could you please guard the entrance while I take my bath? Do not let anyone in. Shiva happened to return at that time and Nandi allowed him inside thinking that Goddess Parvatis instructions did not apply to Lord Shiva. Shiva\'s sudden appearance surprised Goddess Parvati.</p>', 'http://54.90.62.46:4800/iyu5g6r1rrm_1594423135256.jpeg', 'http://54.90.62.46:4800/135v0hnajfo_1594421913425_pad.jpg', 'http://54.90.62.46:4800/135v0hnajfo_1594421913425_pad.jpg', 1, '', 1, '2020-07-10 23:18:56', '2020-07-10 23:18:56', 34),
(20, '<p>Pondering on this the next day when taking a bath, Parvati took the mound of turmeric-sandalwood paste used for bathing and made a small boy out of it. She then gave life to her creation and lo behold a little boy came alive. She hugged him and said You are born of me and therefore my son. The next day when Goddess Parvati went to take her bath she asked the little boy Could you please guard the entrance while I take my bath? Do not let anyone in. She gave the boy a little club. The little boy happily went to stand guard at the entrance.</p><p>Just then, Shiva returned. But this time, he was not allowed to enter. Lord Shiva argued, threatened and cajoled but to no avail. The boy did not budge even when the ganas, Lord Vishnu and Lord Brahma tried to reason with him on Shiva\'s request. He politely said I am obeying my mothers instructions. No one can go in till she instructs me otherwise. This enraged the gods present and a huge battle started. During the battle, an enraged Lord Shiva lost his temper and beheaded the boy with his trident.</p>', '', '', '', 2, '', 1, '2020-07-10 23:19:17', '2020-07-10 23:19:17', 34),
(21, '<p>Of all the three hundred and thirty million Gods and Goddesses, the most endearing is Ganesha, the pot-bellied son of Lord Shiva and Goddess Parvathi. One of the anecdotes related to Ganesha Chaturthi - the birthday of Lord Ganesha, is the tradition of not looking at the Moon on that day.&nbsp;</p><p>On one Ganesha Chaturthi, Ganesha having had one too many of his favorite sweets  yummy molasses filled modaks and laddus offered by his devotees and divinities, was on his way back to his home at Kailash. Alas! Ganeshas full tummy was making it very uncomfortable for him to sit on his mouse  Mushak. So, he grabbed hold of a snake slithering by, tied it around his waist and started on the long journey back.&nbsp;</p><p>It was a very divine sight indeed. Ganesha riding on a commonly considered insignificant animal like a mouse teaches mankind that all beings small or big have their strengths and weaknesses. A mouse due to its size can slither through tiny cracks and crevices.</p>', 'http://54.90.62.46:4800/hjc69i5zg8g_1594423874420.jpeg', '', '', 1, '', 1, '2020-07-10 23:31:15', '2020-07-10 23:31:15', 35),
(22, '<p>It was a nice breezy night with the moon shining up in the sky. Mushak stumbled on a rock and tipped over. Ganesha was thrown off onto the path. He tumbled down, spilling all the sweets he had taken for snacking. Just then, he heard a loud laughter from the sky - Ha ha ha. On looking up, he saw the Moon laughing at him.&nbsp;</p><p>Ganesha, annoyed at the sweets spilled in the dust, decided to use the opportunity to teach all of us an important lesson - It is unkind to laugh at someones appearance or misfortune. To make sure everyone remembers this, he declared From this day onward if anyone looks at the moon on my birthday, they will be accused of doing something wrong.</p>', 'http://54.90.62.46:4800/768ztuh276r_1594423894620.jpeg', '', '', 2, '', 1, '2020-07-10 23:31:35', '2020-07-11 01:24:37', 35),
(23, '<p>Have you ever seen people crossing their arms and squatting holding their ears before Lord Ganesha? This is considered to be a very effective form of pleasing Ganesha and is said to have been started by none other than Lord Vishnu, who is believed to be Ganeshas uncle.</p><p>This simple age-old ritual has been scientifically endorsed in recent years. Scientists think it may stimulate the human brain and improve mental concentration.</p><p>This is how the story goes. Lord Vishnu, once visited Kailash - the abode of Lord Shiva and Parvati. While Vishnu was busy talking with Lord Shiva and Goddess Parvati, the child Ganesha who was playing nearby saw Vishnus mighty discus. Like any curious child, he picked it up and swallowed it to see what it tasted like.</p>', 'http://54.90.62.46:4800/zxqj90xqanj_1594430810796.jpeg', '', '', 1, '', 1, '2020-07-11 01:26:52', '2020-07-11 01:26:52', 36),
(24, '<p>Imagine that! Shiva, Parvati and Vishnu immediately ran to Ganesha, put their fingers into Ganeshas mouth and tried to get it out. But try as they might - Ganesha refused to open his mouth. When all of the cajoling and bribing did not work, Vishnu had the brilliant idea to do something to make Ganesha laugh.&nbsp;</p><p>After much thought he had a brilliant idea. He said to the child Ganesha Watch me! He crossed his arms, caught his ears and started squatting. Up and down the four armed Lord Vishnu went again and again. Ganesha found this sight very funny and could not contain it anymore. He opened his mouth wide and went Ha ha ha. The laughing Ganesha could not keep the discus in his mouth. The discus escaped out and returned to Lord Vishnu.</p>', 'http://54.90.62.46:4800/4xr65vc1ygj_1594430844313.jpeg', '', '', 2, '', 1, '2020-07-11 01:27:25', '2020-07-11 01:27:25', 36),
(25, '<p>A very happy Lord Vishnu said with a chuckle Since this made you so happy, I bless that anyone who does this squatting will receive your mighty blessings. And hence, we continue to practice this ritual even today!</p>', '', '', '', 3, '', 1, '2020-07-11 01:27:44', '2020-07-11 19:30:59', 36),
(26, '<ul><li>This is my story</li><li>This is first story&nbsp;</li></ul>', '', '', '', 1, '', 1, '2020-07-11 19:31:22', '2020-07-11 19:31:45', 46);

-- --------------------------------------------------------

--
-- Table structure for table `StoryQuestions`
--

CREATE TABLE `StoryQuestions` (
  `id` int(11) NOT NULL,
  `question_text` text,
  `question_type` int(11) DEFAULT '0' COMMENT '1-MCQ,2-FREE-TEXT,3-NONE',
  `status` int(11) DEFAULT '1' COMMENT '1-active,0-inactive',
  `createdAt` datetime NOT NULL,
  `updatedAt` datetime NOT NULL,
  `StoryId` int(11) DEFAULT NULL
) ENGINE=InnoDB DEFAULT CHARSET=latin1;

--
-- Dumping data for table `StoryQuestions`
--

INSERT INTO `StoryQuestions` (`id`, `question_text`, `question_type`, `status`, `createdAt`, `updatedAt`, `StoryId`) VALUES
(1, 'Lord Ganesha is son of which god?', 1, 1, '2020-07-03 00:00:00', '2020-07-03 00:00:00', 14),
(2, 'Why Lord Ganesha Called Ekdant?', 1, 1, '2020-07-03 00:00:00', '2020-07-03 00:00:00', 14),
(5, 'What is the last name of the kids who Percy and his friends rescue?', 1, 1, '2020-07-10 00:00:00', '2020-07-10 00:00:00', 15),
(6, 'what was the name of the manticore who attacks Percy?', 1, 1, '2020-07-10 00:00:00', '2020-07-10 00:00:00', 15),
(7, 'Lord Ganesha is son of which god?', 1, 1, '2020-07-03 00:00:00', '2020-07-03 00:00:00', 16),
(8, 'Why Lord Ganesha Called Ekdant?', 1, 1, '2020-07-03 00:00:00', '2020-07-03 00:00:00', 16),
(9, 'What is the last name of the kids who Percy and his friends rescue?', 1, 1, '2020-07-10 00:00:00', '2020-07-10 00:00:00', 17),
(10, 'what was the name of the manticore who attacks Percy?', 1, 1, '2020-07-10 00:00:00', '2020-07-10 00:00:00', 17),
(11, 'What does Lord Shiva Like to do?', 1, 1, '2020-07-10 23:26:41', '2020-07-10 23:26:53', 34),
(12, 'Where does this story take place?', 1, 1, '2020-07-10 23:27:52', '2020-07-10 23:27:52', 34),
(13, 'Was it nice of Moon to laugh at Ganesha?', 1, 1, '2020-07-10 23:33:54', '2020-07-10 23:33:54', 35),
(14, 'Have you every been laughed at? What did you do?', 3, 1, '2020-07-10 23:34:16', '2020-07-11 00:41:20', 35),
(15, 'What did you think of this story?', 2, 1, '2020-07-10 23:35:32', '2020-07-10 23:35:32', 34),
(16, 'What you like in this story?', 2, 1, '2020-07-17 00:00:00', '2020-07-17 00:00:00', 36),
(17, 'Lord Shiva have which happen?', 1, 1, '2020-07-24 11:30:49', '2020-07-24 11:30:49', 46);

-- --------------------------------------------------------

--
-- Table structure for table `StoryQuestionsAnswers`
--

CREATE TABLE `StoryQuestionsAnswers` (
  `id` int(11) NOT NULL,
  `answer_text` text,
  `answer_status` tinyint(1) DEFAULT NULL,
  `status` int(11) DEFAULT '1' COMMENT '1-active,0-inactive',
  `createdAt` datetime NOT NULL,
  `updatedAt` datetime NOT NULL,
  `StoryQuestionId` int(11) DEFAULT NULL
) ENGINE=InnoDB DEFAULT CHARSET=latin1;

--
-- Dumping data for table `StoryQuestionsAnswers`
--

INSERT INTO `StoryQuestionsAnswers` (`id`, `answer_text`, `answer_status`, `status`, `createdAt`, `updatedAt`, `StoryQuestionId`) VALUES
(1, 'Lord Vishnu', 0, 1, '2020-07-03 00:00:00', '2020-07-03 00:00:00', 1),
(2, 'Lord Bhrama', 0, 1, '2020-07-03 00:00:00', '2020-07-03 00:00:00', 1),
(3, 'Lord Indra', 0, 1, '2020-07-03 00:00:00', '2020-07-03 00:00:00', 1),
(4, 'Lord Shiva', 1, 1, '2020-07-03 00:00:00', '2020-07-03 00:00:00', 1),
(5, 'Becauase Lord Parshram destroyed his one teeth.', 1, 1, '2020-07-03 00:00:00', '2020-07-03 00:00:00', 2),
(6, 'Devas give this name', 0, 1, '2020-07-03 00:00:00', '2020-07-03 00:00:00', 2),
(7, 'Asura give this name', 0, 1, '2020-07-03 00:00:00', '2020-07-03 00:00:00', 2),
(8, 'Lord Bhrama give this name', 0, 1, '2020-07-03 00:00:00', '2020-07-03 00:00:00', 2),
(13, 'DiMartin', 0, 1, '2020-07-10 00:00:00', '2020-07-10 00:00:00', 5),
(14, 'DiAngelo', 0, 1, '2020-07-10 00:00:00', '2020-07-10 00:00:00', 5),
(15, 'Johnson', 1, 1, '2020-07-10 00:00:00', '2020-07-10 00:00:00', 5),
(16, 'Jackson', 0, 1, '2020-07-10 00:00:00', '2020-07-10 00:00:00', 5),
(17, 'Dr. Thorn', 1, 1, '2020-07-10 00:00:00', '2020-07-10 00:00:00', 6),
(18, 'Dr. Bush', 0, 1, '2020-07-10 00:00:00', '2020-07-10 00:00:00', 6),
(19, 'Dr. Martin', 0, 1, '2020-07-10 00:00:00', '2020-07-10 00:00:00', 6),
(20, 'Dr. Smith', 0, 1, '2020-07-10 00:00:00', '2020-07-10 00:00:00', 6),
(21, 'Lord Vishnu', 0, 1, '2020-07-03 00:00:00', '2020-07-03 00:00:00', 7),
(22, 'Lord Bhrama', 0, 1, '2020-07-03 00:00:00', '2020-07-03 00:00:00', 7),
(23, 'Lord Indra', 0, 1, '2020-07-03 00:00:00', '2020-07-03 00:00:00', 7),
(24, 'Lord Shiva', 1, 1, '2020-07-03 00:00:00', '2020-07-03 00:00:00', 7),
(25, 'Becauase Lord Parshram destroyed his one teeth.', 1, 1, '2020-07-03 00:00:00', '2020-07-03 00:00:00', 8),
(26, 'Devas give this name', 0, 1, '2020-07-03 00:00:00', '2020-07-03 00:00:00', 8),
(27, 'Asura give this name', 0, 1, '2020-07-03 00:00:00', '2020-07-03 00:00:00', 8),
(28, 'Lord Bhrama give this name', 0, 1, '2020-07-03 00:00:00', '2020-07-03 00:00:00', 8),
(29, 'DiMartin', 0, 1, '2020-07-10 00:00:00', '2020-07-10 00:00:00', 9),
(30, 'DiAngelo', 0, 1, '2020-07-10 00:00:00', '2020-07-10 00:00:00', 9),
(31, 'Johnson', 1, 1, '2020-07-10 00:00:00', '2020-07-10 00:00:00', 9),
(32, 'Jackson', 0, 1, '2020-07-10 00:00:00', '2020-07-10 00:00:00', 9),
(33, 'Dr. Thorn', 1, 1, '2020-07-10 00:00:00', '2020-07-10 00:00:00', 10),
(34, 'Dr. Bush', 0, 1, '2020-07-10 00:00:00', '2020-07-10 00:00:00', 10),
(35, 'Dr. Martin', 0, 1, '2020-07-10 00:00:00', '2020-07-10 00:00:00', 10),
(36, 'Dr. Smith', 0, 1, '2020-07-10 00:00:00', '2020-07-10 00:00:00', 10),
(37, 'Meditate', 1, 1, '2020-07-10 23:26:41', '2020-07-10 23:26:41', 11),
(38, 'Sleep', 0, 1, '2020-07-10 23:26:41', '2020-07-10 23:26:41', 11),
(39, 'Ice skate', 0, 1, '2020-07-10 23:26:41', '2020-07-10 23:26:41', 11),
(40, 'Relax', 0, 1, '2020-07-10 23:26:41', '2020-07-10 23:26:41', 11),
(41, 'Himalayas', 1, 1, '2020-07-10 23:27:52', '2020-07-10 23:27:52', 12),
(42, 'Mount Kailash', 0, 1, '2020-07-10 23:27:52', '2020-07-10 23:27:52', 12),
(43, 'Mount Everest', 0, 1, '2020-07-10 23:27:52', '2020-07-10 23:27:52', 12),
(44, 'Mount Andes', 0, 1, '2020-07-10 23:27:52', '2020-07-10 23:27:52', 12),
(45, 'Yes', 0, 1, '2020-07-10 23:33:54', '2020-07-10 23:33:54', 13),
(46, 'No', 1, 1, '2020-07-10 23:33:54', '2020-07-10 23:33:54', 13),
(47, ' true', 0, 1, '2020-07-10 23:33:54', '2020-07-10 23:33:54', 13),
(48, ' false', 0, 1, '2020-07-10 23:33:54', '2020-07-10 23:33:54', 13),
(49, 'Trishul', 1, 1, '2020-07-24 11:30:49', '2020-07-24 11:30:49', 17),
(50, 'Sudharshan', 1, 1, '2020-07-24 11:30:49', '2020-07-24 11:30:49', 17),
(51, 'Bhala', 1, 1, '2020-07-24 11:30:49', '2020-07-24 11:30:49', 17),
(52, 'Sword', 1, 1, '2020-07-24 11:30:49', '2020-07-24 11:30:49', 17);

-- --------------------------------------------------------

--
-- Table structure for table `StoryValueTags`
--

CREATE TABLE `StoryValueTags` (
  `id` int(11) NOT NULL,
  `status` int(11) DEFAULT '1',
  `createdAt` datetime NOT NULL,
  `updatedAt` datetime NOT NULL,
  `StoryId` int(11) DEFAULT NULL,
  `ValueTagId` int(11) DEFAULT NULL
) ENGINE=InnoDB DEFAULT CHARSET=latin1;

--
-- Dumping data for table `StoryValueTags`
--

INSERT INTO `StoryValueTags` (`id`, `status`, `createdAt`, `updatedAt`, `StoryId`, `ValueTagId`) VALUES
(14, 1, '2020-06-27 06:48:22', '2020-06-27 06:48:22', 14, 6),
(15, 1, '2020-06-27 08:11:13', '2020-06-27 08:11:13', 14, 5),
(18, 1, '2020-07-08 09:33:09', '2020-07-08 09:33:09', 17, 8),
(19, 1, '2020-07-10 22:58:34', '2020-07-10 22:58:34', 34, 7),
(20, 1, '2020-07-10 22:59:35', '2020-07-10 22:59:35', 35, 7),
(21, 1, '2020-07-10 23:00:48', '2020-07-10 23:00:48', 36, 8),
(22, 1, '2020-07-10 23:02:00', '2020-07-10 23:02:00', 37, 7),
(23, 1, '2020-07-10 23:03:01', '2020-07-10 23:03:01', 38, 6),
(24, 1, '2020-07-10 23:04:05', '2020-07-10 23:04:05', 39, 8),
(25, 1, '2020-07-10 23:05:12', '2020-07-10 23:05:12', 40, 6),
(26, 1, '2020-07-10 23:06:42', '2020-07-10 23:06:42', 41, 7),
(27, 1, '2020-07-10 23:09:09', '2020-07-10 23:09:09', 42, 8),
(28, 1, '2020-07-10 23:11:22', '2020-07-10 23:11:22', 43, 7),
(29, 1, '2020-07-10 23:13:07', '2020-07-10 23:13:07', 44, 7),
(30, 1, '2020-07-10 23:15:37', '2020-07-10 23:15:37', 45, 7),
(31, 1, '2020-07-10 23:17:30', '2020-07-10 23:17:30', 46, 7);

-- --------------------------------------------------------

--
-- Table structure for table `Story_categories`
--

CREATE TABLE `Story_categories` (
  `id` int(11) NOT NULL,
  `name` varchar(255) DEFAULT NULL,
  `status` int(11) DEFAULT '1' COMMENT '1-active 0-inactive',
  `createdAt` datetime NOT NULL,
  `updatedAt` datetime NOT NULL
) ENGINE=InnoDB DEFAULT CHARSET=latin1;

--
-- Dumping data for table `Story_categories`
--

INSERT INTO `Story_categories` (`id`, `name`, `status`, `createdAt`, `updatedAt`) VALUES
(1, 'Stories from the Mahabharatha', 0, '2020-06-17 00:00:00', '2020-07-10 22:47:48'),
(2, 'Oh Elephant headed one', 0, '2020-06-19 17:46:03', '2020-07-10 22:47:46'),
(3, 'Krishna - the naughty one', 0, '2020-06-19 17:46:22', '2020-07-10 22:47:44'),
(4, 'Oh elephant headed one', 1, '2020-06-27 20:32:56', '2020-07-10 22:48:06'),
(5, 'Shiva the destroyer', 0, '2020-07-10 22:51:47', '2020-07-10 23:18:07'),
(6, 'Vishnu the protector', 0, '2020-07-10 22:52:19', '2020-07-10 23:18:03'),
(7, 'Ramayan - The childhood', 1, '2020-07-10 22:52:46', '2020-07-10 22:52:46'),
(8, 'Ramayan - In the forest', 0, '2020-07-10 22:53:22', '2020-07-10 23:17:57'),
(9, 'Ramayan - the battle', 0, '2020-07-10 22:53:31', '2020-07-10 23:17:54'),
(10, 'Krishna - the naughty one', 0, '2020-07-10 22:53:46', '2020-07-10 23:17:51'),
(11, 'From the Mahabharatha', 1, '2020-07-10 22:53:58', '2020-07-10 22:53:58'),
(12, 'Buddha the enlightened', 1, '2020-07-10 22:54:12', '2020-07-10 22:54:12'),
(13, 'Tenali Rama', 1, '2020-07-15 06:02:50', '2020-07-15 06:02:50');

-- --------------------------------------------------------

--
-- Table structure for table `Story_feedbacks`
--

CREATE TABLE `Story_feedbacks` (
  `id` int(11) NOT NULL,
  `feedback_text` varchar(255) DEFAULT NULL,
  `status` int(11) DEFAULT '1',
  `createdAt` datetime NOT NULL,
  `updatedAt` datetime NOT NULL,
  `StoryId` int(11) DEFAULT NULL
) ENGINE=InnoDB DEFAULT CHARSET=latin1;

-- --------------------------------------------------------

--
-- Table structure for table `Subscriptions`
--

CREATE TABLE `Subscriptions` (
  `id` int(11) NOT NULL,
  `subscription_type` int(11) DEFAULT NULL COMMENT '0-yearly 1-monthly',
  `start_date` varchar(255) DEFAULT NULL,
  `end_date` varchar(255) DEFAULT NULL,
  `original_transaction_id` varchar(255) DEFAULT NULL,
  `expiration_reason` int(11) DEFAULT '0' COMMENT '0-Not available,1-Customer Cancelled,2-Billing error,3-Customer not agree to new price,4-product not avl,5-Unknown',
  `platform` int(11) DEFAULT NULL COMMENT '0-ios 1-android',
  `status` int(11) DEFAULT '1',
  `createdAt` datetime NOT NULL,
  `updatedAt` datetime NOT NULL,
  `AccountId` int(11) DEFAULT NULL
) ENGINE=InnoDB DEFAULT CHARSET=latin1;

-- --------------------------------------------------------

--
-- Table structure for table `TermConditions`
--

CREATE TABLE `TermConditions` (
  `id` int(11) NOT NULL,
  `term_conditions` text,
  `version` varchar(255) DEFAULT NULL,
  `status` int(11) DEFAULT '1' COMMENT '1-active 0-inactive',
  `createdAt` datetime NOT NULL,
  `updatedAt` datetime NOT NULL
) ENGINE=InnoDB DEFAULT CHARSET=latin1;

--
-- Dumping data for table `TermConditions`
--

INSERT INTO `TermConditions` (`id`, `term_conditions`, `version`, `status`, `createdAt`, `updatedAt`) VALUES
(1, '<html>\r\n    <head>\r\n        <title>Terms And Conditions</title>\r\n        <link href=\'https://fonts.googleapis.com/css?family=Source+Sans+Pro\' rel=\'stylesheet\' type=\'text/css\'>\r\n    </head>\r\n\r\n<body style=\"background-color:#F3FAFE;\"> \r\n    <center style=\"color:#3F5988; font-family: \'Source Sans Pro\', sans-serif;\">\r\n        All information received by us from your registration on business-standard.com or other digital products of Business Standard will be used by Business Standard in accordance with our Privacy Policy. Kindly read the below mentioned details.\r\n\r\nOn registration, we expect you to provide Business Standard with an accurate and complete information of the compulsory fields. We also expect you to keep the information secure, specifically access passwords and payment information. Kindly update the information periodically to keep your account relevant. Business Standard will rely on any information you provide to us.\r\n\r\nEach registration is for a single user only. On registration, you will choose a user name and password (\"ID\"). You are not allowed to share your ID or give access to your account to anyone else. Business Standard Premium subscription does not allow multiple users on a network or within an organization to use the same ID.\r\n\r\nOn knowledge, Business Standard may cancel or suspend your access to Business Standard premium services if it comes across you sharing your personal access without further obligation to you.\r\n\r\nYou are responsible for all the use of business-standard.com premium service made by you or anyone else using your ID and for preventing unauthorised use of your ID. If you believe there has been any breach of security such as the disclosure, theft or unauthorised use of your ID or any payment information, you must notify Business Standard immediately by e-mailing us at assist@bsmail.in. We recommend that you do not select an obvious user password (such as your name) and that you change it regularly.\r\n\r\nIf you provide Business Standard with an email address that will result in any messages Business Standard may send you being sent to you via a network or device operated or owned by a third party (e.g. your employer or college) then you promise that you are entitled to receive those messages. To ensure email\'s land in your inbox, you will add the bsmail receipt id to your safe list. You also agree that Business Standard may stop sending messages to you without notifying you.\r\n    </center>\r\n</body>\r\n</html>\r\n', '1.2', 1, '2020-06-13 00:00:00', '2020-06-13 00:00:00');

-- --------------------------------------------------------

--
-- Table structure for table `Thoughts`
--

CREATE TABLE `Thoughts` (
  `id` int(11) NOT NULL,
  `thought` varchar(255) DEFAULT NULL,
  `status` int(11) DEFAULT NULL,
  `date` datetime DEFAULT NULL,
  `createdAt` datetime NOT NULL,
  `updatedAt` datetime NOT NULL
) ENGINE=InnoDB DEFAULT CHARSET=latin1;

--
-- Dumping data for table `Thoughts`
--

INSERT INTO `Thoughts` (`id`, `thought`, `status`, `date`, `createdAt`, `updatedAt`) VALUES
(1, 'Practice Kindness all day to everybody and you will realize you are already in heaven.', 1, '2020-06-23 00:00:00', '2020-06-23 00:00:00', '2020-06-23 00:00:00');

-- --------------------------------------------------------

--
-- Table structure for table `Transactions`
--

CREATE TABLE `Transactions` (
  `id` int(11) NOT NULL,
  `amount` varchar(255) DEFAULT NULL,
  `transaction_id` varchar(255) DEFAULT NULL,
  `platform` int(11) DEFAULT NULL COMMENT '0-ios 1-android',
  `status` int(11) DEFAULT '1',
  `createdAt` datetime NOT NULL,
  `updatedAt` datetime NOT NULL,
  `AccountId` int(11) DEFAULT NULL
) ENGINE=InnoDB DEFAULT CHARSET=latin1;

-- --------------------------------------------------------

--
-- Table structure for table `UserAcceptedTerms`
--

CREATE TABLE `UserAcceptedTerms` (
  `id` int(11) NOT NULL,
  `app_version` varchar(255) DEFAULT NULL,
  `os_type` int(11) DEFAULT NULL,
  `createdAt` datetime NOT NULL,
  `updatedAt` datetime NOT NULL,
  `AccountId` int(11) DEFAULT NULL,
  `TermConditionId` int(11) DEFAULT NULL
) ENGINE=InnoDB DEFAULT CHARSET=latin1;

--
-- Dumping data for table `UserAcceptedTerms`
--

INSERT INTO `UserAcceptedTerms` (`id`, `app_version`, `os_type`, `createdAt`, `updatedAt`, `AccountId`, `TermConditionId`) VALUES
(1, '1.0', 0, '2020-06-16 08:59:23', '2020-06-16 08:59:23', NULL, 1),
(2, '0', 0, '2020-06-16 10:13:13', '2020-06-16 10:13:13', NULL, 1),
(3, '0', 0, '2020-06-16 11:02:26', '2020-06-16 11:02:26', NULL, 1),
(4, '0', 0, '2020-06-16 11:16:04', '2020-06-16 11:16:04', NULL, 1),
(5, '0', 0, '2020-06-16 13:07:45', '2020-06-16 13:07:45', NULL, 1),
(6, '0', 0, '2020-06-16 13:10:30', '2020-06-16 13:10:30', NULL, 1),
(7, '0', 0, '2020-06-16 13:12:28', '2020-06-16 13:12:28', NULL, 1),
(8, '1.0', 0, '2020-06-17 05:31:37', '2020-06-17 05:31:37', NULL, 1),
(9, '0', 0, '2020-06-17 05:35:14', '2020-06-17 05:35:14', NULL, 1),
(10, '1.0', 1, '2020-06-17 06:01:31', '2020-06-17 06:01:31', NULL, 1),
(11, '1.0', 1, '2020-06-17 10:40:18', '2020-06-17 10:40:18', NULL, 1),
(12, '1.0', 1, '2020-06-17 10:54:51', '2020-06-17 10:54:51', NULL, 1),
(13, '0', 0, '2020-06-17 11:09:03', '2020-06-17 11:09:03', NULL, 1),
(14, '0', 0, '2020-06-17 12:23:48', '2020-06-17 12:23:48', NULL, 1),
(15, '1.0', 1, '2020-06-18 06:30:52', '2020-06-18 06:30:52', NULL, 1),
(16, '1.0', 1, '2020-06-18 13:05:26', '2020-06-18 13:05:26', NULL, 1),
(17, '1.0', 1, '2020-06-18 13:22:37', '2020-06-18 13:22:37', NULL, 1),
(18, '1.0', 1, '2020-06-18 13:55:43', '2020-06-18 13:55:43', NULL, 1),
(19, '1.0', 1, '2020-06-19 04:58:48', '2020-06-19 04:58:48', NULL, 1),
(20, '1.0', 1, '2020-06-19 05:04:53', '2020-06-19 05:04:53', NULL, 1),
(21, '0', 0, '2020-06-19 07:06:37', '2020-06-19 07:06:37', NULL, 1),
(22, '1.0', 1, '2020-06-19 09:50:42', '2020-06-19 09:50:42', NULL, 1),
(23, '1.0', 1, '2020-06-19 10:57:40', '2020-06-19 10:57:40', NULL, 1),
(24, '1.0', 1, '2020-06-19 11:24:29', '2020-06-19 11:24:29', NULL, 1),
(25, '1.0', 1, '2020-06-19 13:04:30', '2020-06-19 13:04:30', NULL, 1),
(26, '1.0', 1, '2020-06-19 13:05:06', '2020-06-19 13:05:06', NULL, 1),
(27, '1.0', 1, '2020-06-20 04:41:03', '2020-06-20 04:41:03', NULL, 1),
(28, '0', 0, '2020-06-20 07:46:58', '2020-06-20 07:46:58', NULL, 1),
(29, '1.0', 1, '2020-06-20 12:25:19', '2020-06-20 12:25:19', NULL, 1),
(30, '1.0', 1, '2020-06-20 12:31:14', '2020-06-20 12:31:14', NULL, 1),
(31, '0', 0, '2020-06-20 16:27:45', '2020-06-20 16:27:45', NULL, 1),
(32, '0', 0, '2020-06-20 20:19:15', '2020-06-20 20:19:15', NULL, 1),
(33, '0', 0, '2020-06-20 20:20:46', '2020-06-20 20:20:46', NULL, 1),
(34, '0', 0, '2020-06-21 14:38:27', '2020-06-21 14:38:27', NULL, 1),
(35, '0', 0, '2020-06-22 00:17:02', '2020-06-22 00:17:02', NULL, 1),
(36, '1.0', 0, '2020-06-22 08:40:51', '2020-06-22 08:40:51', 36, 1),
(37, '1.0', 1, '2020-06-22 10:53:41', '2020-06-22 10:53:41', 37, 1),
(38, '1.0', 0, '2020-06-22 10:59:57', '2020-06-22 10:59:57', 38, 1),
(39, '1.0', 0, '2020-06-23 04:18:28', '2020-06-23 04:18:28', 39, 1),
(40, '1.0', 1, '2020-06-23 09:31:35', '2020-06-23 09:31:35', 40, 1),
(41, '1.0', 0, '2020-06-23 10:22:01', '2020-06-23 10:22:01', 41, 1),
(42, '1.0', 0, '2020-06-23 13:00:32', '2020-06-23 13:00:32', 42, 1),
(43, '1', 0, '2020-06-24 10:56:48', '2020-06-24 10:56:48', 43, 1),
(44, '1', 0, '2020-06-24 10:58:06', '2020-06-24 10:58:06', 44, 1),
(45, '1.0', 0, '2020-06-24 11:04:54', '2020-06-24 11:04:54', 45, 1),
(46, '1', 0, '2020-06-24 11:09:46', '2020-06-24 11:09:46', 46, 1),
(47, '1.0', 1, '2020-06-24 11:11:11', '2020-06-24 11:11:11', 47, 1),
(48, '1', 0, '2020-06-24 11:24:59', '2020-06-24 11:24:59', 48, 1),
(49, '1', 0, '2020-06-24 11:36:13', '2020-06-24 11:36:13', 49, 1),
(50, '1.0', 0, '2020-06-24 11:41:47', '2020-06-24 11:41:47', 50, 1),
(51, '1.0', 1, '2020-06-24 12:15:09', '2020-06-24 12:15:09', 51, 1),
(52, '1', 0, '2020-06-24 12:23:20', '2020-06-24 12:23:20', 52, 1),
(53, '1', 0, '2020-06-24 12:27:42', '2020-06-24 12:27:42', 53, 1),
(54, '1', 0, '2020-06-24 12:56:14', '2020-06-24 12:56:14', 54, 1),
(55, '1', 0, '2020-06-24 14:30:13', '2020-06-24 14:30:13', 55, 1),
(56, '1.0', 1, '2020-06-25 03:11:18', '2020-06-25 03:11:18', 56, 1),
(57, '1.0', 1, '2020-06-25 05:06:52', '2020-06-25 05:06:52', 57, 1),
(58, '1.0', 1, '2020-06-25 05:08:46', '2020-06-25 05:08:46', 58, 1),
(59, '1.0', 1, '2020-06-25 05:23:07', '2020-06-25 05:23:07', 59, 1),
(60, '1.0', 0, '2020-06-25 05:27:21', '2020-06-25 05:27:21', 60, 1),
(61, '1', 0, '2020-06-25 05:35:03', '2020-06-25 05:35:03', 61, 1),
(62, '1.0', 1, '2020-06-25 06:03:45', '2020-06-25 06:03:45', 62, 1),
(63, '1', 0, '2020-06-25 09:03:44', '2020-06-25 09:03:44', 63, 1),
(64, '1', 0, '2020-06-25 09:05:04', '2020-06-25 09:05:04', 64, 1),
(65, '1.0', 1, '2020-06-25 09:28:00', '2020-06-25 09:28:00', 65, 1),
(66, '1.0', 1, '2020-06-26 07:30:50', '2020-06-26 07:30:50', 66, 1),
(67, '0', 0, '2020-06-26 09:38:36', '2020-06-26 09:38:36', 67, 1),
(68, '1.0', 1, '2020-06-26 10:39:05', '2020-06-26 10:39:05', 68, 1),
(69, '1.0', 1, '2020-06-26 10:41:22', '2020-06-26 10:41:22', 69, 1),
(70, '1', 0, '2020-06-26 11:00:11', '2020-06-26 11:00:11', 70, 1),
(71, '1', 0, '2020-06-26 11:37:14', '2020-06-26 11:37:14', 71, 1),
(72, '1', 0, '2020-06-26 12:13:11', '2020-06-26 12:13:11', 72, 1),
(73, '1', 0, '2020-06-26 12:43:50', '2020-06-26 12:43:50', 73, 1),
(74, '1', 0, '2020-06-26 12:48:07', '2020-06-26 12:48:07', 74, 1),
(75, '1', 0, '2020-06-26 12:56:40', '2020-06-26 12:56:40', 75, 1),
(76, '1.0', 1, '2020-06-27 06:28:20', '2020-06-27 06:28:20', 76, NULL),
(77, '1', 0, '2020-06-27 18:28:38', '2020-06-27 18:28:38', 77, NULL),
(78, '1', 0, '2020-06-27 20:10:39', '2020-06-27 20:10:39', 78, NULL),
(79, '1', 0, '2020-06-27 20:32:27', '2020-06-27 20:32:27', 79, NULL),
(80, '1', 0, '2020-06-27 20:34:43', '2020-06-27 20:34:43', 80, NULL),
(81, '1.0', 0, '2020-06-30 05:58:02', '2020-06-30 05:58:02', 81, NULL),
(82, '1', 0, '2020-06-30 05:58:09', '2020-06-30 05:58:09', 82, NULL),
(83, '1.0', 0, '2020-06-30 06:29:14', '2020-06-30 06:29:14', 83, NULL),
(84, '1.0', 0, '2020-06-30 06:34:02', '2020-06-30 06:34:02', 84, NULL),
(85, '1.0', 0, '2020-06-30 06:37:12', '2020-06-30 06:37:12', 85, NULL),
(86, '1.0', 0, '2020-06-30 06:49:22', '2020-06-30 06:49:22', 86, NULL),
(87, '1', 0, '2020-06-30 06:49:22', '2020-06-30 06:49:22', 87, NULL),
(88, '1.0', 0, '2020-06-30 07:33:54', '2020-06-30 07:33:54', 88, NULL),
(89, '1.0', 0, '2020-06-30 07:39:08', '2020-06-30 07:39:08', 89, NULL),
(90, '1', 0, '2020-06-30 09:22:44', '2020-06-30 09:22:44', 90, NULL),
(91, '1.0', 0, '2020-06-30 09:22:46', '2020-06-30 09:22:46', 91, NULL),
(92, '1.0', 0, '2020-06-30 09:44:16', '2020-06-30 09:44:16', 92, NULL),
(93, '1.0', 0, '2020-06-30 10:28:21', '2020-06-30 10:28:21', 93, NULL),
(94, '1.0', 0, '2020-06-30 11:52:08', '2020-06-30 11:52:08', 94, NULL),
(95, '1.0', 0, '2020-06-30 12:16:51', '2020-06-30 12:16:51', 95, NULL),
(96, '1.0', 0, '2020-06-30 12:28:20', '2020-06-30 12:28:20', 96, NULL),
(97, '1.0', 0, '2020-06-30 12:34:48', '2020-06-30 12:34:48', 97, NULL),
(98, '1', 0, '2020-06-30 13:43:00', '2020-06-30 13:43:00', 98, NULL),
(99, '1', 0, '2020-06-30 15:28:58', '2020-06-30 15:28:58', 99, NULL),
(100, '1', 0, '2020-06-30 16:22:42', '2020-06-30 16:22:42', 100, NULL),
(101, '1.0', 0, '2020-07-01 07:14:06', '2020-07-01 07:14:06', 101, NULL),
(102, '1', 0, '2020-07-01 07:19:24', '2020-07-01 07:19:24', 102, NULL),
(103, '1.0', 0, '2020-07-01 11:48:35', '2020-07-01 11:48:35', 103, NULL),
(104, '1.0', 0, '2020-07-01 12:39:33', '2020-07-01 12:39:33', 104, NULL),
(105, '1', 0, '2020-07-02 06:24:02', '2020-07-02 06:24:02', 105, NULL),
(106, '1', 0, '2020-07-02 06:33:55', '2020-07-02 06:33:55', 106, NULL),
(107, '1', 0, '2020-07-02 09:03:07', '2020-07-02 09:03:07', 107, NULL),
(108, '1', 0, '2020-07-02 10:54:17', '2020-07-02 10:54:17', 108, NULL),
(109, '1.0', 0, '2020-07-02 12:18:17', '2020-07-02 12:18:17', 109, NULL),
(110, '1.0', 0, '2020-07-03 11:57:04', '2020-07-03 11:57:04', 110, NULL),
(111, '1.0', 0, '2020-07-03 12:28:52', '2020-07-03 12:28:52', 111, NULL),
(112, '1', 0, '2020-07-04 08:33:55', '2020-07-04 08:33:55', 112, NULL),
(113, '1.0', 0, '2020-07-04 08:36:00', '2020-07-04 08:36:00', 113, NULL),
(114, '1', 0, '2020-07-04 09:57:45', '2020-07-04 09:57:45', 114, NULL),
(115, '1', 0, '2020-07-04 22:04:57', '2020-07-04 22:04:57', 115, NULL),
(116, '1', 0, '2020-07-05 19:57:11', '2020-07-05 19:57:11', 116, NULL),
(117, '1', 0, '2020-07-06 07:18:49', '2020-07-06 07:18:49', 117, NULL),
(118, '1.0', 0, '2020-07-06 08:44:15', '2020-07-06 08:44:15', 118, NULL),
(119, '1', 0, '2020-07-06 09:27:44', '2020-07-06 09:27:44', 119, NULL),
(120, '1.0', 0, '2020-07-06 09:32:26', '2020-07-06 09:32:26', 120, NULL),
(121, '1.0', 0, '2020-07-06 09:36:34', '2020-07-06 09:36:34', 121, NULL),
(122, '1.0', 0, '2020-07-06 09:42:49', '2020-07-06 09:42:49', 122, NULL),
(123, '1', 0, '2020-07-06 09:48:11', '2020-07-06 09:48:11', 123, NULL),
(124, '1.0', 0, '2020-07-06 09:51:02', '2020-07-06 09:51:02', 124, NULL),
(125, '1.0', 0, '2020-07-06 09:56:35', '2020-07-06 09:56:35', 125, NULL),
(126, '1', 0, '2020-07-06 10:31:11', '2020-07-06 10:31:11', 126, NULL),
(127, '1', 0, '2020-07-06 11:30:34', '2020-07-06 11:30:34', 127, NULL),
(128, '1', 0, '2020-07-06 12:14:47', '2020-07-06 12:14:47', 128, NULL),
(129, '1', 0, '2020-07-06 12:34:36', '2020-07-06 12:34:36', 129, NULL),
(130, '1', 0, '2020-07-06 12:50:44', '2020-07-06 12:50:44', 130, NULL),
(131, '1', 0, '2020-07-06 12:53:50', '2020-07-06 12:53:50', 131, NULL),
(132, '1', 0, '2020-07-06 13:00:16', '2020-07-06 13:00:16', 132, NULL),
(133, '1.0', 0, '2020-07-06 13:05:36', '2020-07-06 13:05:36', 133, NULL),
(134, '1', 0, '2020-07-06 13:18:06', '2020-07-06 13:18:06', 134, NULL),
(135, '1.0', 0, '2020-07-06 13:19:29', '2020-07-06 13:19:29', 135, NULL),
(136, '1', 0, '2020-07-06 13:38:22', '2020-07-06 13:38:22', 136, NULL),
(137, '1', 0, '2020-07-06 16:03:56', '2020-07-06 16:03:56', 137, NULL),
(138, '1', 0, '2020-07-07 06:16:50', '2020-07-07 06:16:50', 138, NULL),
(139, '1', 0, '2020-07-07 06:21:50', '2020-07-07 06:21:50', 139, NULL),
(140, '1.0', 0, '2020-07-07 06:55:55', '2020-07-07 06:55:55', 140, NULL),
(141, '1.0', 0, '2020-07-07 06:58:14', '2020-07-07 06:58:14', 141, NULL),
(142, '1.0', 0, '2020-07-07 07:05:23', '2020-07-07 07:05:23', 142, NULL),
(143, '1.0', 0, '2020-07-07 07:06:57', '2020-07-07 07:06:57', 143, NULL),
(144, '1.0', 0, '2020-07-07 07:09:02', '2020-07-07 07:09:02', 144, NULL),
(145, '1.0', 0, '2020-07-07 08:20:34', '2020-07-07 08:20:34', 145, NULL),
(146, '1.0', 0, '2020-07-07 08:21:27', '2020-07-07 08:21:27', 146, NULL),
(147, '1.0', 0, '2020-07-07 08:28:43', '2020-07-07 08:28:43', 147, NULL),
(148, '1', 0, '2020-07-07 10:37:11', '2020-07-07 10:37:11', 148, NULL),
(149, '1.0', 0, '2020-07-07 12:55:01', '2020-07-07 12:55:01', 149, NULL),
(150, '1.0', 0, '2020-07-07 13:09:37', '2020-07-07 13:09:37', 150, NULL),
(151, '1.0', 0, '2020-07-07 13:12:46', '2020-07-07 13:12:46', 151, NULL),
(152, '1.0', 0, '2020-07-07 13:19:37', '2020-07-07 13:19:37', 152, NULL),
(153, '1', 0, '2020-07-07 13:33:45', '2020-07-07 13:33:45', 153, NULL),
(154, '1', 0, '2020-07-07 13:42:59', '2020-07-07 13:42:59', 154, NULL),
(155, '1', 0, '2020-07-07 13:46:06', '2020-07-07 13:46:06', 155, NULL),
(156, '1.0', 0, '2020-07-07 14:04:22', '2020-07-07 14:04:22', 156, NULL),
(157, '0', 0, '2020-07-07 14:04:31', '2020-07-07 14:04:31', 157, NULL),
(158, '0', 0, '2020-07-07 14:06:47', '2020-07-07 14:06:47', 158, NULL),
(159, '0', 0, '2020-07-07 14:07:08', '2020-07-07 14:07:08', 159, NULL),
(160, '0', 0, '2020-07-07 14:08:09', '2020-07-07 14:08:09', 160, NULL),
(161, '0', 0, '2020-07-07 14:12:24', '2020-07-07 14:12:24', 161, NULL),
(162, '1', 0, '2020-07-07 14:16:11', '2020-07-07 14:16:11', 162, NULL),
(163, '1.0', 0, '2020-07-07 14:18:15', '2020-07-07 14:18:15', 163, NULL),
(164, '1', 0, '2020-07-07 14:35:53', '2020-07-07 14:35:53', 164, NULL),
(165, '1.0', 0, '2020-07-07 14:39:02', '2020-07-07 14:39:02', 165, NULL),
(166, '1', 0, '2020-07-07 15:30:51', '2020-07-07 15:30:51', 166, NULL),
(167, '1.0', 0, '2020-07-07 15:46:46', '2020-07-07 15:46:46', 167, NULL),
(168, '1', 0, '2020-07-08 04:13:10', '2020-07-08 04:13:10', 168, NULL),
(169, '1', 0, '2020-07-08 04:16:36', '2020-07-08 04:16:36', 169, NULL),
(170, '1', 0, '2020-07-08 04:28:03', '2020-07-08 04:28:03', 170, NULL),
(171, '1', 0, '2020-07-08 04:32:20', '2020-07-08 04:32:20', 171, NULL),
(172, '1', 0, '2020-07-08 04:34:45', '2020-07-08 04:34:45', 172, NULL),
(173, '1', 0, '2020-07-08 04:52:40', '2020-07-08 04:52:40', 173, NULL),
(174, '1', 0, '2020-07-08 05:12:04', '2020-07-08 05:12:04', 174, NULL),
(175, '1.0', 0, '2020-07-08 05:32:39', '2020-07-08 05:32:39', 175, NULL),
(176, '1.0', 0, '2020-07-08 05:38:47', '2020-07-08 05:38:47', 176, NULL),
(177, '1', 0, '2020-07-08 05:42:50', '2020-07-08 05:42:50', 177, NULL),
(178, '1', 0, '2020-07-08 05:50:04', '2020-07-08 05:50:04', 178, NULL),
(179, '1.0', 0, '2020-07-08 05:52:52', '2020-07-08 05:52:52', 179, NULL),
(180, '1.0', 0, '2020-07-08 06:17:07', '2020-07-08 06:17:07', 180, NULL),
(181, '1', 0, '2020-07-08 06:26:04', '2020-07-08 06:26:04', 181, NULL),
(182, '1', 0, '2020-07-08 06:35:33', '2020-07-08 06:35:33', 182, NULL),
(183, '1', 0, '2020-07-08 06:39:32', '2020-07-08 06:39:32', 183, NULL),
(184, '1.0', 0, '2020-07-08 06:53:07', '2020-07-08 06:53:07', 184, NULL),
(185, '1.0', 0, '2020-07-08 07:01:42', '2020-07-08 07:01:42', 185, NULL),
(186, '1.0', 0, '2020-07-08 07:03:36', '2020-07-08 07:03:36', 186, NULL),
(187, '1.0', 0, '2020-07-08 07:17:13', '2020-07-08 07:17:13', 187, NULL),
(188, '1.0', 0, '2020-07-08 07:27:09', '2020-07-08 07:27:09', 188, NULL),
(189, '1.0', 0, '2020-07-08 07:28:28', '2020-07-08 07:28:28', 189, NULL),
(190, '1.0', 0, '2020-07-08 07:44:51', '2020-07-08 07:44:51', 190, NULL),
(191, '1.0', 0, '2020-07-08 07:51:49', '2020-07-08 07:51:49', 191, NULL),
(192, '1.0', 0, '2020-07-08 07:54:21', '2020-07-08 07:54:21', 192, NULL),
(193, '1.0', 0, '2020-07-08 07:54:34', '2020-07-08 07:54:34', 193, NULL),
(194, '1.0', 0, '2020-07-08 07:56:43', '2020-07-08 07:56:43', 194, NULL),
(195, '1.0', 0, '2020-07-08 07:58:57', '2020-07-08 07:58:57', 195, NULL),
(196, '1.0', 0, '2020-07-08 08:08:45', '2020-07-08 08:08:45', 196, NULL),
(197, '1.0', 0, '2020-07-08 08:14:23', '2020-07-08 08:14:23', 197, NULL),
(198, '1', 0, '2020-07-08 08:15:53', '2020-07-08 08:15:53', 198, NULL),
(199, '1.0', 0, '2020-07-08 08:22:08', '2020-07-08 08:22:08', 199, NULL),
(200, '1.0', 0, '2020-07-08 08:23:20', '2020-07-08 08:23:20', 200, NULL),
(201, '1.0', 0, '2020-07-08 08:25:32', '2020-07-08 08:25:32', 201, NULL),
(202, '1', 0, '2020-07-08 08:26:58', '2020-07-08 08:26:58', 202, NULL),
(203, '1', 0, '2020-07-08 08:47:22', '2020-07-08 08:47:22', 203, NULL),
(204, '1', 0, '2020-07-08 08:51:26', '2020-07-08 08:51:26', 204, NULL),
(205, '1', 0, '2020-07-08 08:57:08', '2020-07-08 08:57:08', 205, NULL),
(206, '1', 0, '2020-07-08 09:08:47', '2020-07-08 09:08:47', 206, NULL),
(207, '1.0', 0, '2020-07-08 09:30:22', '2020-07-08 09:30:22', 207, NULL),
(208, '1.0', 0, '2020-07-08 09:33:01', '2020-07-08 09:33:01', 208, NULL),
(209, '1.0', 0, '2020-07-08 09:45:21', '2020-07-08 09:45:21', 209, NULL),
(210, '1.0', 0, '2020-07-08 09:47:11', '2020-07-08 09:47:11', 210, NULL),
(211, '1.0', 0, '2020-07-08 10:09:32', '2020-07-08 10:09:32', 211, NULL),
(212, '1.0', 0, '2020-07-08 10:21:26', '2020-07-08 10:21:26', 212, NULL),
(213, '1.0', 0, '2020-07-08 10:53:17', '2020-07-08 10:53:17', 213, NULL),
(214, '1.0', 0, '2020-07-08 11:03:35', '2020-07-08 11:03:35', 214, NULL),
(215, '1.0', 0, '2020-07-08 11:06:10', '2020-07-08 11:06:10', 215, NULL),
(216, '1.0', 0, '2020-07-08 11:13:13', '2020-07-08 11:13:13', 216, NULL),
(217, '1.0', 0, '2020-07-08 11:53:49', '2020-07-08 11:53:49', 217, NULL),
(218, '1.0', 0, '2020-07-08 11:57:30', '2020-07-08 11:57:30', 218, NULL),
(219, '1.0', 0, '2020-07-08 12:31:06', '2020-07-08 12:31:06', 219, NULL),
(220, '1.0', 0, '2020-07-08 12:38:29', '2020-07-08 12:38:29', 220, NULL),
(221, '1.0', 0, '2020-07-08 13:26:22', '2020-07-08 13:26:22', 221, NULL),
(222, '1.0', 0, '2020-07-08 13:32:10', '2020-07-08 13:32:10', 222, NULL),
(223, '1.0', 0, '2020-07-08 13:42:43', '2020-07-08 13:42:43', 223, NULL),
(224, '1.0', 0, '2020-07-08 13:47:15', '2020-07-08 13:47:15', 224, NULL),
(225, '1.0', 0, '2020-07-08 13:48:38', '2020-07-08 13:48:38', 225, NULL),
(226, '1', 0, '2020-07-08 13:59:22', '2020-07-08 13:59:22', 226, NULL),
(227, '1', 0, '2020-07-08 14:04:57', '2020-07-08 14:04:57', 227, NULL),
(228, '1', 0, '2020-07-08 14:07:50', '2020-07-08 14:07:50', 228, NULL),
(229, '1', 0, '2020-07-08 14:10:30', '2020-07-08 14:10:30', 229, NULL),
(230, '1', 0, '2020-07-08 14:12:54', '2020-07-08 14:12:54', 230, NULL),
(231, '1', 0, '2020-07-09 02:21:57', '2020-07-09 02:21:57', 231, NULL),
(232, '1.0', 0, '2020-07-09 05:05:34', '2020-07-09 05:05:34', 232, NULL),
(233, '1', 0, '2020-07-09 05:59:09', '2020-07-09 05:59:09', 233, NULL),
(234, '1', 0, '2020-07-09 06:04:45', '2020-07-09 06:04:45', 234, NULL),
(235, '1', 0, '2020-07-09 06:10:03', '2020-07-09 06:10:03', 235, NULL),
(236, '1', 0, '2020-07-09 06:43:16', '2020-07-09 06:43:16', 236, NULL),
(237, '1', 0, '2020-07-09 07:36:18', '2020-07-09 07:36:18', 237, NULL),
(238, '1', 0, '2020-07-09 08:01:54', '2020-07-09 08:01:54', 238, NULL),
(239, '1', 0, '2020-07-09 09:29:08', '2020-07-09 09:29:08', 239, NULL),
(240, '1', 0, '2020-07-09 09:33:12', '2020-07-09 09:33:12', 240, NULL),
(241, '1', 0, '2020-07-09 12:09:40', '2020-07-09 12:09:40', 241, NULL),
(242, '1', 0, '2020-07-09 12:30:11', '2020-07-09 12:30:11', 242, NULL),
(243, '1.0', 0, '2020-07-09 12:59:47', '2020-07-09 12:59:47', 243, NULL),
(244, '1', 0, '2020-07-09 13:06:35', '2020-07-09 13:06:35', 244, NULL),
(245, '1', 0, '2020-07-09 13:10:52', '2020-07-09 13:10:52', 245, NULL),
(246, '1', 0, '2020-07-09 13:29:14', '2020-07-09 13:29:14', 246, NULL),
(247, '1', 0, '2020-07-09 13:36:10', '2020-07-09 13:36:10', 247, NULL),
(248, '1', 0, '2020-07-09 13:45:31', '2020-07-09 13:45:31', 248, NULL),
(249, '1', 0, '2020-07-09 13:49:24', '2020-07-09 13:49:24', 249, NULL),
(250, '1', 0, '2020-07-10 03:28:00', '2020-07-10 03:28:00', 250, NULL),
(251, '1', 0, '2020-07-10 05:31:09', '2020-07-10 05:31:09', 251, NULL),
(252, '1', 0, '2020-07-10 05:35:50', '2020-07-10 05:35:50', 252, NULL),
(253, '1', 0, '2020-07-10 05:39:45', '2020-07-10 05:39:45', 253, NULL),
(254, '1', 0, '2020-07-10 07:00:30', '2020-07-10 07:00:30', 254, NULL),
(255, '1', 0, '2020-07-10 07:20:44', '2020-07-10 07:20:44', 255, NULL),
(256, '1', 0, '2020-07-10 07:26:36', '2020-07-10 07:26:36', 256, NULL),
(257, '1', 0, '2020-07-10 08:06:30', '2020-07-10 08:06:30', 257, NULL),
(258, '1', 0, '2020-07-10 08:16:52', '2020-07-10 08:16:52', 258, NULL),
(259, '1', 0, '2020-07-10 08:21:45', '2020-07-10 08:21:45', 259, NULL),
(260, '1', 0, '2020-07-10 08:34:44', '2020-07-10 08:34:44', 260, NULL),
(261, '1.0', 0, '2020-07-10 08:48:34', '2020-07-10 08:48:34', 261, NULL),
(262, '1.0', 0, '2020-07-10 09:31:13', '2020-07-10 09:31:13', 262, NULL),
(263, '1.0', 0, '2020-07-10 09:56:59', '2020-07-10 09:56:59', 263, NULL),
(264, '1.0', 0, '2020-07-10 10:02:33', '2020-07-10 10:02:33', 264, NULL),
(265, '1.0', 0, '2020-07-10 11:17:41', '2020-07-10 11:17:41', 265, NULL),
(266, '1.0', 0, '2020-07-10 12:52:54', '2020-07-10 12:52:54', 266, NULL),
(267, '1', 0, '2020-07-10 13:35:46', '2020-07-10 13:35:46', 267, NULL),
(268, '1', 0, '2020-07-10 13:43:52', '2020-07-10 13:43:52', 268, NULL),
(269, '1', 0, '2020-07-10 13:49:57', '2020-07-10 13:49:57', 269, NULL),
(270, '1', 0, '2020-07-10 14:10:37', '2020-07-10 14:10:37', 270, NULL),
(271, '1', 0, '2020-07-10 14:22:18', '2020-07-10 14:22:18', 271, NULL),
(272, '1', 0, '2020-07-10 23:39:37', '2020-07-10 23:39:37', 272, NULL),
(273, '1', 0, '2020-07-11 00:33:15', '2020-07-11 00:33:15', 273, NULL),
(274, '1', 0, '2020-07-11 04:47:44', '2020-07-11 04:47:44', 274, NULL),
(275, '1.0', 0, '2020-07-11 04:57:40', '2020-07-11 04:57:40', 275, NULL),
(276, '1.0', 0, '2020-07-11 06:04:55', '2020-07-11 06:04:55', 276, NULL),
(277, '1.0', 0, '2020-07-11 06:18:40', '2020-07-11 06:18:40', 277, NULL),
(278, '1.0', 0, '2020-07-11 06:52:23', '2020-07-11 06:52:23', 278, NULL),
(279, '1.0', 0, '2020-07-11 07:27:31', '2020-07-11 07:27:31', 279, NULL),
(280, '1.0', 0, '2020-07-11 07:29:20', '2020-07-11 07:29:20', 280, NULL),
(281, '1.0', 0, '2020-07-11 08:03:54', '2020-07-11 08:03:54', 281, NULL),
(282, '1', 0, '2020-07-11 08:45:44', '2020-07-11 08:45:44', 282, NULL),
(283, '1.0', 0, '2020-07-11 09:11:59', '2020-07-11 09:11:59', 283, NULL),
(284, '1', 0, '2020-07-11 09:49:57', '2020-07-11 09:49:57', 284, NULL),
(285, '1.0', 0, '2020-07-11 10:11:55', '2020-07-11 10:11:55', 285, NULL),
(286, '1', 0, '2020-07-11 10:29:18', '2020-07-11 10:29:18', 286, NULL),
(287, '1.0', 0, '2020-07-11 10:42:57', '2020-07-11 10:42:57', 287, NULL),
(288, '1.0', 0, '2020-07-11 10:57:20', '2020-07-11 10:57:20', 288, NULL),
(289, '1', 0, '2020-07-11 11:08:04', '2020-07-11 11:08:04', 289, NULL),
(290, '1.0', 0, '2020-07-11 11:33:14', '2020-07-11 11:33:14', 290, NULL),
(291, '1.0', 0, '2020-07-11 11:39:24', '2020-07-11 11:39:24', 291, NULL),
(292, '1.0', 0, '2020-07-11 11:42:49', '2020-07-11 11:42:49', 292, NULL),
(293, '1.0', 0, '2020-07-11 11:46:59', '2020-07-11 11:46:59', 293, NULL),
(294, '1.0', 0, '2020-07-11 11:57:33', '2020-07-11 11:57:33', 294, NULL),
(295, '1.0', 0, '2020-07-11 12:01:40', '2020-07-11 12:01:40', 295, NULL),
(296, '1.0', 0, '2020-07-11 12:19:06', '2020-07-11 12:19:06', 296, NULL),
(297, '1.0', 0, '2020-07-11 12:38:58', '2020-07-11 12:38:58', 297, NULL),
(298, '1.0', 0, '2020-07-11 12:44:21', '2020-07-11 12:44:21', 298, NULL),
(299, '1.0', 0, '2020-07-11 13:13:51', '2020-07-11 13:13:51', 299, NULL),
(300, '1.0', 0, '2020-07-11 13:26:30', '2020-07-11 13:26:30', 300, NULL),
(301, '1.0', 0, '2020-07-11 13:31:15', '2020-07-11 13:31:15', 301, NULL),
(302, '1.0', 0, '2020-07-11 13:37:45', '2020-07-11 13:37:45', 302, NULL),
(303, '1.0', 0, '2020-07-11 13:44:13', '2020-07-11 13:44:13', 303, NULL),
(304, '1.0', 0, '2020-07-11 13:49:26', '2020-07-11 13:49:26', 304, NULL),
(305, '1.0', 0, '2020-07-11 14:02:24', '2020-07-11 14:02:24', 305, NULL),
(306, '1.0', 0, '2020-07-11 14:29:46', '2020-07-11 14:29:46', 306, NULL),
(307, '1.0', 0, '2020-07-11 14:36:13', '2020-07-11 14:36:13', 307, NULL),
(308, '1.0', 0, '2020-07-11 14:39:34', '2020-07-11 14:39:34', 308, NULL),
(309, '1.1', 0, '2020-07-11 14:41:12', '2020-07-11 14:41:12', 309, NULL),
(310, '1.0', 0, '2020-07-11 14:48:02', '2020-07-11 14:48:02', 310, NULL),
(311, '1.0', 0, '2020-07-11 14:51:37', '2020-07-11 14:51:37', 311, NULL),
(312, '1.0', 0, '2020-07-11 14:59:19', '2020-07-11 14:59:19', 312, NULL),
(313, '1.1', 0, '2020-07-11 15:34:58', '2020-07-11 15:34:58', 313, NULL),
(314, '1.0', 0, '2020-07-11 15:46:18', '2020-07-11 15:46:18', 314, NULL),
(315, '1.1', 0, '2020-07-11 15:55:20', '2020-07-11 15:55:20', 315, NULL),
(316, '1.2', 0, '2020-07-12 15:39:27', '2020-07-12 15:39:27', 316, NULL),
(317, '1.0', 0, '2020-07-12 19:24:12', '2020-07-12 19:24:12', 317, NULL),
(318, '1.2', 0, '2020-07-12 22:20:57', '2020-07-12 22:20:57', 318, NULL),
(319, '1.2', 0, '2020-07-13 02:44:14', '2020-07-13 02:44:14', 319, NULL),
(320, '1', 0, '2020-07-13 05:29:59', '2020-07-13 05:29:59', 320, NULL),
(321, '1', 0, '2020-07-13 06:13:01', '2020-07-13 06:13:01', 321, NULL),
(322, '1', 0, '2020-07-13 06:19:56', '2020-07-13 06:19:56', 322, NULL),
(323, '1', 0, '2020-07-13 06:28:30', '2020-07-13 06:28:30', 323, NULL),
(324, '1', 0, '2020-07-13 06:38:07', '2020-07-13 06:38:07', 324, NULL),
(325, '1', 0, '2020-07-13 06:42:12', '2020-07-13 06:42:12', 325, NULL),
(326, '1', 0, '2020-07-13 07:11:01', '2020-07-13 07:11:01', 326, NULL),
(327, '1.0', 0, '2020-07-13 08:52:36', '2020-07-13 08:52:36', 327, NULL),
(328, '1.0', 0, '2020-07-13 09:19:09', '2020-07-13 09:19:09', 328, NULL),
(329, '1', 0, '2020-07-13 10:17:21', '2020-07-13 10:17:21', 329, NULL),
(330, '1', 0, '2020-07-13 10:46:50', '2020-07-13 10:46:50', 330, NULL),
(331, '1', 0, '2020-07-13 10:56:16', '2020-07-13 10:56:16', 331, NULL),
(332, '1', 0, '2020-07-13 11:06:21', '2020-07-13 11:06:21', 332, NULL),
(333, '1', 0, '2020-07-13 11:13:35', '2020-07-13 11:13:35', 333, NULL),
(334, '1', 0, '2020-07-13 11:19:51', '2020-07-13 11:19:51', 334, NULL),
(335, '1.0', 0, '2020-07-13 12:50:22', '2020-07-13 12:50:22', 335, NULL),
(336, '1.0', 0, '2020-07-13 13:05:04', '2020-07-13 13:05:04', 336, NULL),
(337, '1.0', 0, '2020-07-13 13:14:42', '2020-07-13 13:14:42', 337, NULL),
(338, '1.0', 0, '2020-07-14 06:20:16', '2020-07-14 06:20:16', 338, NULL),
(339, '1.0', 0, '2020-07-14 06:26:38', '2020-07-14 06:26:38', 339, NULL),
(340, '1.0', 0, '2020-07-14 06:34:46', '2020-07-14 06:34:46', 340, NULL),
(341, '1.0', 0, '2020-07-14 06:38:10', '2020-07-14 06:38:10', 341, NULL),
(342, '1.0', 0, '2020-07-14 06:41:36', '2020-07-14 06:41:36', 342, NULL),
(343, '1.0', 0, '2020-07-14 06:44:40', '2020-07-14 06:44:40', 343, NULL),
(344, '1.0', 0, '2020-07-14 06:48:53', '2020-07-14 06:48:53', 344, NULL),
(345, '1.0', 0, '2020-07-14 06:54:44', '2020-07-14 06:54:44', 345, NULL),
(346, '1.2', 0, '2020-07-14 08:41:49', '2020-07-14 08:41:49', 346, NULL),
(347, '1.2', 0, '2020-07-14 09:05:29', '2020-07-14 09:05:29', 347, NULL),
(348, '1.2', 0, '2020-07-14 09:43:48', '2020-07-14 09:43:48', 348, NULL),
(349, '1.2', 0, '2020-07-14 09:47:28', '2020-07-14 09:47:28', 349, NULL),
(350, '1.2', 0, '2020-07-14 10:02:01', '2020-07-14 10:02:01', 350, NULL),
(351, '1.2', 0, '2020-07-14 11:41:05', '2020-07-14 11:41:05', 351, NULL),
(352, '1.2', 0, '2020-07-14 12:00:18', '2020-07-14 12:00:18', 352, NULL),
(353, '1.2', 0, '2020-07-14 12:06:46', '2020-07-14 12:06:46', 353, NULL),
(354, '1.2', 0, '2020-07-14 12:16:17', '2020-07-14 12:16:17', 354, NULL),
(355, '1.2', 0, '2020-07-14 12:33:28', '2020-07-14 12:33:28', 355, NULL),
(356, '1.2', 0, '2020-07-14 12:57:52', '2020-07-14 12:57:52', 356, NULL),
(357, '1.2', 0, '2020-07-14 12:59:34', '2020-07-14 12:59:34', 357, NULL),
(358, '1.2', 0, '2020-07-14 13:12:37', '2020-07-14 13:12:37', 358, NULL),
(359, '1.2', 0, '2020-07-14 13:21:53', '2020-07-14 13:21:53', 359, NULL),
(360, '1.2', 0, '2020-07-14 13:28:55', '2020-07-14 13:28:55', 360, NULL),
(361, '1.0', 0, '2020-07-14 14:01:27', '2020-07-14 14:01:27', 361, NULL),
(362, '1.0', 0, '2020-07-14 14:01:28', '2020-07-14 14:01:28', 362, NULL),
(363, '1.2', 0, '2020-07-14 14:10:20', '2020-07-14 14:10:20', 363, NULL),
(364, '1.2', 0, '2020-07-14 14:11:47', '2020-07-14 14:11:47', 364, NULL),
(365, '1.2', 0, '2020-07-14 14:39:20', '2020-07-14 14:39:20', 365, NULL),
(366, '1.2', 0, '2020-07-14 14:45:37', '2020-07-14 14:45:37', 366, NULL),
(367, '1.0', 0, '2020-07-14 17:29:31', '2020-07-14 17:29:31', 367, NULL),
(368, '1.2', 0, '2020-07-14 17:31:37', '2020-07-14 17:31:37', 368, NULL),
(369, '1.0', 0, '2020-07-15 04:54:52', '2020-07-15 04:54:52', 369, NULL),
(370, '1.0', 0, '2020-07-15 05:25:43', '2020-07-15 05:25:43', 370, NULL),
(371, '1.2', 0, '2020-07-15 05:25:44', '2020-07-15 05:25:44', 371, NULL),
(372, '1.0', 0, '2020-07-15 06:10:06', '2020-07-15 06:10:06', 372, NULL),
(373, '1.0', 0, '2020-07-15 07:00:34', '2020-07-15 07:00:34', 373, NULL),
(374, '1.2', 0, '2020-07-15 07:07:21', '2020-07-15 07:07:21', 374, NULL),
(375, '1.0', 0, '2020-07-15 07:07:22', '2020-07-15 07:07:22', 375, NULL),
(376, '1.2', 0, '2020-07-15 08:19:17', '2020-07-15 08:19:17', 376, NULL),
(377, '1.2', 0, '2020-07-15 08:37:25', '2020-07-15 08:37:25', 377, NULL),
(378, '1.0', 0, '2020-07-15 11:09:40', '2020-07-15 11:09:40', 378, NULL),
(379, '1.0', 0, '2020-07-15 11:48:27', '2020-07-15 11:48:27', 379, NULL),
(380, '1.2', 0, '2020-07-15 11:48:27', '2020-07-15 11:48:27', 380, NULL),
(381, '1.0', 0, '2020-07-15 13:09:13', '2020-07-15 13:09:13', 381, NULL),
(382, '1.0', 0, '2020-07-15 15:09:36', '2020-07-15 15:09:36', 382, NULL),
(383, '1.0', 0, '2020-07-15 15:20:55', '2020-07-15 15:20:55', 383, NULL),
(384, '1.0', 0, '2020-07-16 05:34:23', '2020-07-16 05:34:23', 384, NULL),
(385, '1.2', 0, '2020-07-16 06:36:24', '2020-07-16 06:36:24', 385, NULL),
(386, '1.2', 0, '2020-07-16 07:43:07', '2020-07-16 07:43:07', 386, NULL),
(387, '1.2', 0, '2020-07-16 08:05:00', '2020-07-16 08:05:00', 387, NULL),
(388, '1.2', 0, '2020-07-16 08:24:10', '2020-07-16 08:24:10', 388, NULL),
(389, '1.2', 0, '2020-07-16 09:49:28', '2020-07-16 09:49:28', 389, NULL),
(390, '1.2', 0, '2020-07-16 12:37:24', '2020-07-16 12:37:24', 390, NULL),
(391, '1.2', 0, '2020-07-16 12:42:28', '2020-07-16 12:42:28', 391, NULL),
(392, '1.2', 0, '2020-07-16 19:23:45', '2020-07-16 19:23:45', 392, NULL),
(393, '1.2', 0, '2020-07-16 20:24:05', '2020-07-16 20:24:05', 393, NULL),
(394, '1.0', 0, '2020-07-16 22:18:50', '2020-07-16 22:18:50', 394, NULL),
(395, '1.2', 0, '2020-07-16 22:31:22', '2020-07-16 22:31:22', 395, NULL),
(396, '1.2', 0, '2020-07-17 04:09:16', '2020-07-17 04:09:16', 396, NULL),
(397, '1.0', 0, '2020-07-17 06:35:09', '2020-07-17 06:35:09', 397, NULL),
(398, '1.3', 0, '2020-07-17 08:15:36', '2020-07-17 08:15:36', 398, NULL),
(399, '1.0', 0, '2020-07-17 09:55:57', '2020-07-17 09:55:57', 399, NULL),
(400, '1.2', 0, '2020-07-17 09:56:12', '2020-07-17 09:56:12', 400, NULL),
(401, '1.3', 0, '2020-07-17 10:08:44', '2020-07-17 10:08:44', 401, NULL),
(402, '1.0', 0, '2020-07-17 11:44:07', '2020-07-17 11:44:07', 402, NULL),
(403, '1.0', 0, '2020-07-17 13:56:49', '2020-07-17 13:56:49', 403, NULL),
(404, '1.0', 0, '2020-07-19 06:36:13', '2020-07-19 06:36:13', 404, NULL),
(405, '1.3', 0, '2020-07-21 05:42:37', '2020-07-21 05:42:37', 405, NULL),
(406, '1.0', 0, '2020-07-21 07:46:52', '2020-07-21 07:46:52', 406, NULL),
(407, '1.3', 0, '2020-07-21 07:47:37', '2020-07-21 07:47:37', 407, NULL),
(408, '1.4', 0, '2020-07-21 16:19:04', '2020-07-21 16:19:04', 408, NULL),
(409, '1.0', 0, '2020-07-22 06:24:52', '2020-07-22 06:24:52', 409, NULL),
(410, '1.3', 0, '2020-07-22 07:33:05', '2020-07-22 07:33:05', 410, NULL),
(411, '1.4', 0, '2020-07-23 07:30:48', '2020-07-23 07:30:48', 411, NULL),
(412, '1.4', 0, '2020-07-23 07:49:35', '2020-07-23 07:49:35', 412, NULL),
(413, '1.4', 0, '2020-07-23 09:56:10', '2020-07-23 09:56:10', 413, NULL),
(414, '1.0', 0, '2020-07-23 22:51:45', '2020-07-23 22:51:45', 414, NULL),
(415, '1.0', 0, '2020-07-24 02:14:48', '2020-07-24 02:14:48', 415, NULL),
(416, '1.0', 0, '2020-07-24 04:47:44', '2020-07-24 04:47:44', 416, NULL),
(417, '1.0', 0, '2020-07-24 05:31:53', '2020-07-24 05:31:53', 417, NULL),
(418, '1.4', 0, '2020-07-24 05:33:05', '2020-07-24 05:33:05', 418, NULL),
(419, '1.0', 0, '2020-07-24 05:40:45', '2020-07-24 05:40:45', 419, NULL),
(420, '1.0', 0, '2020-07-24 06:03:35', '2020-07-24 06:03:35', 420, NULL),
(421, '1.4', 0, '2020-07-24 06:05:02', '2020-07-24 06:05:02', 421, NULL),
(422, '1.0', 0, '2020-07-24 07:11:25', '2020-07-24 07:11:25', 422, NULL),
(423, '1.0', 0, '2020-07-24 07:18:42', '2020-07-24 07:18:42', 423, NULL),
(424, '1.0', 0, '2020-07-24 12:17:39', '2020-07-24 12:17:39', 424, NULL),
(425, '1.2', 0, '2020-07-25 02:52:11', '2020-07-25 02:52:11', 425, NULL),
(426, '0', 0, '2020-07-27 04:45:01', '2020-07-27 04:45:01', 426, NULL),
(427, '1.4', 0, '2020-07-27 05:12:06', '2020-07-27 05:12:06', 427, NULL),
(428, '1.5', 0, '2020-07-27 06:41:39', '2020-07-27 06:41:39', 428, NULL),
(429, '1.5', 0, '2020-07-27 10:25:09', '2020-07-27 10:25:09', 429, NULL),
(430, '1.5', 0, '2020-07-27 10:55:11', '2020-07-27 10:55:11', 430, NULL),
(431, '1.5', 0, '2020-07-27 11:16:20', '2020-07-27 11:16:20', 431, NULL);

-- --------------------------------------------------------

--
-- Table structure for table `UserBadges`
--

CREATE TABLE `UserBadges` (
  `id` int(11) NOT NULL,
  `createdAt` datetime NOT NULL,
  `updatedAt` datetime NOT NULL,
  `BadgeId` int(11) DEFAULT NULL,
  `UserProfileId` int(11) DEFAULT NULL
) ENGINE=InnoDB DEFAULT CHARSET=latin1;

--
-- Dumping data for table `UserBadges`
--

INSERT INTO `UserBadges` (`id`, `createdAt`, `updatedAt`, `BadgeId`, `UserProfileId`) VALUES
(1, '2020-06-23 00:00:00', '2020-06-23 00:00:00', 1, 154),
(2, '2020-06-29 13:30:04', '2020-06-29 13:30:04', 1, 1),
(8, '2020-07-09 07:41:14', '2020-07-09 07:41:14', 1, 770),
(9, '2020-07-09 08:07:43', '2020-07-09 08:07:43', 1, 774),
(10, '2020-07-09 09:33:44', '2020-07-09 09:33:44', 1, 778),
(11, '2020-07-09 12:34:48', '2020-07-09 12:34:48', 1, 790),
(12, '2020-07-09 13:14:11', '2020-07-09 13:14:11', 1, 803),
(13, '2020-07-09 13:19:44', '2020-07-09 13:19:44', 1, 804),
(14, '2020-07-09 13:35:27', '2020-07-09 13:35:27', 1, 808),
(15, '2020-07-10 03:35:35', '2020-07-10 03:35:35', 1, 815),
(16, '2020-07-10 07:02:04', '2020-07-10 07:02:04', 1, 827),
(17, '2020-07-10 08:13:35', '2020-07-10 08:13:35', 1, 836),
(18, '2020-07-10 08:17:59', '2020-07-10 08:17:59', 1, 840),
(19, '2020-07-10 08:24:06', '2020-07-10 08:24:06', 1, 847),
(20, '2020-07-10 08:30:48', '2020-07-10 08:30:48', 1, 826),
(21, '2020-07-10 08:38:32', '2020-07-10 08:38:32', 1, 35),
(22, '2020-07-10 08:52:01', '2020-07-10 08:52:01', 1, 852),
(23, '2020-07-10 08:58:00', '2020-07-10 08:58:00', 1, 853),
(25, '2020-07-10 14:03:04', '2020-07-10 14:03:04', 1, 371),
(26, '2020-07-10 23:29:14', '2020-07-10 23:29:14', 1, 240),
(27, '2020-07-10 23:36:14', '2020-07-10 23:36:14', 1, 747),
(28, '2020-07-11 06:28:18', '2020-07-11 06:28:18', 1, 906),
(29, '2020-07-11 07:31:00', '2020-07-11 07:31:00', 1, 913),
(30, '2020-07-11 07:42:51', '2020-07-11 07:42:51', 1, 918),
(31, '2020-07-11 07:56:51', '2020-07-11 07:56:51', 1, 914),
(32, '2020-07-11 08:06:59', '2020-07-11 08:06:59', 1, 919),
(33, '2020-07-11 08:15:18', '2020-07-11 08:15:18', 1, 920),
(34, '2020-07-11 08:18:16', '2020-07-11 08:18:16', 1, 921),
(35, '2020-07-11 08:19:07', '2020-07-11 08:19:07', 1, 922),
(36, '2020-07-11 09:52:34', '2020-07-11 09:52:34', 1, 930),
(37, '2020-07-11 10:14:55', '2020-07-11 10:14:55', 1, 932),
(38, '2020-07-11 10:14:56', '2020-07-11 10:14:56', 1, 934),
(39, '2020-07-11 10:29:52', '2020-07-11 10:29:52', 1, 937),
(40, '2020-07-11 12:03:04', '2020-07-11 12:03:04', 1, 948),
(41, '2020-07-11 14:02:04', '2020-07-11 14:02:04', 1, 386),
(42, '2020-07-13 06:22:08', '2020-07-13 06:22:08', 1, 1052),
(43, '2020-07-13 06:28:51', '2020-07-13 06:28:51', 1, 1056),
(44, '2020-07-13 06:38:20', '2020-07-13 06:38:20', 1, 1060),
(45, '2020-07-13 07:11:13', '2020-07-13 07:11:13', 1, 1066),
(46, '2020-07-13 08:01:04', '2020-07-13 08:01:04', 1, 205),
(47, '2020-07-13 08:24:12', '2020-07-13 08:24:12', 1, 866),
(48, '2020-07-13 08:56:28', '2020-07-13 08:56:28', 1, 1068),
(49, '2020-07-13 09:09:35', '2020-07-13 09:09:35', 1, 1069),
(50, '2020-07-13 09:44:24', '2020-07-13 09:44:24', 1, 1072),
(51, '2020-07-13 09:59:38', '2020-07-13 09:59:38', 1, 1075),
(52, '2020-07-13 10:00:48', '2020-07-13 10:00:48', 1, 1074),
(53, '2020-07-13 10:18:31', '2020-07-13 10:18:31', 1, 1076),
(54, '2020-07-13 10:24:12', '2020-07-13 10:24:12', 1, 1077),
(55, '2020-07-13 11:07:16', '2020-07-13 11:07:16', 1, 1088),
(56, '2020-07-13 11:20:12', '2020-07-13 11:20:12', 1, 1096),
(57, '2020-07-13 12:52:25', '2020-07-13 12:52:25', 1, 1097),
(58, '2020-07-13 13:05:19', '2020-07-13 13:05:19', 1, 1101),
(59, '2020-07-13 13:08:03', '2020-07-13 13:08:03', 1, 1102),
(60, '2020-07-13 13:19:04', '2020-07-13 13:19:04', 1, 1105),
(61, '2020-07-14 05:44:32', '2020-07-14 05:44:32', 1, 189),
(62, '2020-07-14 06:29:10', '2020-07-14 06:29:10', 1, 1112),
(63, '2020-07-14 09:08:35', '2020-07-14 09:08:35', 1, 1126),
(64, '2020-07-14 09:50:29', '2020-07-14 09:50:29', 1, 1134),
(65, '2020-07-14 10:05:32', '2020-07-14 10:05:32', 1, 1141),
(66, '2020-07-14 10:10:15', '2020-07-14 10:10:15', 1, 1140),
(67, '2020-07-14 10:19:46', '2020-07-14 10:19:46', 1, 1138),
(68, '2020-07-14 11:42:02', '2020-07-14 11:42:02', 1, 1142),
(69, '2020-07-14 11:45:58', '2020-07-14 11:45:58', 1, 1143),
(70, '2020-07-14 12:14:42', '2020-07-14 12:14:42', 1, 1144),
(71, '2020-07-14 12:20:29', '2020-07-14 12:20:29', 1, 1151),
(72, '2020-07-14 13:14:43', '2020-07-14 13:14:43', 1, 1164),
(73, '2020-07-14 13:15:49', '2020-07-14 13:15:49', 1, 1165),
(74, '2020-07-14 13:16:38', '2020-07-14 13:16:38', 1, 1166),
(75, '2020-07-14 13:22:26', '2020-07-14 13:22:26', 1, 1167),
(76, '2020-07-14 13:22:59', '2020-07-14 13:22:59', 1, 1168),
(77, '2020-07-14 13:23:56', '2020-07-14 13:23:56', 1, 1169),
(78, '2020-07-14 13:25:49', '2020-07-14 13:25:49', 1, 1170),
(79, '2020-07-14 13:30:32', '2020-07-14 13:30:32', 1, 1172),
(80, '2020-07-14 13:33:39', '2020-07-14 13:33:39', 1, 1174),
(81, '2020-07-14 13:35:12', '2020-07-14 13:35:12', 1, 1175),
(82, '2020-07-14 13:39:36', '2020-07-14 13:39:36', 1, 1176),
(83, '2020-07-14 14:13:40', '2020-07-14 14:13:40', 1, 1180),
(84, '2020-07-14 14:42:28', '2020-07-14 14:42:28', 1, 1188),
(85, '2020-07-14 22:54:20', '2020-07-14 22:54:20', 1, 370),
(86, '2020-07-14 22:56:02', '2020-07-14 22:56:02', 1, 1032),
(87, '2020-07-14 23:49:04', '2020-07-14 23:49:04', 1, 1194),
(88, '2020-07-15 01:25:28', '2020-07-15 01:25:28', 1, 1035),
(89, '2020-07-15 05:53:07', '2020-07-15 05:53:07', 1, 1195),
(90, '2020-07-15 06:17:17', '2020-07-15 06:17:17', 1, 1200),
(91, '2020-07-15 06:56:02', '2020-07-15 06:56:02', 1, 1201),
(92, '2020-07-16 03:37:15', '2020-07-16 03:37:15', 1, 1025),
(93, '2020-07-16 05:29:23', '2020-07-16 05:29:23', 1, NULL),
(94, '2020-07-16 06:32:32', '2020-07-16 06:32:32', 1, 1226),
(95, '2020-07-16 00:00:00', '2020-07-16 00:00:00', 1, 1173),
(96, '2020-07-16 00:00:00', '2020-07-16 00:00:00', 2, 1173),
(97, '2020-07-16 18:25:13', '2020-07-16 18:25:13', 2, 1032),
(98, '2020-07-17 08:50:25', '2020-07-17 08:50:25', 1, 206),
(99, '2020-07-17 08:50:25', '2020-07-17 08:50:25', 2, 206),
(100, '2020-07-17 00:00:00', '2020-07-17 00:00:00', 1, 1178),
(101, '2020-07-17 00:00:00', '2020-07-17 00:00:00', 2, 1178),
(102, '2020-07-17 00:00:00', '2020-07-17 00:00:00', 1, 1173),
(103, '2020-07-17 00:00:00', '2020-07-17 00:00:00', 2, 1173),
(104, '2020-07-18 08:03:22', '2020-07-18 08:03:22', 1, 96),
(105, '2020-07-18 08:03:22', '2020-07-18 08:03:22', 2, 96),
(106, '2020-07-21 14:40:19', '2020-07-21 14:40:19', 1, 87),
(107, '2020-07-21 14:40:19', '2020-07-21 14:40:19', 2, 87),
(108, '2020-07-21 16:20:35', '2020-07-21 16:20:35', 1, 1297),
(109, '2020-07-21 16:22:39', '2020-07-21 16:22:39', 1, 1298),
(110, '2020-07-21 16:27:53', '2020-07-21 16:27:53', 2, 1194),
(111, '2020-07-23 01:08:51', '2020-07-23 01:08:51', 2, 370),
(112, '2020-07-23 07:38:59', '2020-07-23 07:38:59', 1, 1304),
(113, '2020-07-23 07:38:59', '2020-07-23 07:38:59', 2, 1304),
(114, '2020-07-23 07:40:03', '2020-07-23 07:40:03', 1, 1305),
(115, '2020-07-23 07:45:37', '2020-07-23 07:45:37', 1, 1148),
(116, '2020-07-23 07:50:05', '2020-07-23 07:50:05', 1, 1307),
(117, '2020-07-23 07:50:05', '2020-07-23 07:50:05', 2, 1307),
(118, '2020-07-23 07:59:26', '2020-07-23 07:59:26', 1, NULL),
(119, '2020-07-23 07:59:26', '2020-07-23 07:59:26', 2, NULL),
(120, '2020-07-23 08:10:07', '2020-07-23 08:10:07', 2, 913),
(121, '2020-07-23 08:12:15', '2020-07-23 08:12:15', 2, 918),
(122, '2020-07-23 08:35:40', '2020-07-23 08:35:40', 1, NULL),
(123, '2020-07-23 08:35:40', '2020-07-23 08:35:40', 2, NULL),
(125, '2020-07-23 10:00:19', '2020-07-23 10:00:19', 1, 1308),
(126, '2020-07-23 10:00:19', '2020-07-23 10:00:19', 2, 1308),
(127, '2020-07-24 06:17:28', '2020-07-24 06:17:28', 1, 1335),
(128, '2020-07-24 06:17:28', '2020-07-24 06:17:28', 2, 1335),
(137, '2020-07-24 12:33:15', '2020-07-24 12:33:15', 1, 1309),
(138, '2020-07-24 12:33:15', '2020-07-24 12:33:15', 2, 1309),
(139, '2020-07-24 12:46:06', '2020-07-24 12:46:06', 1, 1347),
(140, '2020-07-24 12:46:06', '2020-07-24 12:46:06', 2, 1347),
(141, '2020-07-24 12:53:52', '2020-07-24 12:53:52', 1, NULL),
(142, '2020-07-24 12:53:52', '2020-07-24 12:53:52', 2, NULL),
(143, '2020-07-24 12:57:31', '2020-07-24 12:57:31', 1, NULL),
(144, '2020-07-24 12:57:31', '2020-07-24 12:57:31', 2, NULL),
(145, '2020-07-24 12:59:54', '2020-07-24 12:59:54', 1, NULL),
(146, '2020-07-24 18:29:51', '2020-07-24 18:29:51', 2, 1297),
(147, '2020-07-24 19:27:46', '2020-07-24 19:27:46', 1, 1351),
(148, '2020-07-24 19:27:46', '2020-07-24 19:27:46', 2, 1351),
(149, '2020-07-24 19:36:00', '2020-07-24 19:36:00', 2, 1298),
(150, '2020-07-24 20:13:17', '2020-07-24 20:13:17', 1, 1299),
(151, '2020-07-24 20:13:17', '2020-07-24 20:13:17', 2, 1299),
(152, '2020-07-25 02:07:31', '2020-07-25 02:07:31', 2, 371),
(153, '2020-07-27 07:59:28', '2020-07-27 07:59:28', 1, 5),
(154, '2020-07-27 08:00:18', '2020-07-27 08:00:18', 2, 5),
(155, '2020-07-27 08:05:10', '2020-07-27 08:05:10', 1, 1361),
(156, '2020-07-27 08:05:10', '2020-07-27 08:05:10', 2, 1361),
(157, '2020-07-27 08:32:25', '2020-07-27 08:32:25', 1, 1364),
(158, '2020-07-27 08:32:25', '2020-07-27 08:32:25', 2, 1364),
(159, '2020-07-27 08:36:16', '2020-07-27 08:36:16', 1, 1363),
(160, '2020-07-27 08:36:16', '2020-07-27 08:36:16', 2, 1363),
(161, '2020-07-27 09:35:15', '2020-07-27 09:35:15', 1, 235),
(162, '2020-07-27 09:35:15', '2020-07-27 09:35:15', 2, 235),
(163, '2020-07-27 09:38:26', '2020-07-27 09:38:26', 1, 1177),
(164, '2020-07-27 09:38:26', '2020-07-27 09:38:26', 2, 1177),
(165, '2020-07-27 10:36:05', '2020-07-27 10:36:05', 1, 256),
(166, '2020-07-27 10:36:05', '2020-07-27 10:36:05', 2, 256),
(167, '2020-07-27 10:43:48', '2020-07-27 10:43:48', 1, 1365),
(168, '2020-07-27 10:43:48', '2020-07-27 10:43:48', 2, 1365),
(169, '2020-07-27 10:55:49', '2020-07-27 10:55:49', 1, 1367),
(170, '2020-07-27 10:55:49', '2020-07-27 10:55:49', 2, 1367),
(171, '2020-07-27 11:01:10', '2020-07-27 11:01:10', 1, 321),
(172, '2020-07-27 11:01:10', '2020-07-27 11:01:10', 2, 321),
(173, '2020-07-27 11:32:27', '2020-07-27 11:32:27', 1, 1368),
(174, '2020-07-27 11:32:27', '2020-07-27 11:32:27', 2, 1368),
(175, '2020-07-27 11:33:43', '2020-07-27 11:33:43', 1, 323),
(176, '2020-07-27 11:33:43', '2020-07-27 11:33:43', 2, 323),
(177, '2020-07-27 11:42:38', '2020-07-27 11:42:38', 1, 1369),
(178, '2020-07-27 11:42:38', '2020-07-27 11:42:38', 2, 1369),
(179, '2020-07-27 12:27:44', '2020-07-27 12:27:44', 1, 1370),
(180, '2020-07-27 12:28:03', '2020-07-27 12:28:03', 2, 1370);

-- --------------------------------------------------------

--
-- Table structure for table `UserDevices`
--

CREATE TABLE `UserDevices` (
  `id` int(11) NOT NULL,
  `app_id` varchar(255) DEFAULT NULL,
  `os_type` varchar(255) DEFAULT NULL COMMENT '0-ios 1-android',
  `os_version` varchar(255) DEFAULT NULL,
  `device_model` varchar(255) DEFAULT NULL,
  `app_version` varchar(255) DEFAULT NULL,
  `device_token` varchar(255) DEFAULT NULL,
  `notification_enrolled` int(10) NOT NULL DEFAULT '0' COMMENT '0-inactive,1-active',
  `locale` varchar(255) NOT NULL,
  `auth_token` text,
  `status` int(11) DEFAULT '1' COMMENT '1-active 0-inactive',
  `createdAt` datetime NOT NULL,
  `updatedAt` datetime NOT NULL,
  `AccountId` int(11) DEFAULT NULL
) ENGINE=InnoDB DEFAULT CHARSET=latin1;

--
-- Dumping data for table `UserDevices`
--

INSERT INTO `UserDevices` (`id`, `app_id`, `os_type`, `os_version`, `device_model`, `app_version`, `device_token`, `notification_enrolled`, `locale`, `auth_token`, `status`, `createdAt`, `updatedAt`, `AccountId`) VALUES
(1, NULL, '0', '13.1.0', 'Simulator iPhone 8', '1', '123456789', 0, '', NULL, 0, '2020-07-09 11:31:55', '2020-07-24 10:18:31', 2),
(2, NULL, '0', '12.4.7', 'iPhone 6', '1', '123456789', 0, '', 'eyJhbGciOiJIUzI1NiIsInR5cCI6IkpXVCJ9.eyJpZCI6MjQwLCJwdWJsaWNfaWQiOiIxNTk0Mjg3MTkyMjExIiwiZW1haWwiOiJ3YXJtQGdtYWlsLmNvbSIsInBhc3N3b3JkIjoiJDJhJDEwJGlJZ3oxbDc1Wlc4UGdkdVR5LjNWYmVHblFkT0loamJRVUNxMTJHUjFzajM0M090ZmVkTmsuIiwiYXZhdGFyX2lkIjpudWxsLCJvdHAiOm51bGwsImNoYXJpdHlfaWQiOiIiLCJyZXNldF9wYXNzd29yZF90b2tlbiI6bnVsbCwic3Vic2NyaXB0aW9uX3N0YXR1cyI6MSwibG9naW5hdHRlbXB0IjpudWxsLCJwYXNzd29yZF9jb3VudCI6MCwibGFzdF9sb2dpbl9kYXRlIjpudWxsLCJyZXNldF9wYXNzd29yZF9kYXRlIjpudWxsLCJzdGF0dXMiOjEsImNyZWF0ZWRBdCI6IjIwMjAtMDctMDlUMDk6MzM6MTIuMDAwWiIsInVwZGF0ZWRBdCI6IjIwMjAtMDctMDlUMTA6MDM6MDcuMDAwWiIsImlhdCI6MTU5NDI5NDk2NH0.efvBFt9_Y65cgr7uOYFEk-_23v88hlh4rbTnkDDfRN4', 1, '2020-07-09 11:42:44', '2020-07-09 11:42:44', 240),
(3, NULL, '0', '13.1.0', 'Simulator iPhone X', '1', '123456789', 0, '', 'eyJhbGciOiJIUzI1NiIsInR5cCI6IkpXVCJ9.eyJpZCI6NjEsInB1YmxpY19pZCI6IjE1OTMwNjMzMDM1NzIiLCJlbWFpbCI6IlZpa2FzQGdtYWlsLmNvbSIsInBhc3N3b3JkIjoiJDJhJDEwJGFkZXRWbkJwTThqMllwOGtXeVNhOS5zLjBieUZXR0RDVi9JVEwubTB2ZkV1MmRtU0ZYTW1HIiwiYXZhdGFyX2lkIjpudWxsLCJvdHAiOm51bGwsImNoYXJpdHlfaWQiOiI4IiwicmVzZXRfcGFzc3dvcmRfdG9rZW4iOm51bGwsInN1YnNjcmlwdGlvbl9zdGF0dXMiOjEsImxvZ2luYXR0ZW1wdCI6bnVsbCwicGFzc3dvcmRfY291bnQiOjAsImxhc3RfbG9naW5fZGF0ZSI6bnVsbCwicmVzZXRfcGFzc3dvcmRfZGF0ZSI6bnVsbCwic3RhdHVzIjoxLCJjcmVhdGVkQXQiOiIyMDIwLTA2LTI1VDA1OjM1OjAzLjAwMFoiLCJ1cGRhdGVkQXQiOiIyMDIwLTA3LTA5VDEwOjQxOjAwLjAwMFoiLCJpYXQiOjE1OTQyOTU0ODJ9.pLnExgTSIq4eZRzz8KQJ30mOkuzWSr2e_osM9HNtcUs', 1, '2020-07-09 11:51:22', '2020-07-09 11:51:22', 61),
(4, NULL, '1', '1', 'samsung/SM-A505F', '1.0', 'b3310987fc1d80a0', 0, 'GB', 'eyJhbGciOiJIUzI1NiIsInR5cCI6IkpXVCJ9.eyJpZCI6MTIsInB1YmxpY19pZCI6IjE1OTIzOTEyOTExOTciLCJlbWFpbCI6InZpamF5QHQuaW4iLCJwYXNzd29yZCI6IiQyYSQxMCQ0SG8xa0ZMZ0Z2RTRxV2p4dkdXUE4uT3d2VXRwcFZoUUJlL1F6bnpReWFGeWw2SlNSRXE0LiIsImF2YXRhcl9pZCI6bnVsbCwib3RwIjpudWxsLCJjaGFyaXR5X2lkIjoiIiwicmVzZXRfcGFzc3dvcmRfdG9rZW4iOm51bGwsInN1YnNjcmlwdGlvbl9zdGF0dXMiOjEsImxvZ2luYXR0ZW1wdCI6bnVsbCwicGFzc3dvcmRfY291bnQiOjIsImxhc3RfbG9naW5fZGF0ZSI6IjIwMjAtMDctMjdUMDg6Mjg6MzYuMDAwWiIsInJlc2V0X3Bhc3N3b3JkX2RhdGUiOiIyMDIwLTA3LTI3VDA4OjI4OjUzLjAwMFoiLCJzdGF0dXMiOjEsImNyZWF0ZWRBdCI6IjIwMjAtMDYtMTdUMTA6NTQ6NTEuMDAwWiIsInVwZGF0ZWRBdCI6IjIwMjAtMDctMjdUMDg6Mjg6NTMuMDAwWiIsImlhdCI6MTU5NTgzODU0Nn0.eleAibPAis2_9JokI_sthYO6EfBTA1F60UdiMsrihbY', 1, '2020-07-09 11:56:43', '2020-07-27 08:29:10', 12),
(5, NULL, '0', '12.4.7', 'iPhone 6', '1', '123456789', 0, '', 'eyJhbGciOiJIUzI1NiIsInR5cCI6IkpXVCJ9.eyJzdWJzY3JpcHRpb25fc3RhdHVzIjoxLCJsb2dpbmF0dGVtcHQiOm51bGwsInN0YXR1cyI6MSwiaWQiOjI0MSwiZW1haWwiOiJtZWhhQGdtYWlsLmNvbSIsInBhc3N3b3JkIjoiJDJhJDEwJHNSTjBiaVRrUFRML2duRDFWbzAvSi45bVdwN2tKZmVlaFYyVk11RkpXREJVdzF2Lm9WSFJhIiwicHVibGljX2lkIjoxNTk0Mjk2NTgwOTg0LCJjaGFyaXR5X2lkIjoiIiwidXBkYXRlZEF0IjoiMjAyMC0wNy0wOVQxMjowOTo0MC45ODRaIiwiY3JlYXRlZEF0IjoiMjAyMC0wNy0wOVQxMjowOTo0MC45ODRaIiwiaWF0IjoxNTk0Mjk2NTgwfQ.tgjbCTpHgjcsUTNFcrDjwra-r6x1iJNkDTqaU6IHQtg', 1, '2020-07-09 12:09:40', '2020-07-09 12:09:40', 241),
(6, NULL, '0', '12.4.7', 'iPhone 6', '1', '123456789', 0, '', 'eyJhbGciOiJIUzI1NiIsInR5cCI6IkpXVCJ9.eyJzdWJzY3JpcHRpb25fc3RhdHVzIjoxLCJsb2dpbmF0dGVtcHQiOm51bGwsInN0YXR1cyI6MSwiaWQiOjI0MiwiZW1haWwiOiJuZWhhaEBnbWFpbC5jb20iLCJwYXNzd29yZCI6IiQyYSQxMCRTVzMzS010V1phWksyazBnMVk2WE0ublpXZWVDMnMwVmx1WFZ4cS5ld1hNNmhyLzlZVkgvYSIsInB1YmxpY19pZCI6MTU5NDI5NzgxMTE3MiwiY2hhcml0eV9pZCI6IiIsInVwZGF0ZWRBdCI6IjIwMjAtMDctMDlUMTI6MzA6MTEuMTczWiIsImNyZWF0ZWRBdCI6IjIwMjAtMDctMDlUMTI6MzA6MTEuMTczWiIsImlhdCI6MTU5NDI5NzgxMX0.gM8XtJpR-V8eecOzpaPWKZXumb7UOdR66Qm058gSn9Q', 1, '2020-07-09 12:30:11', '2020-07-09 12:30:11', 242),
(7, NULL, '1', '1', 'samsung/SM-M307F', '1.0', 'c891776bd8d73343', 0, 'GB', 'eyJhbGciOiJIUzI1NiIsInR5cCI6IkpXVCJ9.eyJzdWJzY3JpcHRpb25fc3RhdHVzIjoxLCJsb2dpbmF0dGVtcHQiOm51bGwsInN0YXR1cyI6MSwiaWQiOjI0MywiZW1haWwiOiJCdWp1QGdtYWlsLmNvbSIsInBhc3N3b3JkIjoiJDJhJDEwJDZKTGJYQnNRMkxIeUd1T01lWEEzRmVXMFdZaTR1QXRzTnVUZE9URTl0ZnNVSHA4TTF3akVtIiwicHVibGljX2lkIjoxNTk0Mjk5NTg3MzI2LCJjaGFyaXR5X2lkIjoiIiwidXBkYXRlZEF0IjoiMjAyMC0wNy0wOVQxMjo1OTo0Ny4zMjZaIiwiY3JlYXRlZEF0IjoiMjAyMC0wNy0wOVQxMjo1OTo0Ny4zMjZaIiwiaWF0IjoxNTk0Mjk5NTg3fQ.gnRQaNFF24Ss5GoxOqqb_iSUGO9DGTsdTrn5x1fhpWY', 1, '2020-07-09 12:59:47', '2020-07-09 12:59:47', 243),
(8, NULL, '0', '12.4.7', 'iPhone 6', '1', '123456789', 0, '', 'eyJhbGciOiJIUzI1NiIsInR5cCI6IkpXVCJ9.eyJzdWJzY3JpcHRpb25fc3RhdHVzIjoxLCJsb2dpbmF0dGVtcHQiOm51bGwsInN0YXR1cyI6MSwiaWQiOjI0NCwiZW1haWwiOiJ2aXJrQGdtYWlsLmNvbSIsInBhc3N3b3JkIjoiJDJhJDEwJEZUVUZ5cjNrY1l3MGR1TWppclZMUy5FbWFpUTBzNWlULlplblRyVElPQkhiNVBnUTYvTDRLIiwicHVibGljX2lkIjoxNTk0Mjk5OTk1NzM5LCJjaGFyaXR5X2lkIjoiIiwidXBkYXRlZEF0IjoiMjAyMC0wNy0wOVQxMzowNjozNS43NDFaIiwiY3JlYXRlZEF0IjoiMjAyMC0wNy0wOVQxMzowNjozNS43NDFaIiwiaWF0IjoxNTk0Mjk5OTk1fQ.CH4B8esslIxtUZkXa8QLv_s-9SVODFSxK1mvp_YWMbY', 1, '2020-07-09 13:06:35', '2020-07-09 13:06:35', 244),
(9, NULL, '0', '13.1.0', 'Simulator iPhone 8', '1', '6AwEQtHjbv', 0, '', NULL, 0, '2020-07-09 13:08:38', '2020-07-24 10:18:31', 2),
(10, NULL, '0', '12.4.7', 'iPhone 6', '1', '123456789', 0, '', 'eyJhbGciOiJIUzI1NiIsInR5cCI6IkpXVCJ9.eyJzdWJzY3JpcHRpb25fc3RhdHVzIjoxLCJsb2dpbmF0dGVtcHQiOm51bGwsInN0YXR1cyI6MSwiaWQiOjI0NSwiZW1haWwiOiJCaXNtYWxAZ21haWwuY29tIiwicGFzc3dvcmQiOiIkMmEkMTAkaEx1UW1QMll0TngyU3dlVnBJVWtxTzFIT0JMZlVJSG52NVdIVEVQTmZ2eU9URTU4Rjd6S0siLCJwdWJsaWNfaWQiOjE1OTQzMDAyNTIwMjYsImNoYXJpdHlfaWQiOiIiLCJ1cGRhdGVkQXQiOiIyMDIwLTA3LTA5VDEzOjEwOjUyLjAyNloiLCJjcmVhdGVkQXQiOiIyMDIwLTA3LTA5VDEzOjEwOjUyLjAyNloiLCJpYXQiOjE1OTQzMDAyNTJ9.Ebd_w6y2ySr8DOfH7amZtmUD0LuRTuhS7QnP2ydA6So', 1, '2020-07-09 13:10:52', '2020-07-09 13:10:52', 245),
(11, NULL, '0', '', '', '', '123456789', 0, '', 'eyJhbGciOiJIUzI1NiIsInR5cCI6IkpXVCJ9.eyJpZCI6MSwicHVibGljX2lkIjoiMTU5MjI5Nzk2MzQ4OSIsImVtYWlsIjoiY2hpdGVzaDQ0NEBnbWFpbC5jb20iLCJwYXNzd29yZCI6IiQyYSQxMCREUEYwSmJhSG5mT0N3aUhaell0eDhPT25menhXckxidWVKTlJmNndmSVJOQnRqMmdqWHNzdSIsImF2YXRhcl9pZCI6bnVsbCwib3RwIjpudWxsLCJjaGFyaXR5X2lkIjoiMSwyIiwicmVzZXRfcGFzc3dvcmRfdG9rZW4iOm51bGwsInN1YnNjcmlwdGlvbl9zdGF0dXMiOjEsImxvZ2luYXR0ZW1wdCI6bnVsbCwicGFzc3dvcmRfY291bnQiOjAsImxhc3RfbG9naW5fZGF0ZSI6IjIwMjAtMDYtMjJUMTI6MjU6MjguMDAwWiIsInJlc2V0X3Bhc3N3b3JkX2RhdGUiOiIyMDIwLTA2LTIyVDEyOjI1OjUwLjAwMFoiLCJzdGF0dXMiOjEsImNyZWF0ZWRBdCI6IjIwMjAtMDYtMTZUMDg6NTk6MjMuMDAwWiIsInVwZGF0ZWRBdCI6IjIwMjAtMDctMDlUMTE6MjA6NDIuMDAwWiIsImlhdCI6MTU5NDMwMDMyMH0.aL7AAX7wdPHmApEemrRVVyYU35BSFd-6MJcFG2wxz6c', 1, '2020-07-09 13:12:00', '2020-07-09 13:12:00', 1),
(12, NULL, '0', '12.4.7', 'iPhone 6', '1', '123456789', 0, '', 'eyJhbGciOiJIUzI1NiIsInR5cCI6IkpXVCJ9.eyJzdWJzY3JpcHRpb25fc3RhdHVzIjoxLCJsb2dpbmF0dGVtcHQiOm51bGwsInN0YXR1cyI6MSwiaWQiOjI0NiwiZW1haWwiOiJqaXNodUBnbWFpbC5jb20iLCJwYXNzd29yZCI6IiQyYSQxMCR0LkgucmNxWmtBa1A1ZU0uR2hCUjkuUTFaTWVRVWVMOUJQVjFmQjJTb2ZIQTBBRW9yeUtBeSIsInB1YmxpY19pZCI6MTU5NDMwMTM1NDYzOCwiY2hhcml0eV9pZCI6IiIsInVwZGF0ZWRBdCI6IjIwMjAtMDctMDlUMTM6Mjk6MTQuNjM5WiIsImNyZWF0ZWRBdCI6IjIwMjAtMDctMDlUMTM6Mjk6MTQuNjM5WiIsImlhdCI6MTU5NDMwMTM1NH0.B6GKyXvMg1fo-oZ3EEXPF8ME0EwN-aEC1FRT2lCpndc', 1, '2020-07-09 13:29:14', '2020-07-09 13:29:14', 246),
(13, NULL, '0', '13.1.0', 'Simulator iPhone 8', '1', 'FLO89EFrPs', 0, '', 'eyJhbGciOiJIUzI1NiIsInR5cCI6IkpXVCJ9.eyJzdWJzY3JpcHRpb25fc3RhdHVzIjoxLCJsb2dpbmF0dGVtcHQiOm51bGwsInN0YXR1cyI6MSwiaWQiOjI0NywiZW1haWwiOiJkZXZlbG9wZXJAZ21haWwuY29tIiwicGFzc3dvcmQiOiIkMmEkMTAkYi5vQVBxSmxFVHo2Q2lOS1ViTlJZdUt2REFQbXBRcGk2VFdXUVdZaXQ1bmgzMFlHS01lRUciLCJwdWJsaWNfaWQiOjE1OTQzMDE3NzA4MTQsImNoYXJpdHlfaWQiOiIiLCJ1cGRhdGVkQXQiOiIyMDIwLTA3LTA5VDEzOjM2OjEwLjgxNFoiLCJjcmVhdGVkQXQiOiIyMDIwLTA3LTA5VDEzOjM2OjEwLjgxNFoiLCJpYXQiOjE1OTQzMDE3NzB9.fhe4G5eA7zrlKyMHyH_XOHTngxcvmibOEHr5VbkX-Us', 1, '2020-07-09 13:36:10', '2020-07-09 13:36:10', 247),
(14, NULL, '0', '13.1.0', 'Simulator iPhone 8', '1', 'VMrJmnLoMP', 0, '', 'eyJhbGciOiJIUzI1NiIsInR5cCI6IkpXVCJ9.eyJzdWJzY3JpcHRpb25fc3RhdHVzIjoxLCJsb2dpbmF0dGVtcHQiOm51bGwsInN0YXR1cyI6MSwiaWQiOjI0OCwiZW1haWwiOiJkZXZlbG9wZXIxQGdtYWlsLmNvbSIsInBhc3N3b3JkIjoiJDJhJDEwJE1Wc0FaeGVuQlZTbkpUYm5Rcjd4bHVUeU5XbHIuT0lST29lczBmVEdzVDh3YUxQanBJbUQyIiwicHVibGljX2lkIjoxNTk0MzAyMzMxMjM2LCJjaGFyaXR5X2lkIjoiIiwidXBkYXRlZEF0IjoiMjAyMC0wNy0wOVQxMzo0NTozMS4yMzZaIiwiY3JlYXRlZEF0IjoiMjAyMC0wNy0wOVQxMzo0NTozMS4yMzZaIiwiaWF0IjoxNTk0MzAyMzMxfQ.QWtQX176YiAiXZdUMBu0QjpeX1Sll1zOGwztAZBDT8w', 1, '2020-07-09 13:45:31', '2020-07-09 13:45:31', 248),
(15, NULL, '0', '13.1.0', 'Simulator iPhone 8', '1', 'GWXrHOJHTJ', 0, '', 'eyJhbGciOiJIUzI1NiIsInR5cCI6IkpXVCJ9.eyJzdWJzY3JpcHRpb25fc3RhdHVzIjoxLCJsb2dpbmF0dGVtcHQiOm51bGwsInN0YXR1cyI6MSwiaWQiOjI0OSwiZW1haWwiOiJkZXZlbG9wZXIyQGdtYWlsLmNvbSIsInBhc3N3b3JkIjoiJDJhJDEwJDlxLml5M1ZxWXdoN0dLdDZMNkpQai5NZC9pMEs1R3NzMXhrMWJoSERLQThKL0VETFNSQ2tlIiwicHVibGljX2lkIjoxNTk0MzAyNTY0ODc5LCJjaGFyaXR5X2lkIjoiIiwidXBkYXRlZEF0IjoiMjAyMC0wNy0wOVQxMzo0OToyNC44ODBaIiwiY3JlYXRlZEF0IjoiMjAyMC0wNy0wOVQxMzo0OToyNC44ODBaIiwiaWF0IjoxNTk0MzAyNTY0fQ.Dz_HEgRkbhJetn-dvRLgSrgK_qbrbjvSQYaxNWkZ9sc', 1, '2020-07-09 13:49:24', '2020-07-09 13:49:24', 249),
(16, NULL, '1', '1', 'Google/AOSP on IA Emulator', '1.0', 'c80bab22f83a937b', 0, 'US', NULL, 0, '2020-07-09 13:57:16', '2020-07-27 08:28:53', 12),
(17, NULL, '1', '1', 'Google/AOSP on IA Emulator', '1.0', 'c80bab22f83a937b', 0, 'US', NULL, 0, '2020-07-09 13:58:43', '2020-07-27 08:28:53', 12),
(18, NULL, '0', '13.1.0', 'Simulator iPhone 8', '1', 'bEkqIIEMne', 0, '', NULL, 0, '2020-07-09 14:34:23', '2020-07-24 10:18:31', 2),
(19, NULL, '0', '13.5.1', 'iPhone 6s', '1', '123456789', 0, '', NULL, 0, '2020-07-09 23:12:04', '2020-07-23 22:32:30', 72),
(20, NULL, '0', '13.5.1', 'iPhone XS', '1', '123456789', 0, '', 'eyJhbGciOiJIUzI1NiIsInR5cCI6IkpXVCJ9.eyJpZCI6MjMxLCJwdWJsaWNfaWQiOiIxNTk0MjYxMzE3NDY3IiwiZW1haWwiOiJ3aXNlZGFkQHdpc2UuY29tIiwicGFzc3dvcmQiOiIkMmEkMTAkQ3lPSjlJbnBEckQySEJYQk9GQXFvdXM2T0VJVE1ZTFh1RUh3clVyV0p5MU9oYWlGbnVBVnUiLCJhdmF0YXJfaWQiOm51bGwsIm90cCI6bnVsbCwiY2hhcml0eV9pZCI6IiIsInJlc2V0X3Bhc3N3b3JkX3Rva2VuIjpudWxsLCJzdWJzY3JpcHRpb25fc3RhdHVzIjoxLCJsb2dpbmF0dGVtcHQiOm51bGwsInBhc3N3b3JkX2NvdW50IjowLCJsYXN0X2xvZ2luX2RhdGUiOm51bGwsInJlc2V0X3Bhc3N3b3JkX2RhdGUiOm51bGwsInN0YXR1cyI6MSwiY3JlYXRlZEF0IjoiMjAyMC0wNy0wOVQwMjoyMTo1Ny4wMDBaIiwidXBkYXRlZEF0IjoiMjAyMC0wNy0wOVQwMjo0Njo0MC4wMDBaIiwiaWF0IjoxNTk0MzUxNTg5fQ.trMZV0Qkq--x5XUjzHCT-Ov4kRLX79nFNffo6XG88DE', 1, '2020-07-10 03:26:29', '2020-07-10 03:26:29', 231),
(21, NULL, '0', '13.5.1', 'iPhone 11', '1', '123456789', 0, '', '', 0, '2020-07-10 03:28:00', '2020-07-12 15:29:33', 250),
(22, NULL, '1', '1', 'Google/AOSP on IA Emulator', '1.0', 'd9ec920ab5dbe934', 0, 'US', NULL, 0, '2020-07-10 04:37:28', '2020-07-27 08:28:53', 12),
(23, NULL, '1', '1', 'samsung/SM-A505F', '1.0', 'b3310987fc1d80a0', 0, 'GB', 'eyJhbGciOiJIUzI1NiIsInR5cCI6IkpXVCJ9.eyJpZCI6MTIsInB1YmxpY19pZCI6IjE1OTIzOTEyOTExOTciLCJlbWFpbCI6InZpamF5QHQuaW4iLCJwYXNzd29yZCI6IiQyYSQxMCQ0SG8xa0ZMZ0Z2RTRxV2p4dkdXUE4uT3d2VXRwcFZoUUJlL1F6bnpReWFGeWw2SlNSRXE0LiIsImF2YXRhcl9pZCI6bnVsbCwib3RwIjpudWxsLCJjaGFyaXR5X2lkIjoiIiwicmVzZXRfcGFzc3dvcmRfdG9rZW4iOm51bGwsInN1YnNjcmlwdGlvbl9zdGF0dXMiOjEsImxvZ2luYXR0ZW1wdCI6bnVsbCwicGFzc3dvcmRfY291bnQiOjIsImxhc3RfbG9naW5fZGF0ZSI6IjIwMjAtMDctMjdUMDg6Mjg6MzYuMDAwWiIsInJlc2V0X3Bhc3N3b3JkX2RhdGUiOiIyMDIwLTA3LTI3VDA4OjI4OjUzLjAwMFoiLCJzdGF0dXMiOjEsImNyZWF0ZWRBdCI6IjIwMjAtMDYtMTdUMTA6NTQ6NTEuMDAwWiIsInVwZGF0ZWRBdCI6IjIwMjAtMDctMjdUMDg6Mjg6NTMuMDAwWiIsImlhdCI6MTU5NTgzODU0Nn0.eleAibPAis2_9JokI_sthYO6EfBTA1F60UdiMsrihbY', 1, '2020-07-10 04:42:02', '2020-07-27 08:29:10', 12),
(26, NULL, '0', '12.4.7', 'iPhone 6', '1', 'yNYNompZGH', 0, '', 'eyJhbGciOiJIUzI1NiIsInR5cCI6IkpXVCJ9.eyJzdWJzY3JpcHRpb25fc3RhdHVzIjoxLCJsb2dpbmF0dGVtcHQiOm51bGwsInN0YXR1cyI6MSwiaWQiOjI1MSwiZW1haWwiOiJ2aW5hbEBnbWFpbC5jb20iLCJwYXNzd29yZCI6IiQyYSQxMCRlYUJZQjhuTjNadTcwUmN6bGFodTQuaTBFNXhGQk5YMEVia1N4QTI5Q01Td2o1dm1MMGYuZSIsInB1YmxpY19pZCI6MTU5NDM1OTA2OTIyOSwiY2hhcml0eV9pZCI6IiIsInVwZGF0ZWRBdCI6IjIwMjAtMDctMTBUMDU6MzE6MDkuMjI5WiIsImNyZWF0ZWRBdCI6IjIwMjAtMDctMTBUMDU6MzE6MDkuMjI5WiIsImlhdCI6MTU5NDM1OTA2OX0.70EYVB394Bz28ZyLnOZKv5kmiXER6pCqdwsbLhrSSGc', 1, '2020-07-10 05:31:09', '2020-07-10 05:31:09', 251),
(27, NULL, '0', '12.4.7', 'iPhone 6', '1', '4ej8GzRTAr', 0, '', 'eyJhbGciOiJIUzI1NiIsInR5cCI6IkpXVCJ9.eyJzdWJzY3JpcHRpb25fc3RhdHVzIjoxLCJsb2dpbmF0dGVtcHQiOm51bGwsInN0YXR1cyI6MSwiaWQiOjI1MiwiZW1haWwiOiJ2aW51bEBnbWFpbC5jb20iLCJwYXNzd29yZCI6IiQyYSQxMCRZZGxhN0wudWVUeHNSd3ZzOUFQQjkuSkYzOXFBOUI4T2VkeDdNZlhEZGx5WWtWTm04MkRMQyIsInB1YmxpY19pZCI6MTU5NDM1OTM1MDQxOCwiY2hhcml0eV9pZCI6IiIsInVwZGF0ZWRBdCI6IjIwMjAtMDctMTBUMDU6MzU6NTAuNDE4WiIsImNyZWF0ZWRBdCI6IjIwMjAtMDctMTBUMDU6MzU6NTAuNDE4WiIsImlhdCI6MTU5NDM1OTM1MH0.zBbAHqNxFwCy_DC06q4fb3084jixwUGFLHDCcEkRvKU', 1, '2020-07-10 05:35:50', '2020-07-10 05:35:50', 252),
(28, NULL, '0', '12.4.7', 'iPhone 6', '1', '8KPnYFnjZm', 0, '', 'eyJhbGciOiJIUzI1NiIsInR5cCI6IkpXVCJ9.eyJzdWJzY3JpcHRpb25fc3RhdHVzIjoxLCJsb2dpbmF0dGVtcHQiOm51bGwsInN0YXR1cyI6MSwiaWQiOjI1MywiZW1haWwiOiJ2aXJhdEBnbWFpbC5jb20iLCJwYXNzd29yZCI6IiQyYSQxMCRaUDdLWjlsT0ZOR0NQVU9uenRVVE51OVByVnlLV3pBRzdBRUZ4ZHNMa2VoYlkveG9mZzJWbSIsInB1YmxpY19pZCI6MTU5NDM1OTU4NTQzMSwiY2hhcml0eV9pZCI6IiIsInVwZGF0ZWRBdCI6IjIwMjAtMDctMTBUMDU6Mzk6NDUuNDMxWiIsImNyZWF0ZWRBdCI6IjIwMjAtMDctMTBUMDU6Mzk6NDUuNDMxWiIsImlhdCI6MTU5NDM1OTU4NX0.qJfcRnT179AlqIqwkzhRfOyyvDthhpRGmNPWWFCTnwc', 1, '2020-07-10 05:39:45', '2020-07-10 05:39:45', 253),
(29, NULL, '1', '1', 'samsung/SM-A505F', '1.0', 'b3310987fc1d80a0', 0, 'GB', 'eyJhbGciOiJIUzI1NiIsInR5cCI6IkpXVCJ9.eyJpZCI6MTIsInB1YmxpY19pZCI6IjE1OTIzOTEyOTExOTciLCJlbWFpbCI6InZpamF5QHQuaW4iLCJwYXNzd29yZCI6IiQyYSQxMCQ0SG8xa0ZMZ0Z2RTRxV2p4dkdXUE4uT3d2VXRwcFZoUUJlL1F6bnpReWFGeWw2SlNSRXE0LiIsImF2YXRhcl9pZCI6bnVsbCwib3RwIjpudWxsLCJjaGFyaXR5X2lkIjoiIiwicmVzZXRfcGFzc3dvcmRfdG9rZW4iOm51bGwsInN1YnNjcmlwdGlvbl9zdGF0dXMiOjEsImxvZ2luYXR0ZW1wdCI6bnVsbCwicGFzc3dvcmRfY291bnQiOjIsImxhc3RfbG9naW5fZGF0ZSI6IjIwMjAtMDctMjdUMDg6Mjg6MzYuMDAwWiIsInJlc2V0X3Bhc3N3b3JkX2RhdGUiOiIyMDIwLTA3LTI3VDA4OjI4OjUzLjAwMFoiLCJzdGF0dXMiOjEsImNyZWF0ZWRBdCI6IjIwMjAtMDYtMTdUMTA6NTQ6NTEuMDAwWiIsInVwZGF0ZWRBdCI6IjIwMjAtMDctMjdUMDg6Mjg6NTMuMDAwWiIsImlhdCI6MTU5NTgzODU0Nn0.eleAibPAis2_9JokI_sthYO6EfBTA1F60UdiMsrihbY', 1, '2020-07-10 05:58:45', '2020-07-27 08:29:10', 12),
(30, NULL, '1', '1', 'samsung/SM-A505F', '1.0', 'b3310987fc1d80a0', 0, 'GB', 'eyJhbGciOiJIUzI1NiIsInR5cCI6IkpXVCJ9.eyJpZCI6MTIsInB1YmxpY19pZCI6IjE1OTIzOTEyOTExOTciLCJlbWFpbCI6InZpamF5QHQuaW4iLCJwYXNzd29yZCI6IiQyYSQxMCQ0SG8xa0ZMZ0Z2RTRxV2p4dkdXUE4uT3d2VXRwcFZoUUJlL1F6bnpReWFGeWw2SlNSRXE0LiIsImF2YXRhcl9pZCI6bnVsbCwib3RwIjpudWxsLCJjaGFyaXR5X2lkIjoiIiwicmVzZXRfcGFzc3dvcmRfdG9rZW4iOm51bGwsInN1YnNjcmlwdGlvbl9zdGF0dXMiOjEsImxvZ2luYXR0ZW1wdCI6bnVsbCwicGFzc3dvcmRfY291bnQiOjIsImxhc3RfbG9naW5fZGF0ZSI6IjIwMjAtMDctMjdUMDg6Mjg6MzYuMDAwWiIsInJlc2V0X3Bhc3N3b3JkX2RhdGUiOiIyMDIwLTA3LTI3VDA4OjI4OjUzLjAwMFoiLCJzdGF0dXMiOjEsImNyZWF0ZWRBdCI6IjIwMjAtMDYtMTdUMTA6NTQ6NTEuMDAwWiIsInVwZGF0ZWRBdCI6IjIwMjAtMDctMjdUMDg6Mjg6NTMuMDAwWiIsImlhdCI6MTU5NTgzODU0Nn0.eleAibPAis2_9JokI_sthYO6EfBTA1F60UdiMsrihbY', 1, '2020-07-10 06:07:30', '2020-07-27 08:29:10', 12),
(31, NULL, '1', '1', 'samsung/SM-A505F', '1.0', 'b3310987fc1d80a0', 0, 'GB', 'eyJhbGciOiJIUzI1NiIsInR5cCI6IkpXVCJ9.eyJpZCI6MTIsInB1YmxpY19pZCI6IjE1OTIzOTEyOTExOTciLCJlbWFpbCI6InZpamF5QHQuaW4iLCJwYXNzd29yZCI6IiQyYSQxMCQ0SG8xa0ZMZ0Z2RTRxV2p4dkdXUE4uT3d2VXRwcFZoUUJlL1F6bnpReWFGeWw2SlNSRXE0LiIsImF2YXRhcl9pZCI6bnVsbCwib3RwIjpudWxsLCJjaGFyaXR5X2lkIjoiIiwicmVzZXRfcGFzc3dvcmRfdG9rZW4iOm51bGwsInN1YnNjcmlwdGlvbl9zdGF0dXMiOjEsImxvZ2luYXR0ZW1wdCI6bnVsbCwicGFzc3dvcmRfY291bnQiOjIsImxhc3RfbG9naW5fZGF0ZSI6IjIwMjAtMDctMjdUMDg6Mjg6MzYuMDAwWiIsInJlc2V0X3Bhc3N3b3JkX2RhdGUiOiIyMDIwLTA3LTI3VDA4OjI4OjUzLjAwMFoiLCJzdGF0dXMiOjEsImNyZWF0ZWRBdCI6IjIwMjAtMDYtMTdUMTA6NTQ6NTEuMDAwWiIsInVwZGF0ZWRBdCI6IjIwMjAtMDctMjdUMDg6Mjg6NTMuMDAwWiIsImlhdCI6MTU5NTgzODU0Nn0.eleAibPAis2_9JokI_sthYO6EfBTA1F60UdiMsrihbY', 1, '2020-07-10 06:17:07', '2020-07-27 08:29:10', 12),
(32, NULL, '0', '13.1.0', 'Simulator iPhone X', '1', 'BtYYW0BMnJ', 0, '', 'eyJhbGciOiJIUzI1NiIsInR5cCI6IkpXVCJ9.eyJzdWJzY3JpcHRpb25fc3RhdHVzIjoxLCJsb2dpbmF0dGVtcHQiOm51bGwsInN0YXR1cyI6MSwiaWQiOjI1NCwiZW1haWwiOiJwQGdtYWlsLmNvbSIsInBhc3N3b3JkIjoiJDJhJDEwJEpXTU1vTUZUZnRLTVlvTUx3dGx1aE9GZTBFTUhXOHl3b3J1YTNQZ0JRQnFaaGJkcDJpdDMyIiwicHVibGljX2lkIjoxNTk0MzY0NDMwNzA0LCJjaGFyaXR5X2lkIjoiOCw2IiwidXBkYXRlZEF0IjoiMjAyMC0wNy0xMFQwNzowMDozMC43MDRaIiwiY3JlYXRlZEF0IjoiMjAyMC0wNy0xMFQwNzowMDozMC43MDRaIiwiaWF0IjoxNTk0MzY0NDMwfQ.oEZyvNfUwJhrzZM0WIZiT6BmiCRlMvGux49pL-bAuJw', 1, '2020-07-10 07:00:30', '2020-07-10 07:00:30', 254),
(33, NULL, '0', '13.1.0', 'Simulator iPad Pro (12.9-inch) (3rd generation)', '1', 'IsWjxEFg3R', 0, '', 'eyJhbGciOiJIUzI1NiIsInR5cCI6IkpXVCJ9.eyJpZCI6MjU0LCJwdWJsaWNfaWQiOiIxNTk0MzY0NDMwNzA0IiwiZW1haWwiOiJwQGdtYWlsLmNvbSIsInBhc3N3b3JkIjoiJDJhJDEwJEpXTU1vTUZUZnRLTVlvTUx3dGx1aE9GZTBFTUhXOHl3b3J1YTNQZ0JRQnFaaGJkcDJpdDMyIiwiYXZhdGFyX2lkIjpudWxsLCJvdHAiOm51bGwsImNoYXJpdHlfaWQiOiI4LDYiLCJyZXNldF9wYXNzd29yZF90b2tlbiI6bnVsbCwic3Vic2NyaXB0aW9uX3N0YXR1cyI6MSwibG9naW5hdHRlbXB0IjpudWxsLCJwYXNzd29yZF9jb3VudCI6MCwibGFzdF9sb2dpbl9kYXRlIjpudWxsLCJyZXNldF9wYXNzd29yZF9kYXRlIjpudWxsLCJzdGF0dXMiOjEsImNyZWF0ZWRBdCI6IjIwMjAtMDctMTBUMDc6MDA6MzAuMDAwWiIsInVwZGF0ZWRBdCI6IjIwMjAtMDctMTBUMDc6MDk6NTcuMDAwWiIsImlhdCI6MTU5NDM2NTE3OX0.r5i3Z2C3z3Ucqf6n2mXCj12xxvmAza7-ayvm2z33ulk', 1, '2020-07-10 07:12:59', '2020-07-10 07:12:59', 254),
(34, NULL, '0', '12.4.7', 'iPhone 6', '1', 'kh6GnCciUC', 0, '', 'eyJhbGciOiJIUzI1NiIsInR5cCI6IkpXVCJ9.eyJzdWJzY3JpcHRpb25fc3RhdHVzIjoxLCJsb2dpbmF0dGVtcHQiOm51bGwsInN0YXR1cyI6MSwiaWQiOjI1NSwiZW1haWwiOiJNZWhhckBnbWFpbC5jb20iLCJwYXNzd29yZCI6IiQyYSQxMCRYRlVLRFdramZqQWMvTFV6Lm16cjRlT1Y1QXR2Q2swLmdPTUI5LnRBQWNvQm1VaC9SQ0sudSIsInB1YmxpY19pZCI6MTU5NDM2NTY0NDk3OCwiY2hhcml0eV9pZCI6IiIsInVwZGF0ZWRBdCI6IjIwMjAtMDctMTBUMDc6MjA6NDQuOTc4WiIsImNyZWF0ZWRBdCI6IjIwMjAtMDctMTBUMDc6MjA6NDQuOTc4WiIsImlhdCI6MTU5NDM2NTY0NH0.tj-j1VkdnQjGk7NRjI_yl2VDAhB9mHgYAHlLGUQY028', 1, '2020-07-10 07:20:44', '2020-07-10 07:20:44', 255),
(35, NULL, '0', '12.4.7', 'iPhone 6', '1', 'Y7MP54QYIq', 0, '', 'eyJhbGciOiJIUzI1NiIsInR5cCI6IkpXVCJ9.eyJzdWJzY3JpcHRpb25fc3RhdHVzIjoxLCJsb2dpbmF0dGVtcHQiOm51bGwsInN0YXR1cyI6MSwiaWQiOjI1NiwiZW1haWwiOiJtZW5pQGdtYWlsLmNvbSIsInBhc3N3b3JkIjoiJDJhJDEwJFRQaDRobGl6YmtaT015eXlWNWVzcXU2dHFjV0RXamNsekFMQk9XZGwvZm03aEMvUjVuYTJhIiwicHVibGljX2lkIjoxNTk0MzY1OTk2ODQwLCJjaGFyaXR5X2lkIjoiIiwidXBkYXRlZEF0IjoiMjAyMC0wNy0xMFQwNzoyNjozNi44NDBaIiwiY3JlYXRlZEF0IjoiMjAyMC0wNy0xMFQwNzoyNjozNi44NDBaIiwiaWF0IjoxNTk0MzY1OTk2fQ.qkuxXpxn2qmudUlqc4KdNn4vlLSEkXKsH2AkJNfsieg', 1, '2020-07-10 07:26:36', '2020-07-10 07:26:36', 256),
(37, NULL, '1', '1', 'samsung/SM-A505F', '1.0', 'b3310987fc1d80a0', 0, 'GB', 'eyJhbGciOiJIUzI1NiIsInR5cCI6IkpXVCJ9.eyJpZCI6MTIsInB1YmxpY19pZCI6IjE1OTIzOTEyOTExOTciLCJlbWFpbCI6InZpamF5QHQuaW4iLCJwYXNzd29yZCI6IiQyYSQxMCQ0SG8xa0ZMZ0Z2RTRxV2p4dkdXUE4uT3d2VXRwcFZoUUJlL1F6bnpReWFGeWw2SlNSRXE0LiIsImF2YXRhcl9pZCI6bnVsbCwib3RwIjpudWxsLCJjaGFyaXR5X2lkIjoiIiwicmVzZXRfcGFzc3dvcmRfdG9rZW4iOm51bGwsInN1YnNjcmlwdGlvbl9zdGF0dXMiOjEsImxvZ2luYXR0ZW1wdCI6bnVsbCwicGFzc3dvcmRfY291bnQiOjIsImxhc3RfbG9naW5fZGF0ZSI6IjIwMjAtMDctMjdUMDg6Mjg6MzYuMDAwWiIsInJlc2V0X3Bhc3N3b3JkX2RhdGUiOiIyMDIwLTA3LTI3VDA4OjI4OjUzLjAwMFoiLCJzdGF0dXMiOjEsImNyZWF0ZWRBdCI6IjIwMjAtMDYtMTdUMTA6NTQ6NTEuMDAwWiIsInVwZGF0ZWRBdCI6IjIwMjAtMDctMjdUMDg6Mjg6NTMuMDAwWiIsImlhdCI6MTU5NTgzODU0Nn0.eleAibPAis2_9JokI_sthYO6EfBTA1F60UdiMsrihbY', 1, '2020-07-10 07:32:41', '2020-07-27 08:29:10', 12),
(38, NULL, '1', '1', 'samsung/SM-A505F', '1.0', 'b3310987fc1d80a0', 0, 'GB', 'eyJhbGciOiJIUzI1NiIsInR5cCI6IkpXVCJ9.eyJpZCI6MTIsInB1YmxpY19pZCI6IjE1OTIzOTEyOTExOTciLCJlbWFpbCI6InZpamF5QHQuaW4iLCJwYXNzd29yZCI6IiQyYSQxMCQ0SG8xa0ZMZ0Z2RTRxV2p4dkdXUE4uT3d2VXRwcFZoUUJlL1F6bnpReWFGeWw2SlNSRXE0LiIsImF2YXRhcl9pZCI6bnVsbCwib3RwIjpudWxsLCJjaGFyaXR5X2lkIjoiIiwicmVzZXRfcGFzc3dvcmRfdG9rZW4iOm51bGwsInN1YnNjcmlwdGlvbl9zdGF0dXMiOjEsImxvZ2luYXR0ZW1wdCI6bnVsbCwicGFzc3dvcmRfY291bnQiOjIsImxhc3RfbG9naW5fZGF0ZSI6IjIwMjAtMDctMjdUMDg6Mjg6MzYuMDAwWiIsInJlc2V0X3Bhc3N3b3JkX2RhdGUiOiIyMDIwLTA3LTI3VDA4OjI4OjUzLjAwMFoiLCJzdGF0dXMiOjEsImNyZWF0ZWRBdCI6IjIwMjAtMDYtMTdUMTA6NTQ6NTEuMDAwWiIsInVwZGF0ZWRBdCI6IjIwMjAtMDctMjdUMDg6Mjg6NTMuMDAwWiIsImlhdCI6MTU5NTgzODU0Nn0.eleAibPAis2_9JokI_sthYO6EfBTA1F60UdiMsrihbY', 1, '2020-07-10 07:35:34', '2020-07-27 08:29:10', 12),
(40, NULL, '1', '1', 'Google/Android SDK built for x86', '1.0', '2a79ec4a652cb232', 0, 'US', NULL, 0, '2020-07-10 07:45:57', '2020-07-27 08:28:53', 12),
(42, NULL, '0', '12.4.7', 'iPhone 6', '1', '8aQtVZ9Lew', 0, '', 'eyJhbGciOiJIUzI1NiIsInR5cCI6IkpXVCJ9.eyJzdWJzY3JpcHRpb25fc3RhdHVzIjoxLCJsb2dpbmF0dGVtcHQiOm51bGwsInN0YXR1cyI6MSwiaWQiOjI1NywiZW1haWwiOiJuaW5hQGdtYWlsLmNvbSIsInBhc3N3b3JkIjoiJDJhJDEwJE1Ua3dPVWRReXouaUFlbldtYklOdHV2SHUyZTVNTjJ2S0VDN1Bkd2xyTjgya3hRd29xTjQ2IiwicHVibGljX2lkIjoxNTk0MzY4MzkwOTM2LCJjaGFyaXR5X2lkIjoiIiwidXBkYXRlZEF0IjoiMjAyMC0wNy0xMFQwODowNjozMC45MzdaIiwiY3JlYXRlZEF0IjoiMjAyMC0wNy0xMFQwODowNjozMC45MzdaIiwiaWF0IjoxNTk0MzY4MzkwfQ.BoQ4-ltYoPDjmz3yB0ebyW5HXM4G6Za7R_NjTrvvl2g', 1, '2020-07-10 08:06:30', '2020-07-10 08:06:30', 257),
(43, NULL, '0', '12.4.7', 'iPhone 6', '1', 'YU06v9JclT', 0, '', 'eyJhbGciOiJIUzI1NiIsInR5cCI6IkpXVCJ9.eyJzdWJzY3JpcHRpb25fc3RhdHVzIjoxLCJsb2dpbmF0dGVtcHQiOm51bGwsInN0YXR1cyI6MSwiaWQiOjI1OCwiZW1haWwiOiJsaXZlQGdtYWlsLmNvbSIsInBhc3N3b3JkIjoiJDJhJDEwJGZrMHByMWtvYTR0M1RpMnMwTmhULmVadXkxQzBPcU5peU5Wd3ZBOWdyRnd5M3lXd2pCZlptIiwicHVibGljX2lkIjoxNTk0MzY5MDEyOTAyLCJjaGFyaXR5X2lkIjoiIiwidXBkYXRlZEF0IjoiMjAyMC0wNy0xMFQwODoxNjo1Mi45MDJaIiwiY3JlYXRlZEF0IjoiMjAyMC0wNy0xMFQwODoxNjo1Mi45MDJaIiwiaWF0IjoxNTk0MzY5MDEyfQ.eYEarT5gv1Dpk5VG2QVG03-8J_VETl2E86z5U1JHjVw', 1, '2020-07-10 08:16:52', '2020-07-10 08:16:52', 258),
(44, NULL, '0', '12.4.7', 'iPhone 6', '1', 'o1Gkq9W61V', 0, '', 'eyJhbGciOiJIUzI1NiIsInR5cCI6IkpXVCJ9.eyJzdWJzY3JpcHRpb25fc3RhdHVzIjoxLCJsb2dpbmF0dGVtcHQiOm51bGwsInN0YXR1cyI6MSwiaWQiOjI1OSwiZW1haWwiOiJMaXZrQGdtYWlsLmNvbSIsInBhc3N3b3JkIjoiJDJhJDEwJHh1Y2xTbzV1cWxQdW15dFE3YlN4ZmVDWFllVHFJUGFtZGxjUzdlRG81cGE5ZHQyOTRLNHlXIiwicHVibGljX2lkIjoxNTk0MzY5MzA1MTM0LCJjaGFyaXR5X2lkIjoiIiwidXBkYXRlZEF0IjoiMjAyMC0wNy0xMFQwODoyMTo0NS4xMzVaIiwiY3JlYXRlZEF0IjoiMjAyMC0wNy0xMFQwODoyMTo0NS4xMzVaIiwiaWF0IjoxNTk0MzY5MzA1fQ.sv4Y6vNGjRlB4-pQsV7e3CmbFXxtNf7g83v0yZGptU8', 1, '2020-07-10 08:21:45', '2020-07-10 08:21:45', 259),
(45, NULL, '0', '12.4.7', 'iPhone 6', '1', 'GMQn4zr3Et', 0, '', 'eyJhbGciOiJIUzI1NiIsInR5cCI6IkpXVCJ9.eyJzdWJzY3JpcHRpb25fc3RhdHVzIjoxLCJsb2dpbmF0dGVtcHQiOm51bGwsInN0YXR1cyI6MSwiaWQiOjI2MCwiZW1haWwiOiJnaXZlQGdtYWlsLmNvbSIsInBhc3N3b3JkIjoiJDJhJDEwJGhaWnFiblhadlhXOG83ZmxnQWE2UC5STmlpVEJ0c0JmbEE4eVlWN1BkbFAyb203dzJxYU1pIiwicHVibGljX2lkIjoxNTk0MzcwMDg0NzM2LCJjaGFyaXR5X2lkIjoiIiwidXBkYXRlZEF0IjoiMjAyMC0wNy0xMFQwODozNDo0NC43MzdaIiwiY3JlYXRlZEF0IjoiMjAyMC0wNy0xMFQwODozNDo0NC43MzdaIiwiaWF0IjoxNTk0MzcwMDg0fQ.ggVzhogO-3PRBwowZI72AkOp2EeQwe2gmFjZ0hQH1EI', 1, '2020-07-10 08:34:44', '2020-07-10 08:34:44', 260),
(46, NULL, '1', '1', 'samsung/SM-M307F', '1.0', '4c2bef916954e3d7', 0, 'GB', NULL, 0, '2020-07-10 08:48:34', '2020-07-21 13:03:44', 398),
(47, NULL, '0', '13.1.0', 'Simulator iPhone 8', '1', 'OkIgMvb4x2', 0, '', NULL, 0, '2020-07-10 08:59:24', '2020-07-24 10:18:31', 2),
(48, NULL, '1', '1', 'samsung/SM-A505F', '1.0', 'b3310987fc1d80a0', 0, 'GB', 'eyJhbGciOiJIUzI1NiIsInR5cCI6IkpXVCJ9.eyJpZCI6MTIsInB1YmxpY19pZCI6IjE1OTIzOTEyOTExOTciLCJlbWFpbCI6InZpamF5QHQuaW4iLCJwYXNzd29yZCI6IiQyYSQxMCQ0SG8xa0ZMZ0Z2RTRxV2p4dkdXUE4uT3d2VXRwcFZoUUJlL1F6bnpReWFGeWw2SlNSRXE0LiIsImF2YXRhcl9pZCI6bnVsbCwib3RwIjpudWxsLCJjaGFyaXR5X2lkIjoiIiwicmVzZXRfcGFzc3dvcmRfdG9rZW4iOm51bGwsInN1YnNjcmlwdGlvbl9zdGF0dXMiOjEsImxvZ2luYXR0ZW1wdCI6bnVsbCwicGFzc3dvcmRfY291bnQiOjIsImxhc3RfbG9naW5fZGF0ZSI6IjIwMjAtMDctMjdUMDg6Mjg6MzYuMDAwWiIsInJlc2V0X3Bhc3N3b3JkX2RhdGUiOiIyMDIwLTA3LTI3VDA4OjI4OjUzLjAwMFoiLCJzdGF0dXMiOjEsImNyZWF0ZWRBdCI6IjIwMjAtMDYtMTdUMTA6NTQ6NTEuMDAwWiIsInVwZGF0ZWRBdCI6IjIwMjAtMDctMjdUMDg6Mjg6NTMuMDAwWiIsImlhdCI6MTU5NTgzODU0Nn0.eleAibPAis2_9JokI_sthYO6EfBTA1F60UdiMsrihbY', 1, '2020-07-10 09:31:13', '2020-07-27 08:29:10', 12),
(49, NULL, '1', '1', 'samsung/SM-A505F', '1.0', 'b3310987fc1d80a0', 0, 'GB', 'eyJhbGciOiJIUzI1NiIsInR5cCI6IkpXVCJ9.eyJpZCI6MTIsInB1YmxpY19pZCI6IjE1OTIzOTEyOTExOTciLCJlbWFpbCI6InZpamF5QHQuaW4iLCJwYXNzd29yZCI6IiQyYSQxMCQ0SG8xa0ZMZ0Z2RTRxV2p4dkdXUE4uT3d2VXRwcFZoUUJlL1F6bnpReWFGeWw2SlNSRXE0LiIsImF2YXRhcl9pZCI6bnVsbCwib3RwIjpudWxsLCJjaGFyaXR5X2lkIjoiIiwicmVzZXRfcGFzc3dvcmRfdG9rZW4iOm51bGwsInN1YnNjcmlwdGlvbl9zdGF0dXMiOjEsImxvZ2luYXR0ZW1wdCI6bnVsbCwicGFzc3dvcmRfY291bnQiOjIsImxhc3RfbG9naW5fZGF0ZSI6IjIwMjAtMDctMjdUMDg6Mjg6MzYuMDAwWiIsInJlc2V0X3Bhc3N3b3JkX2RhdGUiOiIyMDIwLTA3LTI3VDA4OjI4OjUzLjAwMFoiLCJzdGF0dXMiOjEsImNyZWF0ZWRBdCI6IjIwMjAtMDYtMTdUMTA6NTQ6NTEuMDAwWiIsInVwZGF0ZWRBdCI6IjIwMjAtMDctMjdUMDg6Mjg6NTMuMDAwWiIsImlhdCI6MTU5NTgzODU0Nn0.eleAibPAis2_9JokI_sthYO6EfBTA1F60UdiMsrihbY', 1, '2020-07-10 09:56:59', '2020-07-27 08:29:10', 12),
(50, NULL, '1', '1', 'samsung/SM-M307F', '1.0', '4c2bef916954e3d7', 0, 'GB', NULL, 0, '2020-07-10 10:02:33', '2020-07-21 13:03:44', 398),
(52, NULL, '1', '1', 'Google/Android SDK built for x86', '1.0', '2a79ec4a652cb232', 1, 'US', 'eyJhbGciOiJIUzI1NiIsInR5cCI6IkpXVCJ9.eyJzdWJzY3JpcHRpb25fc3RhdHVzIjoxLCJsb2dpbmF0dGVtcHQiOm51bGwsInN0YXR1cyI6MSwiaWQiOjI2NSwiZW1haWwiOiJzZnMubmF2am90MTlAZ21haWwuY29tIiwicGFzc3dvcmQiOiIkMmEkMTAkQWt0aWRWQlZlZmVLOVNaTHFzeS5VLmdIMzFzU24yMnJWUzJkM3hOYW9ocEVmN2dQbmIwR3UiLCJwdWJsaWNfaWQiOjE1OTQzNzk4NjE4NzksImNoYXJpdHlfaWQiOiIiLCJ1cGRhdGVkQXQiOiIyMDIwLTA3LTEwVDExOjE3OjQxLjg3OVoiLCJjcmVhdGVkQXQiOiIyMDIwLTA3LTEwVDExOjE3OjQxLjg3OVoiLCJpYXQiOjE1OTQzNzk4NjF9.t0bqrEHpcRBoa0I2GBf5C_b7cUksbC78XTYgEJfprNI', 1, '2020-07-10 11:17:41', '2020-07-24 09:53:02', 265),
(53, NULL, '0', '13.5.1', 'iPhone 11', '1', '123456789', 0, '', NULL, 0, '2020-07-10 11:28:43', '2020-07-23 20:18:07', 115),
(54, NULL, '1', '1', 'samsung/SM-T385', '1.0', 'b0750032b3bb99f6', 1, 'GB', NULL, 0, '2020-07-10 11:52:15', '2020-07-27 08:28:53', 12),
(55, NULL, '0', '13.1.0', 'Simulator iPhone 8', '1', 'IBbqOUnI4E', 0, '', NULL, 0, '2020-07-10 12:12:56', '2020-07-24 10:18:31', 2),
(56, NULL, '0', '13.1.0', 'Simulator iPhone 8', '1', '6fSmKIh3fL', 0, '', NULL, 0, '2020-07-10 12:14:53', '2020-07-24 10:18:31', 2),
(57, NULL, '1', '1', 'samsung/SM-T385', '1.0', 'd4e3b7ed4e438337', 0, 'GB', NULL, 0, '2020-07-10 12:42:47', '2020-07-24 10:16:52', 54),
(58, NULL, '1', '1', 'samsung/SM-M307F', '1.0', 'c891776bd8d73343', 0, 'GB', 'eyJhbGciOiJIUzI1NiIsInR5cCI6IkpXVCJ9.eyJzdWJzY3JpcHRpb25fc3RhdHVzIjoxLCJsb2dpbmF0dGVtcHQiOm51bGwsInN0YXR1cyI6MSwiaWQiOjI2NiwiZW1haWwiOiJiaW5hQGdtYWlsLmNvbSIsInBhc3N3b3JkIjoiJDJhJDEwJGN5cy9vNVl2eVVmUExZZnRUZW1teE9wUmFVelhEWFlRd3FnT0U2NEM1YlRsbFRyQVdHbEEuIiwicHVibGljX2lkIjoxNTk0Mzg1NTc0MjE4LCJjaGFyaXR5X2lkIjoiOCw4LDYiLCJ1cGRhdGVkQXQiOiIyMDIwLTA3LTEwVDEyOjUyOjU0LjIxOVoiLCJjcmVhdGVkQXQiOiIyMDIwLTA3LTEwVDEyOjUyOjU0LjIxOVoiLCJpYXQiOjE1OTQzODU1NzR9.dOV2YDBRHKNAMrGC7YURp7G3Ihgx7Zm8g0CL86pLugw', 1, '2020-07-10 12:52:54', '2020-07-10 12:52:54', 266),
(59, NULL, '0', '13.1.0', 'Simulator iPad11,3', '1', 'MU84fwPjos', 0, '', NULL, 0, '2020-07-10 13:07:28', '2020-07-24 10:18:31', 2),
(60, NULL, '1', '1', 'samsung/SM-T385', '1.0', 'b0750032b3bb99f6', 1, 'GB', NULL, 0, '2020-07-10 13:15:56', '2020-07-27 08:28:53', 12),
(61, NULL, '0', '12.4.7', 'iPhone 6', '1', 'K86RiepVYW', 0, '', '', 0, '2020-07-10 13:35:46', '2020-07-10 13:42:47', 267),
(62, NULL, '0', '13.1.0', 'Simulator iPad11,3', '1', 'T0CmmfnQ4Z', 0, '', NULL, 0, '2020-07-10 13:36:38', '2020-07-24 10:18:31', 2),
(63, NULL, '0', '12.4.7', 'iPhone 6', '1', 'mTBwizaagk', 0, '', '', 0, '2020-07-10 13:43:52', '2020-07-10 13:49:10', 268),
(64, NULL, '0', '12.4.7', 'iPhone 6', '1', 'CYTZ70thvP', 0, '', 'eyJhbGciOiJIUzI1NiIsInR5cCI6IkpXVCJ9.eyJzdWJzY3JpcHRpb25fc3RhdHVzIjoxLCJsb2dpbmF0dGVtcHQiOm51bGwsInN0YXR1cyI6MSwiaWQiOjI2OSwiZW1haWwiOiJzaXNrQGdtYWlsLmNvbSIsInBhc3N3b3JkIjoiJDJhJDEwJFBrUzZSaEQyQnBiQlNKUDM1eVpWOS5sRkZ6LnJyRUxEQkp0cEYvSVZmOURVOFVkN2JPRHVlIiwicHVibGljX2lkIjoxNTk0Mzg4OTk3NjI3LCJjaGFyaXR5X2lkIjoiIiwidXBkYXRlZEF0IjoiMjAyMC0wNy0xMFQxMzo0OTo1Ny42MjdaIiwiY3JlYXRlZEF0IjoiMjAyMC0wNy0xMFQxMzo0OTo1Ny42MjdaIiwiaWF0IjoxNTk0Mzg4OTk3fQ.PkQI-ZdX761vR3BemRtZABWhjNIECr4KnPBDS--WNKU', 1, '2020-07-10 13:49:57', '2020-07-10 13:49:57', 269),
(65, NULL, '0', '13.1.0', 'Simulator iPad11,3', '1', 'detoJK4hhK', 0, '', '', 0, '2020-07-10 13:56:39', '2020-07-11 05:32:38', 247),
(66, NULL, '0', '12.4.7', 'iPhone 6', '1', '4ahAHRztAU', 0, '', '', 0, '2020-07-10 14:10:37', '2020-07-10 14:17:48', 270),
(67, NULL, '0', '12.4.7', 'iPhone 6', '1', 'AhE5wuSObt', 0, '', '', 0, '2020-07-10 14:19:27', '2020-07-10 14:19:54', 270),
(68, NULL, '0', '12.4.7', 'iPhone 6', '1', '71fHniHEMt', 0, '', '', 0, '2020-07-10 14:20:35', '2020-07-10 14:21:21', 270),
(69, NULL, '0', '12.4.7', 'iPhone 6', '1', 'T78v9rjPZl', 0, '', '', 0, '2020-07-10 14:22:18', '2020-07-10 14:22:29', 271),
(70, NULL, '0', '12.4.7', 'iPhone 6', '1', 'mwm1AjobMg', 0, '', '', 0, '2020-07-10 14:22:47', '2020-07-10 14:23:56', 271),
(71, NULL, '0', '12.4.7', 'iPhone 6', '1', 'pl864r8Ihh', 0, '', '', 0, '2020-07-10 14:24:17', '2020-07-11 04:44:41', 271),
(72, NULL, '0', '13.5.1', 'iPad (7th generation)', '1', 'RQnhgdHvM0', 0, '', NULL, 0, '2020-07-10 15:19:53', '2020-07-23 20:18:07', 115),
(73, NULL, '0', '13.5.1', 'iPad Pro (12.9-inch) (4th generation)', '1', '3P1sQ5aw63', 0, '', NULL, 0, '2020-07-10 18:17:41', '2020-07-23 20:18:07', 115),
(74, NULL, '0', '13.4.1', 'iPad mini 4', '1', 'XiqkMo9Afp', 0, '', NULL, 0, '2020-07-10 22:44:41', '2020-07-23 22:32:30', 72),
(75, NULL, '0', '13.5.1', 'iPhone XS', '1', 'cfV9QN5Fze', 0, '', 'eyJhbGciOiJIUzI1NiIsInR5cCI6IkpXVCJ9.eyJpZCI6MjMxLCJwdWJsaWNfaWQiOiIxNTk0MjYxMzE3NDY3IiwiZW1haWwiOiJ3aXNlZGFkQHdpc2UuY29tIiwicGFzc3dvcmQiOiIkMmEkMTAkQ3lPSjlJbnBEckQySEJYQk9GQXFvdXM2T0VJVE1ZTFh1RUh3clVyV0p5MU9oYWlGbnVBVnUiLCJhdmF0YXJfaWQiOm51bGwsIm90cCI6bnVsbCwiY2hhcml0eV9pZCI6IiIsInJlc2V0X3Bhc3N3b3JkX3Rva2VuIjpudWxsLCJzdWJzY3JpcHRpb25fc3RhdHVzIjoxLCJsb2dpbmF0dGVtcHQiOm51bGwsInBhc3N3b3JkX2NvdW50IjowLCJsYXN0X2xvZ2luX2RhdGUiOm51bGwsInJlc2V0X3Bhc3N3b3JkX2RhdGUiOm51bGwsInN0YXR1cyI6MSwiY3JlYXRlZEF0IjoiMjAyMC0wNy0wOVQwMjoyMTo1Ny4wMDBaIiwidXBkYXRlZEF0IjoiMjAyMC0wNy0xMFQwMzozMDoxNi4wMDBaIiwiaWF0IjoxNTk0NDIzODk3fQ.8ox2OLPg4Xc3lIADnKej19LkA_ANWUbXOjUpcCJR4SY', 1, '2020-07-10 23:31:37', '2020-07-10 23:31:37', 231),
(76, NULL, '0', '13.5.1', 'iPad Pro (12.9-inch) (4th generation)', '1', 'i2uN1Iq2J9', 0, '', '', 0, '2020-07-10 23:39:37', '2020-07-10 23:42:37', 272),
(77, NULL, '0', '13.5.1', 'iPad Pro (12.9-inch) (4th generation)', '1', 'SPwyhD0zzl', 0, '', '', 0, '2020-07-11 00:33:15', '2020-07-13 02:42:03', 273),
(78, NULL, '0', '13.1.0', 'Simulator iPhone 11 Pro Max', '1', 'DEGA4pwFQL', 0, '', 'eyJhbGciOiJIUzI1NiIsInR5cCI6IkpXVCJ9.eyJpZCI6NjEsInB1YmxpY19pZCI6IjE1OTMwNjMzMDM1NzIiLCJlbWFpbCI6IlZpa2FzQGdtYWlsLmNvbSIsInBhc3N3b3JkIjoiJDJhJDEwJGFkZXRWbkJwTThqMllwOGtXeVNhOS5zLjBieUZXR0RDVi9JVEwubTB2ZkV1MmRtU0ZYTW1HIiwiYXZhdGFyX2lkIjpudWxsLCJvdHAiOm51bGwsImNoYXJpdHlfaWQiOiI4IiwicmVzZXRfcGFzc3dvcmRfdG9rZW4iOm51bGwsInN1YnNjcmlwdGlvbl9zdGF0dXMiOjEsImxvZ2luYXR0ZW1wdCI6bnVsbCwicGFzc3dvcmRfY291bnQiOjAsImxhc3RfbG9naW5fZGF0ZSI6bnVsbCwicmVzZXRfcGFzc3dvcmRfZGF0ZSI6bnVsbCwic3RhdHVzIjoxLCJjcmVhdGVkQXQiOiIyMDIwLTA2LTI1VDA1OjM1OjAzLjAwMFoiLCJ1cGRhdGVkQXQiOiIyMDIwLTA3LTEwVDA2OjQzOjA3LjAwMFoiLCJpYXQiOjE1OTQ0MzkyMTJ9.JAv0UC35LyKWp4t0ATZ5RbxKLnQDRar062RBbhabpNA', 1, '2020-07-11 03:46:52', '2020-07-11 03:46:52', 61),
(79, NULL, '0', '12.4.7', 'iPhone 6', '1', 'OKnuZpmb58', 0, '', '', 0, '2020-07-11 04:47:44', '2020-07-11 05:05:52', 274),
(80, NULL, '1', '1', 'samsung/SM-M307F', '1.0', 'c891776bd8d73343', 0, 'GB', 'eyJhbGciOiJIUzI1NiIsInR5cCI6IkpXVCJ9.eyJzdWJzY3JpcHRpb25fc3RhdHVzIjoxLCJsb2dpbmF0dGVtcHQiOm51bGwsInN0YXR1cyI6MSwiaWQiOjI3NSwiZW1haWwiOiJrbUBnbWFpbC5jb20iLCJwYXNzd29yZCI6IiQyYSQxMCRmR0ZuQUlPdVVyRlQyb2h4U1plWnBldGhRY3d1eGJJeHFNVGNiY3RtMFR0Z1UxODhiL2R6SyIsInB1YmxpY19pZCI6MTU5NDQ0MzQ2MDUyNiwiY2hhcml0eV9pZCI6IiIsInVwZGF0ZWRBdCI6IjIwMjAtMDctMTFUMDQ6NTc6NDAuNTI2WiIsImNyZWF0ZWRBdCI6IjIwMjAtMDctMTFUMDQ6NTc6NDAuNTI2WiIsImlhdCI6MTU5NDQ0MzQ2MH0.SpwWhvSV9__zSOWJ1VpyJ-UnR8nQhrdqmAZfhyEk8Gw', 1, '2020-07-11 04:57:40', '2020-07-11 04:57:40', 275),
(81, NULL, '0', '12.4.7', 'iPhone 6', '1', 'WBgoVu3NLZ', 0, '', '', 0, '2020-07-11 05:06:42', '2020-07-11 05:44:03', 106),
(82, NULL, '0', '13.1.0', 'Simulator iPad11,3', '1', 'pDp1U4E0CV', 0, '', NULL, 0, '2020-07-11 05:45:38', '2020-07-24 10:18:31', 2),
(83, NULL, '1', '1', 'samsung/SM-M205F', '1.0', '53f7e933515c22b0', 0, 'GB', 'eyJhbGciOiJIUzI1NiIsInR5cCI6IkpXVCJ9.eyJpZCI6NzAsInB1YmxpY19pZCI6IjE1OTMxNjkyMTEwNTkiLCJlbWFpbCI6ImJiQGdtYWlsLmNvbSIsInBhc3N3b3JkIjoiJDJhJDEwJDNKaUVtaHFPN0FmQVBqWVVva3Z1US54UGZGZzUzZ2M1V3IwM1Nwb2pRN2NPWkxMODVQN3VpIiwiYXZhdGFyX2lkIjpudWxsLCJvdHAiOm51bGwsImNoYXJpdHlfaWQiOiI1LDYsNCIsInJlc2V0X3Bhc3N3b3JkX3Rva2VuIjpudWxsLCJzdWJzY3JpcHRpb25fc3RhdHVzIjoxLCJsb2dpbmF0dGVtcHQiOm51bGwsInBhc3N3b3JkX2NvdW50IjowLCJsYXN0X2xvZ2luX2RhdGUiOm51bGwsInJlc2V0X3Bhc3N3b3JkX2RhdGUiOm51bGwsInN0YXR1cyI6MSwiY3JlYXRlZEF0IjoiMjAyMC0wNi0yNlQxMTowMDoxMS4wMDBaIiwidXBkYXRlZEF0IjoiMjAyMC0wNy0yMlQwNDo0NTowNi4wMDBaIiwiaWF0IjoxNTk1NTkzNDQ3fQ.ZZie8wUNmayRwfXRDO-pHnNWZ9uXcbZ-JpV8Qh_OlAY', 1, '2020-07-11 06:01:44', '2020-07-24 12:24:11', 70),
(84, NULL, '1', '1', 'samsung/SM-T385', '1.0', 'b0750032b3bb99f6', 1, 'GB', NULL, 0, '2020-07-11 06:04:55', '2020-07-27 08:28:53', 12),
(85, NULL, '0', '13.1.0', 'Simulator iPhone 8', '1', 'xoC0kL0fTE', 0, '', 'eyJhbGciOiJIUzI1NiIsInR5cCI6IkpXVCJ9.eyJpZCI6NjEsInB1YmxpY19pZCI6IjE1OTMwNjMzMDM1NzIiLCJlbWFpbCI6IlZpa2FzQGdtYWlsLmNvbSIsInBhc3N3b3JkIjoiJDJhJDEwJGFkZXRWbkJwTThqMllwOGtXeVNhOS5zLjBieUZXR0RDVi9JVEwubTB2ZkV1MmRtU0ZYTW1HIiwiYXZhdGFyX2lkIjpudWxsLCJvdHAiOm51bGwsImNoYXJpdHlfaWQiOiI4IiwicmVzZXRfcGFzc3dvcmRfdG9rZW4iOm51bGwsInN1YnNjcmlwdGlvbl9zdGF0dXMiOjEsImxvZ2luYXR0ZW1wdCI6bnVsbCwicGFzc3dvcmRfY291bnQiOjAsImxhc3RfbG9naW5fZGF0ZSI6bnVsbCwicmVzZXRfcGFzc3dvcmRfZGF0ZSI6bnVsbCwic3RhdHVzIjoxLCJjcmVhdGVkQXQiOiIyMDIwLTA2LTI1VDA1OjM1OjAzLjAwMFoiLCJ1cGRhdGVkQXQiOiIyMDIwLTA3LTExVDA2OjA4OjI5LjAwMFoiLCJpYXQiOjE1OTQ0NDc3Njl9.7qkbpyyRU_5rKOOm0UPWCW5GOOb2c0eDKsbfA-4ltw0', 1, '2020-07-11 06:09:29', '2020-07-11 06:09:29', 61),
(86, NULL, '1', '1', 'samsung/SM-M307F', '1.0', '4c2bef916954e3d7', 0, 'GB', NULL, 0, '2020-07-11 06:18:40', '2020-07-21 13:03:44', 398),
(87, NULL, '1', '1', 'samsung/SM-T385', '1.0', 'b0750032b3bb99f6', 1, 'GB', NULL, 0, '2020-07-11 06:36:21', '2020-07-27 08:28:53', 12),
(88, NULL, '1', '1', 'samsung/SM-M205F', '1.0', '53f7e933515c22b0', 0, 'GB', 'eyJhbGciOiJIUzI1NiIsInR5cCI6IkpXVCJ9.eyJpZCI6NzAsInB1YmxpY19pZCI6IjE1OTMxNjkyMTEwNTkiLCJlbWFpbCI6ImJiQGdtYWlsLmNvbSIsInBhc3N3b3JkIjoiJDJhJDEwJDNKaUVtaHFPN0FmQVBqWVVva3Z1US54UGZGZzUzZ2M1V3IwM1Nwb2pRN2NPWkxMODVQN3VpIiwiYXZhdGFyX2lkIjpudWxsLCJvdHAiOm51bGwsImNoYXJpdHlfaWQiOiI1LDYsNCIsInJlc2V0X3Bhc3N3b3JkX3Rva2VuIjpudWxsLCJzdWJzY3JpcHRpb25fc3RhdHVzIjoxLCJsb2dpbmF0dGVtcHQiOm51bGwsInBhc3N3b3JkX2NvdW50IjowLCJsYXN0X2xvZ2luX2RhdGUiOm51bGwsInJlc2V0X3Bhc3N3b3JkX2RhdGUiOm51bGwsInN0YXR1cyI6MSwiY3JlYXRlZEF0IjoiMjAyMC0wNi0yNlQxMTowMDoxMS4wMDBaIiwidXBkYXRlZEF0IjoiMjAyMC0wNy0yMlQwNDo0NTowNi4wMDBaIiwiaWF0IjoxNTk1NTkzNDQ3fQ.ZZie8wUNmayRwfXRDO-pHnNWZ9uXcbZ-JpV8Qh_OlAY', 1, '2020-07-11 06:52:23', '2020-07-24 12:24:11', 70),
(89, NULL, '0', '13.1.0', 'Simulator iPad11,3', '1', 'Soo3EA506r', 0, '', NULL, 0, '2020-07-11 07:07:40', '2020-07-24 10:18:31', 2),
(90, NULL, '1', '1', 'Xiaomi/Redmi Note 7 Pro', '1.0', '481fefca1a0e8881', 0, 'IN', 'eyJhbGciOiJIUzI1NiIsInR5cCI6IkpXVCJ9.eyJzdWJzY3JpcHRpb25fc3RhdHVzIjoxLCJsb2dpbmF0dGVtcHQiOm51bGwsInN0YXR1cyI6MSwiaWQiOjI3OSwiZW1haWwiOiJzZnMuY2hpdGVzaDIwQGdtYWlsLmNvbSIsInBhc3N3b3JkIjoiJDJhJDEwJC43SEFFN1cyYUtOcy9xSkxYbFAvcmVDNmRycVEzc0RZdGdKRGdvSGFqNEJ5ejMyMnFMU0ZPIiwicHVibGljX2lkIjoxNTk0NDUyNDUxNTYxLCJjaGFyaXR5X2lkIjoiOCIsInVwZGF0ZWRBdCI6IjIwMjAtMDctMTFUMDc6Mjc6MzEuNTYyWiIsImNyZWF0ZWRBdCI6IjIwMjAtMDctMTFUMDc6Mjc6MzEuNTYyWiIsImlhdCI6MTU5NDQ1MjQ1MX0.pja0jzUZ4tmypI_oX1GYOQyprCyYKlOyZ5xRqFLNDvE', 1, '2020-07-11 07:27:31', '2020-07-11 07:27:31', 279),
(91, NULL, '1', '1', 'samsung/SM-M205F', '1.0', '53f7e933515c22b0', 0, 'GB', 'eyJhbGciOiJIUzI1NiIsInR5cCI6IkpXVCJ9.eyJpZCI6NzAsInB1YmxpY19pZCI6IjE1OTMxNjkyMTEwNTkiLCJlbWFpbCI6ImJiQGdtYWlsLmNvbSIsInBhc3N3b3JkIjoiJDJhJDEwJDNKaUVtaHFPN0FmQVBqWVVva3Z1US54UGZGZzUzZ2M1V3IwM1Nwb2pRN2NPWkxMODVQN3VpIiwiYXZhdGFyX2lkIjpudWxsLCJvdHAiOm51bGwsImNoYXJpdHlfaWQiOiI1LDYsNCIsInJlc2V0X3Bhc3N3b3JkX3Rva2VuIjpudWxsLCJzdWJzY3JpcHRpb25fc3RhdHVzIjoxLCJsb2dpbmF0dGVtcHQiOm51bGwsInBhc3N3b3JkX2NvdW50IjowLCJsYXN0X2xvZ2luX2RhdGUiOm51bGwsInJlc2V0X3Bhc3N3b3JkX2RhdGUiOm51bGwsInN0YXR1cyI6MSwiY3JlYXRlZEF0IjoiMjAyMC0wNi0yNlQxMTowMDoxMS4wMDBaIiwidXBkYXRlZEF0IjoiMjAyMC0wNy0yMlQwNDo0NTowNi4wMDBaIiwiaWF0IjoxNTk1NTkzNDQ3fQ.ZZie8wUNmayRwfXRDO-pHnNWZ9uXcbZ-JpV8Qh_OlAY', 1, '2020-07-11 07:29:20', '2020-07-24 12:24:11', 70),
(92, NULL, '1', '1', 'samsung/SM-M307F', '1.0', '4c2bef916954e3d7', 0, 'GB', NULL, 0, '2020-07-11 08:03:54', '2020-07-21 13:03:44', 398),
(93, NULL, '1', '1', 'samsung/SM-T385', '1.0', 'b0750032b3bb99f6', 1, 'GB', NULL, 0, '2020-07-11 08:17:59', '2020-07-27 08:28:53', 12),
(94, NULL, '0', '12.4.7', 'iPhone 6', '1', 'W4nyMgH8bR', 0, '', 'eyJhbGciOiJIUzI1NiIsInR5cCI6IkpXVCJ9.eyJzdWJzY3JpcHRpb25fc3RhdHVzIjoxLCJsb2dpbmF0dGVtcHQiOm51bGwsInN0YXR1cyI6MSwiaWQiOjI4MiwiZW1haWwiOiJhc2hpaUBnbWFpbC5jb20iLCJwYXNzd29yZCI6IiQyYSQxMCQ0SXdRZzY5clR4RDlUS0h4dDkxTTNPSGRsU3hHSHI2MTQ3SUtRQjd1MFlGVGZINDdmOVM2QyIsInB1YmxpY19pZCI6MTU5NDQ1NzE0NDUzMiwiY2hhcml0eV9pZCI6IiIsInVwZGF0ZWRBdCI6IjIwMjAtMDctMTFUMDg6NDU6NDQuNTMyWiIsImNyZWF0ZWRBdCI6IjIwMjAtMDctMTFUMDg6NDU6NDQuNTMyWiIsImlhdCI6MTU5NDQ1NzE0NH0.1da9uR3-ScfFCT4WJlxGwLLni-rhxaRF0eakwRU4BBo', 1, '2020-07-11 08:45:44', '2020-07-11 08:45:44', 282),
(96, NULL, '1', '1', 'Xiaomi/Redmi Note 7 Pro', '1.0', 'fa333b11e8807cee', 1, 'IN', 'eyJhbGciOiJIUzI1NiIsInR5cCI6IkpXVCJ9.eyJpZCI6Mjc5LCJwdWJsaWNfaWQiOiIxNTk0NDUyNDUxNTYxIiwiZW1haWwiOiJzZnMuY2hpdGVzaDIwQGdtYWlsLmNvbSIsInBhc3N3b3JkIjoiJDJhJDEwJC43SEFFN1cyYUtOcy9xSkxYbFAvcmVDNmRycVEzc0RZdGdKRGdvSGFqNEJ5ejMyMnFMU0ZPIiwiYXZhdGFyX2lkIjpudWxsLCJvdHAiOm51bGwsImNoYXJpdHlfaWQiOiI4IiwicmVzZXRfcGFzc3dvcmRfdG9rZW4iOm51bGwsInN1YnNjcmlwdGlvbl9zdGF0dXMiOjEsImxvZ2luYXR0ZW1wdCI6bnVsbCwicGFzc3dvcmRfY291bnQiOjAsImxhc3RfbG9naW5fZGF0ZSI6bnVsbCwicmVzZXRfcGFzc3dvcmRfZGF0ZSI6bnVsbCwic3RhdHVzIjoxLCJjcmVhdGVkQXQiOiIyMDIwLTA3LTExVDA3OjI3OjMxLjAwMFoiLCJ1cGRhdGVkQXQiOiIyMDIwLTA3LTEzVDA2OjMyOjU2LjAwMFoiLCJpYXQiOjE1OTU0OTE2MzB9.bscbRIgHlnupQGRS1-4Vcoy0XBbnrOgJseqIXUyGm24', 1, '2020-07-11 08:55:06', '2020-07-23 08:07:10', 279),
(97, NULL, '0', '13.1.0', 'Simulator iPad Pro (9.7-inch)', '1', 'Fu0U5TI5BX', 0, '', 'eyJhbGciOiJIUzI1NiIsInR5cCI6IkpXVCJ9.eyJpZCI6NjEsInB1YmxpY19pZCI6IjE1OTMwNjMzMDM1NzIiLCJlbWFpbCI6IlZpa2FzQGdtYWlsLmNvbSIsInBhc3N3b3JkIjoiJDJhJDEwJGFkZXRWbkJwTThqMllwOGtXeVNhOS5zLjBieUZXR0RDVi9JVEwubTB2ZkV1MmRtU0ZYTW1HIiwiYXZhdGFyX2lkIjpudWxsLCJvdHAiOm51bGwsImNoYXJpdHlfaWQiOiI4IiwicmVzZXRfcGFzc3dvcmRfdG9rZW4iOm51bGwsInN1YnNjcmlwdGlvbl9zdGF0dXMiOjEsImxvZ2luYXR0ZW1wdCI6bnVsbCwicGFzc3dvcmRfY291bnQiOjAsImxhc3RfbG9naW5fZGF0ZSI6bnVsbCwicmVzZXRfcGFzc3dvcmRfZGF0ZSI6bnVsbCwic3RhdHVzIjoxLCJjcmVhdGVkQXQiOiIyMDIwLTA2LTI1VDA1OjM1OjAzLjAwMFoiLCJ1cGRhdGVkQXQiOiIyMDIwLTA3LTExVDA2OjU0OjEwLjAwMFoiLCJpYXQiOjE1OTQ0NTg0MjJ9.bC_tHoyyleuAuJovEX5d_25twO0Wxx5OcbrlYQiG9Pg', 1, '2020-07-11 09:07:02', '2020-07-11 09:07:02', 61),
(98, NULL, '1', '1', 'samsung/SM-M307F', '1.0', 'c891776bd8d73343', 0, 'GB', 'eyJhbGciOiJIUzI1NiIsInR5cCI6IkpXVCJ9.eyJzdWJzY3JpcHRpb25fc3RhdHVzIjoxLCJsb2dpbmF0dGVtcHQiOm51bGwsInN0YXR1cyI6MSwiaWQiOjI4MywiZW1haWwiOiJsaWxpQGdtYWlsLmNvbSIsInBhc3N3b3JkIjoiJDJhJDEwJHZvTEFueFdPQXhacnM3eWt0UnZGdXUzMlNaUFFWaTE3akk3UUI4ZE5qYVVSMk5wRjdRL0o2IiwicHVibGljX2lkIjoxNTk0NDU4NzE5MzM1LCJjaGFyaXR5X2lkIjoiIiwidXBkYXRlZEF0IjoiMjAyMC0wNy0xMVQwOToxMTo1OS4zMzVaIiwiY3JlYXRlZEF0IjoiMjAyMC0wNy0xMVQwOToxMTo1OS4zMzVaIiwiaWF0IjoxNTk0NDU4NzE5fQ.mACb0hJ9Cgq7QfqfkrHKc5FGSjgo36HT8RTv7XHKczk', 1, '2020-07-11 09:11:59', '2020-07-11 09:11:59', 283),
(99, NULL, '0', '13.1.0', 'Simulator iPad11,3', '1', 'KStU2x97MB', 0, '', NULL, 0, '2020-07-11 09:25:07', '2020-07-24 10:18:31', 2),
(100, NULL, '0', '13.1.0', 'Simulator iPad Pro (11-inch) (1st generation)', '1', 'DQ431GTnAv', 0, '', 'eyJhbGciOiJIUzI1NiIsInR5cCI6IkpXVCJ9.eyJpZCI6NjEsInB1YmxpY19pZCI6IjE1OTMwNjMzMDM1NzIiLCJlbWFpbCI6IlZpa2FzQGdtYWlsLmNvbSIsInBhc3N3b3JkIjoiJDJhJDEwJGFkZXRWbkJwTThqMllwOGtXeVNhOS5zLjBieUZXR0RDVi9JVEwubTB2ZkV1MmRtU0ZYTW1HIiwiYXZhdGFyX2lkIjpudWxsLCJvdHAiOm51bGwsImNoYXJpdHlfaWQiOiI4IiwicmVzZXRfcGFzc3dvcmRfdG9rZW4iOm51bGwsInN1YnNjcmlwdGlvbl9zdGF0dXMiOjEsImxvZ2luYXR0ZW1wdCI6bnVsbCwicGFzc3dvcmRfY291bnQiOjAsImxhc3RfbG9naW5fZGF0ZSI6bnVsbCwicmVzZXRfcGFzc3dvcmRfZGF0ZSI6bnVsbCwic3RhdHVzIjoxLCJjcmVhdGVkQXQiOiIyMDIwLTA2LTI1VDA1OjM1OjAzLjAwMFoiLCJ1cGRhdGVkQXQiOiIyMDIwLTA3LTExVDA5OjEyOjQ3LjAwMFoiLCJpYXQiOjE1OTQ0NTk1OTN9.b6FK6LX25qEhdL7MgU65r49ZuuTTErd03Cj3pWz6yMo', 1, '2020-07-11 09:26:33', '2020-07-11 09:26:33', 61),
(101, NULL, '0', '13.1.0', 'Simulator iPad11,3', '1', 'YS19OK994m', 0, '', NULL, 0, '2020-07-11 09:27:47', '2020-07-24 10:18:31', 2),
(102, NULL, '0', '13.1.0', 'Simulator iPad11,3', '1', '08fiKdCyfi', 0, '', 'eyJhbGciOiJIUzI1NiIsInR5cCI6IkpXVCJ9.eyJpZCI6NjEsInB1YmxpY19pZCI6IjE1OTMwNjMzMDM1NzIiLCJlbWFpbCI6IlZpa2FzQGdtYWlsLmNvbSIsInBhc3N3b3JkIjoiJDJhJDEwJGFkZXRWbkJwTThqMllwOGtXeVNhOS5zLjBieUZXR0RDVi9JVEwubTB2ZkV1MmRtU0ZYTW1HIiwiYXZhdGFyX2lkIjpudWxsLCJvdHAiOm51bGwsImNoYXJpdHlfaWQiOiI4IiwicmVzZXRfcGFzc3dvcmRfdG9rZW4iOm51bGwsInN1YnNjcmlwdGlvbl9zdGF0dXMiOjEsImxvZ2luYXR0ZW1wdCI6bnVsbCwicGFzc3dvcmRfY291bnQiOjAsImxhc3RfbG9naW5fZGF0ZSI6bnVsbCwicmVzZXRfcGFzc3dvcmRfZGF0ZSI6bnVsbCwic3RhdHVzIjoxLCJjcmVhdGVkQXQiOiIyMDIwLTA2LTI1VDA1OjM1OjAzLjAwMFoiLCJ1cGRhdGVkQXQiOiIyMDIwLTA3LTExVDA5OjI2OjUwLjAwMFoiLCJpYXQiOjE1OTQ0NTk3Mjl9.hnAjt3R468HaxWWEWPsyFlJLwHYF3f0a5hqOrLVsdjg', 1, '2020-07-11 09:28:49', '2020-07-11 09:28:49', 61),
(103, NULL, '0', '13.1.0', 'Simulator iPad11,3', '1', '4qykNhSNuX', 0, '', NULL, 0, '2020-07-11 09:31:49', '2020-07-24 10:18:31', 2),
(104, NULL, '0', '12.4.7', 'iPhone 6', '1', 'yuioAI06i2', 0, '', 'eyJhbGciOiJIUzI1NiIsInR5cCI6IkpXVCJ9.eyJzdWJzY3JpcHRpb25fc3RhdHVzIjoxLCJsb2dpbmF0dGVtcHQiOm51bGwsInN0YXR1cyI6MSwiaWQiOjI4NCwiZW1haWwiOiJwYXJhQGdtYWlsLmNvbSIsInBhc3N3b3JkIjoiJDJhJDEwJEJVU1I5T2wzYWh3RVZvYjhsTHpnRS43Ylp3ZmJiRG4zYkRUd1lYT1E3SVlNM1M2SDdjZUh5IiwicHVibGljX2lkIjoxNTk0NDYwOTk3MTAzLCJjaGFyaXR5X2lkIjoiIiwidXBkYXRlZEF0IjoiMjAyMC0wNy0xMVQwOTo0OTo1Ny4xMDNaIiwiY3JlYXRlZEF0IjoiMjAyMC0wNy0xMVQwOTo0OTo1Ny4xMDNaIiwiaWF0IjoxNTk0NDYwOTk3fQ.kudxZGGMK0MpBUOhWCd9HwXJLcurBF_WZeX-7txk0PY', 1, '2020-07-11 09:49:57', '2020-07-11 09:49:57', 284),
(105, NULL, '1', '1', 'samsung/SM-T385', '1.0', 'b0750032b3bb99f6', 1, 'GB', NULL, 0, '2020-07-11 10:11:55', '2020-07-27 08:28:53', 12),
(106, NULL, '1', '1', 'samsung/SM-M205F', '1.0', '53f7e933515c22b0', 0, 'GB', 'eyJhbGciOiJIUzI1NiIsInR5cCI6IkpXVCJ9.eyJpZCI6NzAsInB1YmxpY19pZCI6IjE1OTMxNjkyMTEwNTkiLCJlbWFpbCI6ImJiQGdtYWlsLmNvbSIsInBhc3N3b3JkIjoiJDJhJDEwJDNKaUVtaHFPN0FmQVBqWVVva3Z1US54UGZGZzUzZ2M1V3IwM1Nwb2pRN2NPWkxMODVQN3VpIiwiYXZhdGFyX2lkIjpudWxsLCJvdHAiOm51bGwsImNoYXJpdHlfaWQiOiI1LDYsNCIsInJlc2V0X3Bhc3N3b3JkX3Rva2VuIjpudWxsLCJzdWJzY3JpcHRpb25fc3RhdHVzIjoxLCJsb2dpbmF0dGVtcHQiOm51bGwsInBhc3N3b3JkX2NvdW50IjowLCJsYXN0X2xvZ2luX2RhdGUiOm51bGwsInJlc2V0X3Bhc3N3b3JkX2RhdGUiOm51bGwsInN0YXR1cyI6MSwiY3JlYXRlZEF0IjoiMjAyMC0wNi0yNlQxMTowMDoxMS4wMDBaIiwidXBkYXRlZEF0IjoiMjAyMC0wNy0yMlQwNDo0NTowNi4wMDBaIiwiaWF0IjoxNTk1NTkzNDQ3fQ.ZZie8wUNmayRwfXRDO-pHnNWZ9uXcbZ-JpV8Qh_OlAY', 1, '2020-07-11 10:23:13', '2020-07-24 12:24:11', 70),
(107, NULL, '0', '13.1.0', 'Simulator iPhone 11 Pro', '1', 'XAPyMBQwgc', 0, '', 'eyJhbGciOiJIUzI1NiIsInR5cCI6IkpXVCJ9.eyJpZCI6NjEsInB1YmxpY19pZCI6IjE1OTMwNjMzMDM1NzIiLCJlbWFpbCI6IlZpa2FzQGdtYWlsLmNvbSIsInBhc3N3b3JkIjoiJDJhJDEwJGFkZXRWbkJwTThqMllwOGtXeVNhOS5zLjBieUZXR0RDVi9JVEwubTB2ZkV1MmRtU0ZYTW1HIiwiYXZhdGFyX2lkIjpudWxsLCJvdHAiOm51bGwsImNoYXJpdHlfaWQiOiI4IiwicmVzZXRfcGFzc3dvcmRfdG9rZW4iOm51bGwsInN1YnNjcmlwdGlvbl9zdGF0dXMiOjEsImxvZ2luYXR0ZW1wdCI6bnVsbCwicGFzc3dvcmRfY291bnQiOjAsImxhc3RfbG9naW5fZGF0ZSI6bnVsbCwicmVzZXRfcGFzc3dvcmRfZGF0ZSI6bnVsbCwic3RhdHVzIjoxLCJjcmVhdGVkQXQiOiIyMDIwLTA2LTI1VDA1OjM1OjAzLjAwMFoiLCJ1cGRhdGVkQXQiOiIyMDIwLTA3LTExVDEwOjA4OjU1LjAwMFoiLCJpYXQiOjE1OTQ0NjMxOTV9.Iq2iVZfbb5oTj6HoTOmAwwr71oUyZQfLB5kECt6I8GE', 1, '2020-07-11 10:26:35', '2020-07-11 10:26:35', 61),
(108, NULL, '0', '13.1.0', 'Simulator iPhone 11 Pro', '1', 'QdgeaspG4g', 0, '', 'eyJhbGciOiJIUzI1NiIsInR5cCI6IkpXVCJ9.eyJzdWJzY3JpcHRpb25fc3RhdHVzIjoxLCJsb2dpbmF0dGVtcHQiOm51bGwsInN0YXR1cyI6MSwiaWQiOjI4NiwiZW1haWwiOiJrQGdtYWlsLmNvbSIsInBhc3N3b3JkIjoiJDJhJDEwJHh6ZkwzbDVxZmVMM1JTd21EcDZrOWVwYlZTSFc3VkFuck5FVU1yb3VpSGZRb1ZvTS9wbEJtIiwicHVibGljX2lkIjoxNTk0NDYzMzU4NTEyLCJjaGFyaXR5X2lkIjoiIiwidXBkYXRlZEF0IjoiMjAyMC0wNy0xMVQxMDoyOToxOC41MTJaIiwiY3JlYXRlZEF0IjoiMjAyMC0wNy0xMVQxMDoyOToxOC41MTJaIiwiaWF0IjoxNTk0NDYzMzU4fQ.ClqCnmIjBH7eAZ1ynloi7MEizaeytCwA-ypKoG6edX4', 1, '2020-07-11 10:29:18', '2020-07-11 10:29:18', 286),
(109, NULL, '1', '1', 'samsung/SM-M307F', '1.0', 'c891776bd8d73343', 0, 'GB', 'eyJhbGciOiJIUzI1NiIsInR5cCI6IkpXVCJ9.eyJzdWJzY3JpcHRpb25fc3RhdHVzIjoxLCJsb2dpbmF0dGVtcHQiOm51bGwsInN0YXR1cyI6MSwiaWQiOjI4NywiZW1haWwiOiJsaWxvQGdtYWlsLmNvbSIsInBhc3N3b3JkIjoiJDJhJDEwJGlwYU9oanpGVW1ISFAxZE1lejZEdHVaeklFTGdZRVo5YjdQaWY4T1NzWWlvY1hDWFBCcGttIiwicHVibGljX2lkIjoxNTk0NDY0MTc3ODg4LCJjaGFyaXR5X2lkIjoiIiwidXBkYXRlZEF0IjoiMjAyMC0wNy0xMVQxMDo0Mjo1Ny44ODhaIiwiY3JlYXRlZEF0IjoiMjAyMC0wNy0xMVQxMDo0Mjo1Ny44ODhaIiwiaWF0IjoxNTk0NDY0MTc3fQ.O5FSSvF98O_Tgah1rkSYLfvmx3CFQ5y3smBC7Z3lDcg', 1, '2020-07-11 10:42:57', '2020-07-11 10:42:57', 287),
(110, NULL, '1', '1', 'samsung/SM-M307F', '1.0', 'c891776bd8d73343', 0, 'GB', 'eyJhbGciOiJIUzI1NiIsInR5cCI6IkpXVCJ9.eyJzdWJzY3JpcHRpb25fc3RhdHVzIjoxLCJsb2dpbmF0dGVtcHQiOm51bGwsInN0YXR1cyI6MSwiaWQiOjI4OCwiZW1haWwiOiJrYXdAZ2wuY29tIiwicGFzc3dvcmQiOiIkMmEkMTAkOGZmNWEycU1IVlphYkJ1Q25naEVJTzBTTVBPalVnOUVqME1wYlJUWmNmeGdlSFp1ODQ1aUciLCJwdWJsaWNfaWQiOjE1OTQ0NjUwNDA1MDMsImNoYXJpdHlfaWQiOiIiLCJ1cGRhdGVkQXQiOiIyMDIwLTA3LTExVDEwOjU3OjIwLjUwM1oiLCJjcmVhdGVkQXQiOiIyMDIwLTA3LTExVDEwOjU3OjIwLjUwM1oiLCJpYXQiOjE1OTQ0NjUwNDB9.tdiZpiXGKwTftKmv-ycIh2YMyIHmiLVk-mMu19haH_0', 1, '2020-07-11 10:57:20', '2020-07-11 10:57:20', 288),
(111, NULL, '0', '13.5.1', 'iPad (7th generation)', '1', 'eWivoKZQQy', 0, '', 'eyJhbGciOiJIUzI1NiIsInR5cCI6IkpXVCJ9.eyJzdWJzY3JpcHRpb25fc3RhdHVzIjoxLCJsb2dpbmF0dGVtcHQiOm51bGwsInN0YXR1cyI6MSwiaWQiOjI4OSwiZW1haWwiOiJsb2xAZ21haWwuY29tIiwicGFzc3dvcmQiOiIkMmEkMTAkR1RVRlJISkMzc1o3UU51RlJOclZYdTJrRjBxaS96cXJveS5zbUl3aENzbXJCUlBpeVhXT0MiLCJwdWJsaWNfaWQiOjE1OTQ0NjU2ODQ0MjIsImNoYXJpdHlfaWQiOiI2IiwidXBkYXRlZEF0IjoiMjAyMC0wNy0xMVQxMTowODowNC40MjJaIiwiY3JlYXRlZEF0IjoiMjAyMC0wNy0xMVQxMTowODowNC40MjJaIiwiaWF0IjoxNTk0NDY1Njg0fQ.NDB7zOaH3ElE7ueoVqHxqpnIpozWjxydOK8rdblQvVw', 1, '2020-07-11 11:08:04', '2020-07-11 11:08:04', 289),
(112, NULL, '0', '13.1.0', 'Simulator iPad11,3', '1', '1Jeb4kN7TH', 0, '', NULL, 0, '2020-07-11 11:22:24', '2020-07-24 10:18:31', 2),
(113, NULL, '1', '1', 'samsung/SM-M205F', '1.0', '53f7e933515c22b0', 0, 'GB', 'eyJhbGciOiJIUzI1NiIsInR5cCI6IkpXVCJ9.eyJpZCI6NzAsInB1YmxpY19pZCI6IjE1OTMxNjkyMTEwNTkiLCJlbWFpbCI6ImJiQGdtYWlsLmNvbSIsInBhc3N3b3JkIjoiJDJhJDEwJDNKaUVtaHFPN0FmQVBqWVVva3Z1US54UGZGZzUzZ2M1V3IwM1Nwb2pRN2NPWkxMODVQN3VpIiwiYXZhdGFyX2lkIjpudWxsLCJvdHAiOm51bGwsImNoYXJpdHlfaWQiOiI1LDYsNCIsInJlc2V0X3Bhc3N3b3JkX3Rva2VuIjpudWxsLCJzdWJzY3JpcHRpb25fc3RhdHVzIjoxLCJsb2dpbmF0dGVtcHQiOm51bGwsInBhc3N3b3JkX2NvdW50IjowLCJsYXN0X2xvZ2luX2RhdGUiOm51bGwsInJlc2V0X3Bhc3N3b3JkX2RhdGUiOm51bGwsInN0YXR1cyI6MSwiY3JlYXRlZEF0IjoiMjAyMC0wNi0yNlQxMTowMDoxMS4wMDBaIiwidXBkYXRlZEF0IjoiMjAyMC0wNy0yMlQwNDo0NTowNi4wMDBaIiwiaWF0IjoxNTk1NTkzNDQ3fQ.ZZie8wUNmayRwfXRDO-pHnNWZ9uXcbZ-JpV8Qh_OlAY', 1, '2020-07-11 11:33:14', '2020-07-24 12:24:11', 70),
(114, NULL, '1', '1', 'samsung/SM-M307F', '1.0', 'c891776bd8d73343', 0, 'GB', 'eyJhbGciOiJIUzI1NiIsInR5cCI6IkpXVCJ9.eyJzdWJzY3JpcHRpb25fc3RhdHVzIjoxLCJsb2dpbmF0dGVtcHQiOm51bGwsInN0YXR1cyI6MSwiaWQiOjI5MSwiZW1haWwiOiJjaGJAZ21haWwuY29tIiwicGFzc3dvcmQiOiIkMmEkMTAkNW9TeEQ5QUZtUzQ4VWw0dHp5YTVVdU5xTW90eHd4dWlSZ1l6MFBLb2tTejdvM1gzQWlnZFciLCJwdWJsaWNfaWQiOjE1OTQ0Njc1NjQ4MjIsImNoYXJpdHlfaWQiOiIiLCJ1cGRhdGVkQXQiOiIyMDIwLTA3LTExVDExOjM5OjI0LjgyMloiLCJjcmVhdGVkQXQiOiIyMDIwLTA3LTExVDExOjM5OjI0LjgyMloiLCJpYXQiOjE1OTQ0Njc1NjR9.1LWSXelwbTAMVCvM3ehq9khojytBXKPLNanyE95oqkA', 1, '2020-07-11 11:39:24', '2020-07-11 11:39:24', 291),
(115, NULL, '1', '1', 'samsung/SM-M307F', '1.0', 'c891776bd8d73343', 0, 'GB', 'eyJhbGciOiJIUzI1NiIsInR5cCI6IkpXVCJ9.eyJzdWJzY3JpcHRpb25fc3RhdHVzIjoxLCJsb2dpbmF0dGVtcHQiOm51bGwsInN0YXR1cyI6MSwiaWQiOjI5MiwiZW1haWwiOiJKYXp6QGdtYWlsLmNvbSIsInBhc3N3b3JkIjoiJDJhJDEwJGV2MUJteGFmdWlsazdoeGVqYUJWaE9BOTJ2dXZVUTNjcC5TMkhxSFI0eDJ6RVZ2TE44UTNLIiwicHVibGljX2lkIjoxNTk0NDY3NzY5MTEzLCJjaGFyaXR5X2lkIjoiIiwidXBkYXRlZEF0IjoiMjAyMC0wNy0xMVQxMTo0Mjo0OS4xMTNaIiwiY3JlYXRlZEF0IjoiMjAyMC0wNy0xMVQxMTo0Mjo0OS4xMTNaIiwiaWF0IjoxNTk0NDY3NzY5fQ.Xurv43unEYE9Fxoqq_8lWbU5nEwyiBOZNKbAqyh-Mxk', 1, '2020-07-11 11:42:49', '2020-07-11 11:42:49', 292),
(116, NULL, '1', '1', 'samsung/SM-M307F', '1.0', 'c891776bd8d73343', 0, 'GB', 'eyJhbGciOiJIUzI1NiIsInR5cCI6IkpXVCJ9.eyJzdWJzY3JpcHRpb25fc3RhdHVzIjoxLCJsb2dpbmF0dGVtcHQiOm51bGwsInN0YXR1cyI6MSwiaWQiOjI5MywiZW1haWwiOiJyYWluYUBnbWFpbC5jb20iLCJwYXNzd29yZCI6IiQyYSQxMCROSS85V3dXZkp0VEdvRzZ4dWtnRWtPNGhWOUtlVzBtYlkzVnJuN1RQMngvU3lxazFLanhxZSIsInB1YmxpY19pZCI6MTU5NDQ2ODAxOTM4OSwiY2hhcml0eV9pZCI6IiIsInVwZGF0ZWRBdCI6IjIwMjAtMDctMTFUMTE6NDY6NTkuMzg5WiIsImNyZWF0ZWRBdCI6IjIwMjAtMDctMTFUMTE6NDY6NTkuMzg5WiIsImlhdCI6MTU5NDQ2ODAxOX0.UAfN9U9L5E3RgAloxeZ0pufieaYEj7nWNCpYbDB-RI0', 1, '2020-07-11 11:46:59', '2020-07-11 11:46:59', 293),
(117, NULL, '1', '1', 'samsung/SM-M205F', '1.0', '53f7e933515c22b0', 0, 'GB', 'eyJhbGciOiJIUzI1NiIsInR5cCI6IkpXVCJ9.eyJpZCI6NzAsInB1YmxpY19pZCI6IjE1OTMxNjkyMTEwNTkiLCJlbWFpbCI6ImJiQGdtYWlsLmNvbSIsInBhc3N3b3JkIjoiJDJhJDEwJDNKaUVtaHFPN0FmQVBqWVVva3Z1US54UGZGZzUzZ2M1V3IwM1Nwb2pRN2NPWkxMODVQN3VpIiwiYXZhdGFyX2lkIjpudWxsLCJvdHAiOm51bGwsImNoYXJpdHlfaWQiOiI1LDYsNCIsInJlc2V0X3Bhc3N3b3JkX3Rva2VuIjpudWxsLCJzdWJzY3JpcHRpb25fc3RhdHVzIjoxLCJsb2dpbmF0dGVtcHQiOm51bGwsInBhc3N3b3JkX2NvdW50IjowLCJsYXN0X2xvZ2luX2RhdGUiOm51bGwsInJlc2V0X3Bhc3N3b3JkX2RhdGUiOm51bGwsInN0YXR1cyI6MSwiY3JlYXRlZEF0IjoiMjAyMC0wNi0yNlQxMTowMDoxMS4wMDBaIiwidXBkYXRlZEF0IjoiMjAyMC0wNy0yMlQwNDo0NTowNi4wMDBaIiwiaWF0IjoxNTk1NTkzNDQ3fQ.ZZie8wUNmayRwfXRDO-pHnNWZ9uXcbZ-JpV8Qh_OlAY', 1, '2020-07-11 11:57:33', '2020-07-24 12:24:11', 70);
INSERT INTO `UserDevices` (`id`, `app_id`, `os_type`, `os_version`, `device_model`, `app_version`, `device_token`, `notification_enrolled`, `locale`, `auth_token`, `status`, `createdAt`, `updatedAt`, `AccountId`) VALUES
(118, NULL, '1', '1', 'samsung/SM-M205F', '1.0', '53f7e933515c22b0', 0, 'GB', 'eyJhbGciOiJIUzI1NiIsInR5cCI6IkpXVCJ9.eyJpZCI6NzAsInB1YmxpY19pZCI6IjE1OTMxNjkyMTEwNTkiLCJlbWFpbCI6ImJiQGdtYWlsLmNvbSIsInBhc3N3b3JkIjoiJDJhJDEwJDNKaUVtaHFPN0FmQVBqWVVva3Z1US54UGZGZzUzZ2M1V3IwM1Nwb2pRN2NPWkxMODVQN3VpIiwiYXZhdGFyX2lkIjpudWxsLCJvdHAiOm51bGwsImNoYXJpdHlfaWQiOiI1LDYsNCIsInJlc2V0X3Bhc3N3b3JkX3Rva2VuIjpudWxsLCJzdWJzY3JpcHRpb25fc3RhdHVzIjoxLCJsb2dpbmF0dGVtcHQiOm51bGwsInBhc3N3b3JkX2NvdW50IjowLCJsYXN0X2xvZ2luX2RhdGUiOm51bGwsInJlc2V0X3Bhc3N3b3JkX2RhdGUiOm51bGwsInN0YXR1cyI6MSwiY3JlYXRlZEF0IjoiMjAyMC0wNi0yNlQxMTowMDoxMS4wMDBaIiwidXBkYXRlZEF0IjoiMjAyMC0wNy0yMlQwNDo0NTowNi4wMDBaIiwiaWF0IjoxNTk1NTkzNDQ3fQ.ZZie8wUNmayRwfXRDO-pHnNWZ9uXcbZ-JpV8Qh_OlAY', 1, '2020-07-11 12:01:40', '2020-07-24 12:24:11', 70),
(119, NULL, '1', '1', 'samsung/SM-M307F', '1.0', 'c891776bd8d73343', 0, 'GB', 'eyJhbGciOiJIUzI1NiIsInR5cCI6IkpXVCJ9.eyJzdWJzY3JpcHRpb25fc3RhdHVzIjoxLCJsb2dpbmF0dGVtcHQiOm51bGwsInN0YXR1cyI6MSwiaWQiOjI5NiwiZW1haWwiOiJpY2VAZ21haWwuY29tIiwicGFzc3dvcmQiOiIkMmEkMTAkV21iSmM4cXNYTC9lcVJQTHgzREREdUNXNG1rS0lXQ3JmR1k0UUlaZTNjaGEyME1sV0xuSU8iLCJwdWJsaWNfaWQiOjE1OTQ0Njk5NDY4NTQsImNoYXJpdHlfaWQiOiI4LDgsNiw4LDYsNSIsInVwZGF0ZWRBdCI6IjIwMjAtMDctMTFUMTI6MTk6MDYuODU0WiIsImNyZWF0ZWRBdCI6IjIwMjAtMDctMTFUMTI6MTk6MDYuODU0WiIsImlhdCI6MTU5NDQ2OTk0Nn0.FLBT7xcz-SNBrIoUQp6DPhm-UHk8eN5h4ecQISKIHek', 1, '2020-07-11 12:19:06', '2020-07-11 12:19:06', 296),
(120, NULL, '1', '1', 'samsung/SM-M307F', '1.0', 'c891776bd8d73343', 0, 'GB', 'eyJhbGciOiJIUzI1NiIsInR5cCI6IkpXVCJ9.eyJzdWJzY3JpcHRpb25fc3RhdHVzIjoxLCJsb2dpbmF0dGVtcHQiOm51bGwsInN0YXR1cyI6MSwiaWQiOjI5NywiZW1haWwiOiJuYW1lQGdtYWlsLmNvbSIsInBhc3N3b3JkIjoiJDJhJDEwJGN5d2NIUHNGd3M3NzhUQU4zMG5pYi5pczVsSDl1ODZuWHA5WVZKdVJNb2p5V2tySWVqalFpIiwicHVibGljX2lkIjoxNTk0NDcxMTM4ODY2LCJjaGFyaXR5X2lkIjoiIiwidXBkYXRlZEF0IjoiMjAyMC0wNy0xMVQxMjozODo1OC44NjZaIiwiY3JlYXRlZEF0IjoiMjAyMC0wNy0xMVQxMjozODo1OC44NjZaIiwiaWF0IjoxNTk0NDcxMTM4fQ.lKyriKuLvk8nf8kuiCtEqIcjLhDspRayEnLl8dlAYHQ', 1, '2020-07-11 12:38:58', '2020-07-11 12:38:58', 297),
(121, NULL, '0', '13.1.0', 'Simulator iPad11,3', '1', '5B0xputn2G', 0, '', NULL, 0, '2020-07-11 12:39:05', '2020-07-24 10:18:31', 2),
(122, NULL, '0', '13.1.0', 'Simulator iPad (7th generation)', '1', 'v3TzG3ikAJ', 0, '', 'eyJhbGciOiJIUzI1NiIsInR5cCI6IkpXVCJ9.eyJpZCI6NjEsInB1YmxpY19pZCI6IjE1OTMwNjMzMDM1NzIiLCJlbWFpbCI6IlZpa2FzQGdtYWlsLmNvbSIsInBhc3N3b3JkIjoiJDJhJDEwJGFkZXRWbkJwTThqMllwOGtXeVNhOS5zLjBieUZXR0RDVi9JVEwubTB2ZkV1MmRtU0ZYTW1HIiwiYXZhdGFyX2lkIjpudWxsLCJvdHAiOm51bGwsImNoYXJpdHlfaWQiOiI4IiwicmVzZXRfcGFzc3dvcmRfdG9rZW4iOm51bGwsInN1YnNjcmlwdGlvbl9zdGF0dXMiOjEsImxvZ2luYXR0ZW1wdCI6bnVsbCwicGFzc3dvcmRfY291bnQiOjAsImxhc3RfbG9naW5fZGF0ZSI6bnVsbCwicmVzZXRfcGFzc3dvcmRfZGF0ZSI6bnVsbCwic3RhdHVzIjoxLCJjcmVhdGVkQXQiOiIyMDIwLTA2LTI1VDA1OjM1OjAzLjAwMFoiLCJ1cGRhdGVkQXQiOiIyMDIwLTA3LTExVDExOjUxOjEwLjAwMFoiLCJpYXQiOjE1OTQ0NzE0MDB9.hJ2MfJI07Qzz3GVsDTq4V5VTBvB4f3G3Gtkp0VlJuDM', 1, '2020-07-11 12:43:20', '2020-07-11 12:43:20', 61),
(123, NULL, '1', '1', 'samsung/SM-M307F', '1.0', 'c891776bd8d73343', 0, 'GB', 'eyJhbGciOiJIUzI1NiIsInR5cCI6IkpXVCJ9.eyJzdWJzY3JpcHRpb25fc3RhdHVzIjoxLCJsb2dpbmF0dGVtcHQiOm51bGwsInN0YXR1cyI6MSwiaWQiOjI5OCwiZW1haWwiOiJjaGhAZ21haWwuY29tIiwicGFzc3dvcmQiOiIkMmEkMTAkd0g5b3lVWkVtb2lFZUthTkJJaUx1dU5sT2NNb1FMeE1CNHNyMHlZV2UxSVhMRE8yS3VUNmkiLCJwdWJsaWNfaWQiOjE1OTQ0NzE0NjE1MTMsImNoYXJpdHlfaWQiOiIiLCJ1cGRhdGVkQXQiOiIyMDIwLTA3LTExVDEyOjQ0OjIxLjUxM1oiLCJjcmVhdGVkQXQiOiIyMDIwLTA3LTExVDEyOjQ0OjIxLjUxM1oiLCJpYXQiOjE1OTQ0NzE0NjF9.DoEaWiCQFoqoPnWrCV2Q1qzmstB3WWBhrA9fEbe0F_o', 1, '2020-07-11 12:44:21', '2020-07-11 12:44:21', 298),
(124, NULL, '1', '1', 'samsung/SM-T385', '1.0', 'b0750032b3bb99f6', 1, 'GB', NULL, 0, '2020-07-11 12:50:24', '2020-07-27 08:28:53', 12),
(125, NULL, '1', '1', 'samsung/SM-M307F', '1.0', 'c891776bd8d73343', 0, 'GB', 'eyJhbGciOiJIUzI1NiIsInR5cCI6IkpXVCJ9.eyJzdWJzY3JpcHRpb25fc3RhdHVzIjoxLCJsb2dpbmF0dGVtcHQiOm51bGwsInN0YXR1cyI6MSwiaWQiOjI5OSwiZW1haWwiOiJtb2JpbGVAZ21haWwuY29tIiwicGFzc3dvcmQiOiIkMmEkMTAkYVJLRFdHRXE2bWZqLmRnQ1QzVVBZZU9hSG94N3l1WU55Yjh5YUxrVVNVa1lqSnJ2LzJPSkciLCJwdWJsaWNfaWQiOjE1OTQ0NzMyMzE2MjgsImNoYXJpdHlfaWQiOiI0IiwidXBkYXRlZEF0IjoiMjAyMC0wNy0xMVQxMzoxMzo1MS42MjhaIiwiY3JlYXRlZEF0IjoiMjAyMC0wNy0xMVQxMzoxMzo1MS42MjhaIiwiaWF0IjoxNTk0NDczMjMxfQ.aWBq-gnNAncIBst4L5Y06O_V98GBeL-VajsVJakM9ec', 1, '2020-07-11 13:13:51', '2020-07-11 13:13:51', 299),
(126, NULL, '1', '1', 'samsung/SM-M307F', '1.0', 'c891776bd8d73343', 0, 'GB', 'eyJhbGciOiJIUzI1NiIsInR5cCI6IkpXVCJ9.eyJpZCI6Mjk5LCJwdWJsaWNfaWQiOiIxNTk0NDczMjMxNjI4IiwiZW1haWwiOiJtb2JpbGVAZ21haWwuY29tIiwicGFzc3dvcmQiOiIkMmEkMTAkYVJLRFdHRXE2bWZqLmRnQ1QzVVBZZU9hSG94N3l1WU55Yjh5YUxrVVNVa1lqSnJ2LzJPSkciLCJhdmF0YXJfaWQiOm51bGwsIm90cCI6bnVsbCwiY2hhcml0eV9pZCI6IjQiLCJyZXNldF9wYXNzd29yZF90b2tlbiI6bnVsbCwic3Vic2NyaXB0aW9uX3N0YXR1cyI6MSwibG9naW5hdHRlbXB0IjpudWxsLCJwYXNzd29yZF9jb3VudCI6MCwibGFzdF9sb2dpbl9kYXRlIjpudWxsLCJyZXNldF9wYXNzd29yZF9kYXRlIjpudWxsLCJzdGF0dXMiOjEsImNyZWF0ZWRBdCI6IjIwMjAtMDctMTFUMTM6MTM6NTEuMDAwWiIsInVwZGF0ZWRBdCI6IjIwMjAtMDctMTFUMTM6MTc6NDMuMDAwWiIsImlhdCI6MTU5NDQ3MzUyOH0.v-UqeXLKw8ESvQGEh8OYaes_UWMlOEZ4_TCxb2cxHTc', 1, '2020-07-11 13:18:48', '2020-07-11 13:18:48', 299),
(127, NULL, '1', '1', 'samsung/SM-M307F', '1.0', 'c891776bd8d73343', 0, 'GB', 'eyJhbGciOiJIUzI1NiIsInR5cCI6IkpXVCJ9.eyJpZCI6Mjk5LCJwdWJsaWNfaWQiOiIxNTk0NDczMjMxNjI4IiwiZW1haWwiOiJtb2JpbGVAZ21haWwuY29tIiwicGFzc3dvcmQiOiIkMmEkMTAkYVJLRFdHRXE2bWZqLmRnQ1QzVVBZZU9hSG94N3l1WU55Yjh5YUxrVVNVa1lqSnJ2LzJPSkciLCJhdmF0YXJfaWQiOm51bGwsIm90cCI6bnVsbCwiY2hhcml0eV9pZCI6IjQiLCJyZXNldF9wYXNzd29yZF90b2tlbiI6bnVsbCwic3Vic2NyaXB0aW9uX3N0YXR1cyI6MSwibG9naW5hdHRlbXB0IjpudWxsLCJwYXNzd29yZF9jb3VudCI6MCwibGFzdF9sb2dpbl9kYXRlIjpudWxsLCJyZXNldF9wYXNzd29yZF9kYXRlIjpudWxsLCJzdGF0dXMiOjEsImNyZWF0ZWRBdCI6IjIwMjAtMDctMTFUMTM6MTM6NTEuMDAwWiIsInVwZGF0ZWRBdCI6IjIwMjAtMDctMTFUMTM6MjA6NDMuMDAwWiIsImlhdCI6MTU5NDQ3MzY2OX0.m2u6C2Qr38cxJOymyllgdXRD99uvCIYbt6yfvWPJ_aE', 1, '2020-07-11 13:21:09', '2020-07-11 13:21:09', 299),
(128, NULL, '1', '1', 'samsung/SM-M205F', '1.0', '53f7e933515c22b0', 0, 'GB', 'eyJhbGciOiJIUzI1NiIsInR5cCI6IkpXVCJ9.eyJpZCI6NzAsInB1YmxpY19pZCI6IjE1OTMxNjkyMTEwNTkiLCJlbWFpbCI6ImJiQGdtYWlsLmNvbSIsInBhc3N3b3JkIjoiJDJhJDEwJDNKaUVtaHFPN0FmQVBqWVVva3Z1US54UGZGZzUzZ2M1V3IwM1Nwb2pRN2NPWkxMODVQN3VpIiwiYXZhdGFyX2lkIjpudWxsLCJvdHAiOm51bGwsImNoYXJpdHlfaWQiOiI1LDYsNCIsInJlc2V0X3Bhc3N3b3JkX3Rva2VuIjpudWxsLCJzdWJzY3JpcHRpb25fc3RhdHVzIjoxLCJsb2dpbmF0dGVtcHQiOm51bGwsInBhc3N3b3JkX2NvdW50IjowLCJsYXN0X2xvZ2luX2RhdGUiOm51bGwsInJlc2V0X3Bhc3N3b3JkX2RhdGUiOm51bGwsInN0YXR1cyI6MSwiY3JlYXRlZEF0IjoiMjAyMC0wNi0yNlQxMTowMDoxMS4wMDBaIiwidXBkYXRlZEF0IjoiMjAyMC0wNy0yMlQwNDo0NTowNi4wMDBaIiwiaWF0IjoxNTk1NTkzNDQ3fQ.ZZie8wUNmayRwfXRDO-pHnNWZ9uXcbZ-JpV8Qh_OlAY', 1, '2020-07-11 13:24:36', '2020-07-24 12:24:11', 70),
(129, NULL, '1', '1', 'samsung/SM-M307F', '1.0', 'c891776bd8d73343', 0, 'GB', 'eyJhbGciOiJIUzI1NiIsInR5cCI6IkpXVCJ9.eyJzdWJzY3JpcHRpb25fc3RhdHVzIjoxLCJsb2dpbmF0dGVtcHQiOm51bGwsInN0YXR1cyI6MSwiaWQiOjMwMCwiZW1haWwiOiJWaWthc2VAZ21haWwuY29tIiwicGFzc3dvcmQiOiIkMmEkMTAkLzJZbkhrcEFrLkZHZ1FxU0IuOWhsZWx3RmhKc2xZcjVHa2hTM2kvRWlacWE2Q2c4TW90dnkiLCJwdWJsaWNfaWQiOjE1OTQ0NzM5OTAzMzIsImNoYXJpdHlfaWQiOiIiLCJ1cGRhdGVkQXQiOiIyMDIwLTA3LTExVDEzOjI2OjMwLjMzMloiLCJjcmVhdGVkQXQiOiIyMDIwLTA3LTExVDEzOjI2OjMwLjMzMloiLCJpYXQiOjE1OTQ0NzM5OTB9.xjaw9U8SLG5E0fHaZ-9BpHTJf-_r2-i35SsIjsQdsaY', 1, '2020-07-11 13:26:30', '2020-07-11 13:26:30', 300),
(130, NULL, '1', '1', 'samsung/SM-M307F', '1.0', 'c891776bd8d73343', 0, 'GB', 'eyJhbGciOiJIUzI1NiIsInR5cCI6IkpXVCJ9.eyJzdWJzY3JpcHRpb25fc3RhdHVzIjoxLCJsb2dpbmF0dGVtcHQiOm51bGwsInN0YXR1cyI6MSwiaWQiOjMwMSwiZW1haWwiOiJ0dW1zQGdtYWlsLmNvbSIsInBhc3N3b3JkIjoiJDJhJDEwJDkwdnFkS0FHWHM5QUxiWXlBLjJHLmV3b3hXQ0s2bmJ3STVGanFsaHpMQUVjbGJnWTJYbDZ1IiwicHVibGljX2lkIjoxNTk0NDc0Mjc1ODY5LCJjaGFyaXR5X2lkIjoiIiwidXBkYXRlZEF0IjoiMjAyMC0wNy0xMVQxMzozMToxNS44NjlaIiwiY3JlYXRlZEF0IjoiMjAyMC0wNy0xMVQxMzozMToxNS44NjlaIiwiaWF0IjoxNTk0NDc0Mjc1fQ.qR2hxJGbW_Y4hKJMXZ3AqB5t9RzRr6QIsB4ECov_7xM', 1, '2020-07-11 13:31:15', '2020-07-11 13:31:15', 301),
(131, NULL, '1', '1', 'samsung/SM-M205F', '1.0', '53f7e933515c22b0', 0, 'GB', 'eyJhbGciOiJIUzI1NiIsInR5cCI6IkpXVCJ9.eyJpZCI6NzAsInB1YmxpY19pZCI6IjE1OTMxNjkyMTEwNTkiLCJlbWFpbCI6ImJiQGdtYWlsLmNvbSIsInBhc3N3b3JkIjoiJDJhJDEwJDNKaUVtaHFPN0FmQVBqWVVva3Z1US54UGZGZzUzZ2M1V3IwM1Nwb2pRN2NPWkxMODVQN3VpIiwiYXZhdGFyX2lkIjpudWxsLCJvdHAiOm51bGwsImNoYXJpdHlfaWQiOiI1LDYsNCIsInJlc2V0X3Bhc3N3b3JkX3Rva2VuIjpudWxsLCJzdWJzY3JpcHRpb25fc3RhdHVzIjoxLCJsb2dpbmF0dGVtcHQiOm51bGwsInBhc3N3b3JkX2NvdW50IjowLCJsYXN0X2xvZ2luX2RhdGUiOm51bGwsInJlc2V0X3Bhc3N3b3JkX2RhdGUiOm51bGwsInN0YXR1cyI6MSwiY3JlYXRlZEF0IjoiMjAyMC0wNi0yNlQxMTowMDoxMS4wMDBaIiwidXBkYXRlZEF0IjoiMjAyMC0wNy0yMlQwNDo0NTowNi4wMDBaIiwiaWF0IjoxNTk1NTkzNDQ3fQ.ZZie8wUNmayRwfXRDO-pHnNWZ9uXcbZ-JpV8Qh_OlAY', 1, '2020-07-11 13:37:45', '2020-07-24 12:24:11', 70),
(132, NULL, '1', '1', 'samsung/SM-M205F', '1.0', '53f7e933515c22b0', 0, 'GB', 'eyJhbGciOiJIUzI1NiIsInR5cCI6IkpXVCJ9.eyJpZCI6NzAsInB1YmxpY19pZCI6IjE1OTMxNjkyMTEwNTkiLCJlbWFpbCI6ImJiQGdtYWlsLmNvbSIsInBhc3N3b3JkIjoiJDJhJDEwJDNKaUVtaHFPN0FmQVBqWVVva3Z1US54UGZGZzUzZ2M1V3IwM1Nwb2pRN2NPWkxMODVQN3VpIiwiYXZhdGFyX2lkIjpudWxsLCJvdHAiOm51bGwsImNoYXJpdHlfaWQiOiI1LDYsNCIsInJlc2V0X3Bhc3N3b3JkX3Rva2VuIjpudWxsLCJzdWJzY3JpcHRpb25fc3RhdHVzIjoxLCJsb2dpbmF0dGVtcHQiOm51bGwsInBhc3N3b3JkX2NvdW50IjowLCJsYXN0X2xvZ2luX2RhdGUiOm51bGwsInJlc2V0X3Bhc3N3b3JkX2RhdGUiOm51bGwsInN0YXR1cyI6MSwiY3JlYXRlZEF0IjoiMjAyMC0wNi0yNlQxMTowMDoxMS4wMDBaIiwidXBkYXRlZEF0IjoiMjAyMC0wNy0yMlQwNDo0NTowNi4wMDBaIiwiaWF0IjoxNTk1NTkzNDQ3fQ.ZZie8wUNmayRwfXRDO-pHnNWZ9uXcbZ-JpV8Qh_OlAY', 1, '2020-07-11 13:44:13', '2020-07-24 12:24:11', 70),
(133, NULL, '0', '', '', '1.0', 'token', 0, '', 'eyJhbGciOiJIUzI1NiIsInR5cCI6IkpXVCJ9.eyJzdWJzY3JpcHRpb25fc3RhdHVzIjoxLCJsb2dpbmF0dGVtcHQiOm51bGwsInN0YXR1cyI6MSwiaWQiOjMwNCwiZW1haWwiOiJlZmVyd0BnbWFpbC5jb20iLCJwYXNzd29yZCI6IiQyYSQxMCRGVEN0TDFyYWdQLmxlZC9FTER3T2sub0JLUGdtWC9kY1BDYUFXV3IxMUh3eE1WTy83bW9zaSIsInB1YmxpY19pZCI6MTU5NDQ3NTM2NjY5MSwiY2hhcml0eV9pZCI6IjEsMiIsInVwZGF0ZWRBdCI6IjIwMjAtMDctMTFUMTM6NDk6MjYuNjkxWiIsImNyZWF0ZWRBdCI6IjIwMjAtMDctMTFUMTM6NDk6MjYuNjkxWiIsImlhdCI6MTU5NDQ3NTM2Nn0.sgB7KYDEL--tUgv74BZJ9BYriEGTNXQafUiuLiAtbFU', 1, '2020-07-11 13:49:26', '2020-07-11 13:49:26', 304),
(134, NULL, '0', '13.5.1', 'iPad (7th generation)', '1', 'I6SDUApKYR', 0, '', 'eyJhbGciOiJIUzI1NiIsInR5cCI6IkpXVCJ9.eyJpZCI6MTIyLCJwdWJsaWNfaWQiOiIxNTk0MDI4NTY5MzM2IiwiZW1haWwiOiJwb3BAZ21haWwuY29tIiwicGFzc3dvcmQiOiIkMmEkMTAkVTExcWtub1pWTFA4b2FpMVJaUVlPT0VhRlhic2VqM1BMMFBiaE9qMUVkbEVoaGRPWnQ0MmkiLCJhdmF0YXJfaWQiOm51bGwsIm90cCI6MTIzNCwiY2hhcml0eV9pZCI6IiIsInJlc2V0X3Bhc3N3b3JkX3Rva2VuIjoiJDJhJDEwJDZMTGp6WGMzSWszOUs0emlhS3k5UnVtLmlqeHBwU0JDYnBaVjZaQktPV2N2Mkk3enJDamQ2Iiwic3Vic2NyaXB0aW9uX3N0YXR1cyI6MSwibG9naW5hdHRlbXB0IjpudWxsLCJwYXNzd29yZF9jb3VudCI6MSwibGFzdF9sb2dpbl9kYXRlIjoiMjAyMC0wNy0wNlQxMTo0ODo1MS4wMDBaIiwicmVzZXRfcGFzc3dvcmRfZGF0ZSI6bnVsbCwic3RhdHVzIjoxLCJjcmVhdGVkQXQiOiIyMDIwLTA3LTA2VDA5OjQyOjQ5LjAwMFoiLCJ1cGRhdGVkQXQiOiIyMDIwLTA3LTA4VDA0OjQ4OjAzLjAwMFoiLCJpYXQiOjE1OTQ0NzU3Mzh9.RcCEGR6DwwTD774Ir_a9LGFhqQGqjPQ9EB-tVWPcX5g', 1, '2020-07-11 13:55:38', '2020-07-11 13:55:38', 122),
(135, NULL, '1', '1', 'samsung/SM-M205F', '1.0', '53f7e933515c22b0', 0, 'GB', 'eyJhbGciOiJIUzI1NiIsInR5cCI6IkpXVCJ9.eyJpZCI6NzAsInB1YmxpY19pZCI6IjE1OTMxNjkyMTEwNTkiLCJlbWFpbCI6ImJiQGdtYWlsLmNvbSIsInBhc3N3b3JkIjoiJDJhJDEwJDNKaUVtaHFPN0FmQVBqWVVva3Z1US54UGZGZzUzZ2M1V3IwM1Nwb2pRN2NPWkxMODVQN3VpIiwiYXZhdGFyX2lkIjpudWxsLCJvdHAiOm51bGwsImNoYXJpdHlfaWQiOiI1LDYsNCIsInJlc2V0X3Bhc3N3b3JkX3Rva2VuIjpudWxsLCJzdWJzY3JpcHRpb25fc3RhdHVzIjoxLCJsb2dpbmF0dGVtcHQiOm51bGwsInBhc3N3b3JkX2NvdW50IjowLCJsYXN0X2xvZ2luX2RhdGUiOm51bGwsInJlc2V0X3Bhc3N3b3JkX2RhdGUiOm51bGwsInN0YXR1cyI6MSwiY3JlYXRlZEF0IjoiMjAyMC0wNi0yNlQxMTowMDoxMS4wMDBaIiwidXBkYXRlZEF0IjoiMjAyMC0wNy0yMlQwNDo0NTowNi4wMDBaIiwiaWF0IjoxNTk1NTkzNDQ3fQ.ZZie8wUNmayRwfXRDO-pHnNWZ9uXcbZ-JpV8Qh_OlAY', 1, '2020-07-11 14:02:24', '2020-07-24 12:24:11', 70),
(136, NULL, '1', '1', 'samsung/SM-M307F', '1.0', 'c891776bd8d73343', 0, 'GB', 'eyJhbGciOiJIUzI1NiIsInR5cCI6IkpXVCJ9.eyJzdWJzY3JpcHRpb25fc3RhdHVzIjoxLCJsb2dpbmF0dGVtcHQiOm51bGwsInN0YXR1cyI6MSwiaWQiOjMwNiwiZW1haWwiOiJrY21AZ21haWwuY29tIiwicGFzc3dvcmQiOiIkMmEkMTAkckNwTUdtYkg4V0hBek1OajJ1ZWYuLjI0N1E5a3ZSQ2YybGZrdVlqNG5qc3dRV093YUtoekMiLCJwdWJsaWNfaWQiOjE1OTQ0Nzc3ODYyOTYsImNoYXJpdHlfaWQiOiIiLCJ1cGRhdGVkQXQiOiIyMDIwLTA3LTExVDE0OjI5OjQ2LjI5NloiLCJjcmVhdGVkQXQiOiIyMDIwLTA3LTExVDE0OjI5OjQ2LjI5NloiLCJpYXQiOjE1OTQ0Nzc3ODZ9.3PLK83o1QCh3C340nIJO8Bl4GdmjCU5R0-ufvFBk4gs', 1, '2020-07-11 14:29:46', '2020-07-11 14:29:46', 306),
(137, NULL, '1', '1', 'samsung/SM-M307F', '1.0', 'c891776bd8d73343', 0, 'GB', 'eyJhbGciOiJIUzI1NiIsInR5cCI6IkpXVCJ9.eyJzdWJzY3JpcHRpb25fc3RhdHVzIjoxLCJsb2dpbmF0dGVtcHQiOm51bGwsInN0YXR1cyI6MSwiaWQiOjMwNywiZW1haWwiOiJmb3hAZ21haWwuY29tIiwicGFzc3dvcmQiOiIkMmEkMTAkRjBmVjRhNHVIb2F5NTZwRThLZERHT2JRWkVXU0R3azRta2VYV2djbXhmUzg0Ym5pdDI0bHkiLCJwdWJsaWNfaWQiOjE1OTQ0NzgxNzM2ODEsImNoYXJpdHlfaWQiOiIiLCJ1cGRhdGVkQXQiOiIyMDIwLTA3LTExVDE0OjM2OjEzLjY4MVoiLCJjcmVhdGVkQXQiOiIyMDIwLTA3LTExVDE0OjM2OjEzLjY4MVoiLCJpYXQiOjE1OTQ0NzgxNzN9.EH1GL-2oFRq-d9Bqsfi6DTzfyFslt_T6G6yOTiSq-Go', 1, '2020-07-11 14:36:13', '2020-07-11 14:36:13', 307),
(138, NULL, '1', '1', 'samsung/SM-M307F', '1.0', 'c891776bd8d73343', 0, 'GB', 'eyJhbGciOiJIUzI1NiIsInR5cCI6IkpXVCJ9.eyJzdWJzY3JpcHRpb25fc3RhdHVzIjoxLCJsb2dpbmF0dGVtcHQiOm51bGwsInN0YXR1cyI6MSwiaWQiOjMwOCwiZW1haWwiOiJ2aW5uQGdtYWlsLmNvbSIsInBhc3N3b3JkIjoiJDJhJDEwJHR6RGVmWnhYbm1BMDUxQVNIeDEvTi4zYU1ZT3l5RnUyZ0lyVnZtaS5IbTRDbTYxYTRVaDlDIiwicHVibGljX2lkIjoxNTk0NDc4Mzc0NjA1LCJjaGFyaXR5X2lkIjoiIiwidXBkYXRlZEF0IjoiMjAyMC0wNy0xMVQxNDozOTozNC42MDVaIiwiY3JlYXRlZEF0IjoiMjAyMC0wNy0xMVQxNDozOTozNC42MDVaIiwiaWF0IjoxNTk0NDc4Mzc0fQ.CHTHclYgYjU5xrr15fMouNbsiT3Cu8mgaEmMdXXTmjg', 1, '2020-07-11 14:39:34', '2020-07-11 14:39:34', 308),
(139, NULL, '0', '13.5.1', 'iPad (7th generation)', '1.1', 'em1K0k42vS', 0, '', '', 0, '2020-07-11 14:41:12', '2020-07-11 15:20:13', 309),
(140, NULL, '0', '13.1.0', 'Simulator iPad11,3', '1.1', '0AFVzsIsas', 0, '', NULL, 0, '2020-07-11 14:45:28', '2020-07-24 10:18:31', 2),
(141, NULL, '1', '1', 'samsung/SM-M307F', '1.0', 'c891776bd8d73343', 0, 'GB', 'eyJhbGciOiJIUzI1NiIsInR5cCI6IkpXVCJ9.eyJzdWJzY3JpcHRpb25fc3RhdHVzIjoxLCJsb2dpbmF0dGVtcHQiOm51bGwsInN0YXR1cyI6MSwiaWQiOjMxMCwiZW1haWwiOiJraW5uQGdtYWlsLmNvbSIsInBhc3N3b3JkIjoiJDJhJDEwJFJlWGFGb3ZPdWV3bUt4OTlPZnRHOU84b2pWcHlUUGVUbnNJQnhUVi41U2IvWVM0TkZybzRTIiwicHVibGljX2lkIjoxNTk0NDc4ODgyMzc1LCJjaGFyaXR5X2lkIjoiIiwidXBkYXRlZEF0IjoiMjAyMC0wNy0xMVQxNDo0ODowMi4zNzZaIiwiY3JlYXRlZEF0IjoiMjAyMC0wNy0xMVQxNDo0ODowMi4zNzZaIiwiaWF0IjoxNTk0NDc4ODgyfQ.y95ZG0PHj87Q1Ps6NRJkg43BRhYu_I82I0ESs1znjgc', 1, '2020-07-11 14:48:02', '2020-07-11 14:48:02', 310),
(142, NULL, '0', '13.1.0', 'Simulator iPad11,3', '1.1', '4pKKTQIshy', 0, '', NULL, 0, '2020-07-11 14:49:30', '2020-07-24 10:18:31', 2),
(143, NULL, '1', '1', 'samsung/SM-M307F', '1.0', 'c891776bd8d73343', 0, 'GB', 'eyJhbGciOiJIUzI1NiIsInR5cCI6IkpXVCJ9.eyJzdWJzY3JpcHRpb25fc3RhdHVzIjoxLCJsb2dpbmF0dGVtcHQiOm51bGwsInN0YXR1cyI6MSwiaWQiOjMxMSwiZW1haWwiOiJqaW10QGdtYWlsLmNvbSIsInBhc3N3b3JkIjoiJDJhJDEwJGFjQ1dDS3p3Ri5zdnl1WWF5NjJQY3ViYWRIRU5GT3Npb3ZYWmpNdmFkUGxjRDFzVEhGbGpXIiwicHVibGljX2lkIjoxNTk0NDc5MDk3ODI4LCJjaGFyaXR5X2lkIjoiIiwidXBkYXRlZEF0IjoiMjAyMC0wNy0xMVQxNDo1MTozNy44MjhaIiwiY3JlYXRlZEF0IjoiMjAyMC0wNy0xMVQxNDo1MTozNy44MjhaIiwiaWF0IjoxNTk0NDc5MDk3fQ.EK5aP0v5-NFjUSw0ykSeqlChP-WOv5vcpStDxCGV4lo', 1, '2020-07-11 14:51:37', '2020-07-11 14:51:37', 311),
(144, NULL, '1', '1', 'samsung/SM-M307F', '1.0', 'c891776bd8d73343', 0, 'GB', 'eyJhbGciOiJIUzI1NiIsInR5cCI6IkpXVCJ9.eyJzdWJzY3JpcHRpb25fc3RhdHVzIjoxLCJsb2dpbmF0dGVtcHQiOm51bGwsInN0YXR1cyI6MSwiaWQiOjMxMiwiZW1haWwiOiJsdWpqQGdtYWlsLmNvbSIsInBhc3N3b3JkIjoiJDJhJDEwJGtnUS9jZ2RTaTJhaGhXSnBud0hrTXV4UjdlbGQuay9vYUFYUkZ1N2RBYS5FMnd2YkhyOXd1IiwicHVibGljX2lkIjoxNTk0NDc5NTU5Njg2LCJjaGFyaXR5X2lkIjoiIiwidXBkYXRlZEF0IjoiMjAyMC0wNy0xMVQxNDo1OToxOS42ODZaIiwiY3JlYXRlZEF0IjoiMjAyMC0wNy0xMVQxNDo1OToxOS42ODZaIiwiaWF0IjoxNTk0NDc5NTU5fQ.jTjhfl4b9B84yCQl9QkcABU1QcdtvqiBiBbc6kpm9co', 1, '2020-07-11 14:59:19', '2020-07-11 14:59:19', 312),
(145, NULL, '1', '1', 'samsung/SM-T385', '1.0', 'b0750032b3bb99f6', 1, 'GB', NULL, 0, '2020-07-11 15:09:09', '2020-07-27 08:28:53', 12),
(146, NULL, '0', '13.5.1', 'iPad (7th generation)', '1.1', 'sek79NxpEC', 0, '', 'eyJhbGciOiJIUzI1NiIsInR5cCI6IkpXVCJ9.eyJpZCI6MTIyLCJwdWJsaWNfaWQiOiIxNTk0MDI4NTY5MzM2IiwiZW1haWwiOiJwb3BAZ21haWwuY29tIiwicGFzc3dvcmQiOiIkMmEkMTAkVTExcWtub1pWTFA4b2FpMVJaUVlPT0VhRlhic2VqM1BMMFBiaE9qMUVkbEVoaGRPWnQ0MmkiLCJhdmF0YXJfaWQiOm51bGwsIm90cCI6MTIzNCwiY2hhcml0eV9pZCI6IiIsInJlc2V0X3Bhc3N3b3JkX3Rva2VuIjoiJDJhJDEwJDZMTGp6WGMzSWszOUs0emlhS3k5UnVtLmlqeHBwU0JDYnBaVjZaQktPV2N2Mkk3enJDamQ2Iiwic3Vic2NyaXB0aW9uX3N0YXR1cyI6MSwibG9naW5hdHRlbXB0IjpudWxsLCJwYXNzd29yZF9jb3VudCI6MCwibGFzdF9sb2dpbl9kYXRlIjoiMjAyMC0wNy0wNlQxMTo0ODo1MS4wMDBaIiwicmVzZXRfcGFzc3dvcmRfZGF0ZSI6bnVsbCwic3RhdHVzIjoxLCJjcmVhdGVkQXQiOiIyMDIwLTA3LTA2VDA5OjQyOjQ5LjAwMFoiLCJ1cGRhdGVkQXQiOiIyMDIwLTA3LTExVDEzOjU1OjUwLjAwMFoiLCJpYXQiOjE1OTQ0ODExNzl9.NqRJfIC9M77RlLvY4K2Q80ppGjCw51fNiLOAQ4YnmXo', 1, '2020-07-11 15:26:19', '2020-07-11 15:26:19', 122),
(147, NULL, '0', '13.5.1', 'iPad (7th generation)', '1.1', 'MkCxpyvbTn', 0, '', '', 0, '2020-07-11 15:34:58', '2020-07-11 16:09:31', 313),
(148, NULL, '1', '1', 'samsung/SM-T385', '1.0', 'b0750032b3bb99f6', 1, 'GB', NULL, 0, '2020-07-11 15:46:18', '2020-07-27 08:28:53', 12),
(149, NULL, '0', '13.5.1', 'iPhone X', '1.1', 'j0jZIaoNn0', 0, '', 'eyJhbGciOiJIUzI1NiIsInR5cCI6IkpXVCJ9.eyJzdWJzY3JpcHRpb25fc3RhdHVzIjoxLCJsb2dpbmF0dGVtcHQiOm51bGwsInN0YXR1cyI6MSwiaWQiOjMxNSwiZW1haWwiOiJyYXZlZWNoYXVoYW4xMEBnbWFpbC5jb20iLCJwYXNzd29yZCI6IiQyYSQxMCR4dVFXTWJaOGwxOXg1cnpwbDRibHQuMDhGdFQ3ckNOOGRoMEpEV0VQU2NNWWlyNzFMUllZMiIsInB1YmxpY19pZCI6MTU5NDQ4MjkyMDcyNiwiY2hhcml0eV9pZCI6IjgsNiIsInVwZGF0ZWRBdCI6IjIwMjAtMDctMTFUMTU6NTU6MjAuNzI2WiIsImNyZWF0ZWRBdCI6IjIwMjAtMDctMTFUMTU6NTU6MjAuNzI2WiIsImlhdCI6MTU5NDQ4MjkyMH0.D2EIR0vDv87l_aZ8BzutIYcHFg5rZxdT_VIqEXUIcNo', 1, '2020-07-11 15:55:20', '2020-07-11 15:55:20', 315),
(150, NULL, '0', '13.5.1', 'iPhone XR', '1', 'a8R3K3cR0F', 0, '', NULL, 0, '2020-07-11 16:07:57', '2020-07-23 22:32:30', 72),
(151, NULL, '0', '13.5.1', 'iPad (7th generation)', '1.1', 'XwbU9Hr9s9', 0, '', '', 0, '2020-07-11 16:09:50', '2020-07-13 04:18:57', 122),
(152, NULL, '0', '13.1.0', 'Simulator iPad11,3', '1.1', 'ME2Cw4YWwk', 0, '', '', 0, '2020-07-11 16:27:32', '2020-07-11 16:28:17', 248),
(153, NULL, '0', '13.1.0', 'Simulator iPad11,3', '1.1', 'lmXk1W3G8L', 0, '', '', 0, '2020-07-11 16:28:47', '2020-07-11 16:49:46', 248),
(154, NULL, '0', '13.1.0', 'Simulator iPad11,3', '1.1', 'xXMQy55U9Y', 0, '', NULL, 0, '2020-07-11 16:50:02', '2020-07-24 10:18:31', 2),
(155, NULL, '0', '13.1.0', 'Simulator iPad11,3', '1.1', 'yRcglAbWNB', 0, '', '', 0, '2020-07-11 17:03:55', '2020-07-20 04:28:30', 248),
(156, NULL, '1', '1', 'Xiaomi/Redmi Note 7 Pro', '1.0', 'fa333b11e8807cee', 1, 'IN', 'eyJhbGciOiJIUzI1NiIsInR5cCI6IkpXVCJ9.eyJpZCI6Mjc5LCJwdWJsaWNfaWQiOiIxNTk0NDUyNDUxNTYxIiwiZW1haWwiOiJzZnMuY2hpdGVzaDIwQGdtYWlsLmNvbSIsInBhc3N3b3JkIjoiJDJhJDEwJC43SEFFN1cyYUtOcy9xSkxYbFAvcmVDNmRycVEzc0RZdGdKRGdvSGFqNEJ5ejMyMnFMU0ZPIiwiYXZhdGFyX2lkIjpudWxsLCJvdHAiOm51bGwsImNoYXJpdHlfaWQiOiI4IiwicmVzZXRfcGFzc3dvcmRfdG9rZW4iOm51bGwsInN1YnNjcmlwdGlvbl9zdGF0dXMiOjEsImxvZ2luYXR0ZW1wdCI6bnVsbCwicGFzc3dvcmRfY291bnQiOjAsImxhc3RfbG9naW5fZGF0ZSI6bnVsbCwicmVzZXRfcGFzc3dvcmRfZGF0ZSI6bnVsbCwic3RhdHVzIjoxLCJjcmVhdGVkQXQiOiIyMDIwLTA3LTExVDA3OjI3OjMxLjAwMFoiLCJ1cGRhdGVkQXQiOiIyMDIwLTA3LTEzVDA2OjMyOjU2LjAwMFoiLCJpYXQiOjE1OTU0OTE2MzB9.bscbRIgHlnupQGRS1-4Vcoy0XBbnrOgJseqIXUyGm24', 1, '2020-07-12 10:50:49', '2020-07-23 08:07:10', 279),
(157, NULL, '0', '13.5.1', 'iPhone 11', '1.2', 'j2eZuHOhDi', 0, '', '', 0, '2020-07-12 15:39:27', '2020-07-12 15:59:50', 316),
(158, NULL, '0', '13.5.1', 'iPhone 11', '1.2', '7A4FiafmSA', 0, '', '', 0, '2020-07-12 16:01:00', '2020-07-12 16:48:23', 316),
(159, NULL, '0', '13.5.1', 'iPhone 11', '1.2', 'tvAolElmrZ', 0, '', '', 0, '2020-07-12 16:51:04', '2020-07-12 23:46:45', 316),
(160, NULL, '1', '1', 'samsung/SM-G960U1', '1.0', '6a4d6cb88138c9c3', 0, 'US', 'eyJhbGciOiJIUzI1NiIsInR5cCI6IkpXVCJ9.eyJpZCI6NDA4LCJwdWJsaWNfaWQiOiIxNTk1MzQ4MzQ0MDA2IiwiZW1haWwiOiJ2aWpheWFwMkBnbWFpbC5jb20iLCJwYXNzd29yZCI6IiQyYSQxMCRLd20wTllId0tVNkIyeWM1WmRuVDF1ZXlOcnI2OHd5bHo2Y0wvN2xOaE5PL1dWYnFBbDhJMiIsImF2YXRhcl9pZCI6bnVsbCwib3RwIjpudWxsLCJjaGFyaXR5X2lkIjoiOCw1IiwicmVzZXRfcGFzc3dvcmRfdG9rZW4iOm51bGwsInN1YnNjcmlwdGlvbl9zdGF0dXMiOjEsImxvZ2luYXR0ZW1wdCI6bnVsbCwicGFzc3dvcmRfY291bnQiOjAsImxhc3RfbG9naW5fZGF0ZSI6IjIwMjAtMDctMjRUMDE6MzA6MjQuMDAwWiIsInJlc2V0X3Bhc3N3b3JkX2RhdGUiOiIyMDIwLTA3LTI0VDAxOjMwOjU3LjAwMFoiLCJzdGF0dXMiOjEsImNyZWF0ZWRBdCI6IjIwMjAtMDctMjFUMTY6MTk6MDQuMDAwWiIsInVwZGF0ZWRBdCI6IjIwMjAtMDctMjVUMTM6MDU6MjMuMDAwWiIsImlhdCI6MTU5NTY5MjY0Nn0.52HRkbZm4NMinY0kyTkKWYEq1FA0efSHLe29jkDGQnA', 1, '2020-07-12 19:24:12', '2020-07-25 15:57:28', 408),
(161, NULL, '1', '1', 'samsung/SM-G960U1', '1.0', '6a4d6cb88138c9c3', 0, 'US', 'eyJhbGciOiJIUzI1NiIsInR5cCI6IkpXVCJ9.eyJpZCI6NDA4LCJwdWJsaWNfaWQiOiIxNTk1MzQ4MzQ0MDA2IiwiZW1haWwiOiJ2aWpheWFwMkBnbWFpbC5jb20iLCJwYXNzd29yZCI6IiQyYSQxMCRLd20wTllId0tVNkIyeWM1WmRuVDF1ZXlOcnI2OHd5bHo2Y0wvN2xOaE5PL1dWYnFBbDhJMiIsImF2YXRhcl9pZCI6bnVsbCwib3RwIjpudWxsLCJjaGFyaXR5X2lkIjoiOCw1IiwicmVzZXRfcGFzc3dvcmRfdG9rZW4iOm51bGwsInN1YnNjcmlwdGlvbl9zdGF0dXMiOjEsImxvZ2luYXR0ZW1wdCI6bnVsbCwicGFzc3dvcmRfY291bnQiOjAsImxhc3RfbG9naW5fZGF0ZSI6IjIwMjAtMDctMjRUMDE6MzA6MjQuMDAwWiIsInJlc2V0X3Bhc3N3b3JkX2RhdGUiOiIyMDIwLTA3LTI0VDAxOjMwOjU3LjAwMFoiLCJzdGF0dXMiOjEsImNyZWF0ZWRBdCI6IjIwMjAtMDctMjFUMTY6MTk6MDQuMDAwWiIsInVwZGF0ZWRBdCI6IjIwMjAtMDctMjVUMTM6MDU6MjMuMDAwWiIsImlhdCI6MTU5NTY5MjY0Nn0.52HRkbZm4NMinY0kyTkKWYEq1FA0efSHLe29jkDGQnA', 1, '2020-07-12 19:43:49', '2020-07-25 15:57:28', 408),
(162, NULL, '1', '1', 'samsung/SM-G960U1', '1.0', '6a4d6cb88138c9c3', 0, 'US', 'eyJhbGciOiJIUzI1NiIsInR5cCI6IkpXVCJ9.eyJpZCI6NDA4LCJwdWJsaWNfaWQiOiIxNTk1MzQ4MzQ0MDA2IiwiZW1haWwiOiJ2aWpheWFwMkBnbWFpbC5jb20iLCJwYXNzd29yZCI6IiQyYSQxMCRLd20wTllId0tVNkIyeWM1WmRuVDF1ZXlOcnI2OHd5bHo2Y0wvN2xOaE5PL1dWYnFBbDhJMiIsImF2YXRhcl9pZCI6bnVsbCwib3RwIjpudWxsLCJjaGFyaXR5X2lkIjoiOCw1IiwicmVzZXRfcGFzc3dvcmRfdG9rZW4iOm51bGwsInN1YnNjcmlwdGlvbl9zdGF0dXMiOjEsImxvZ2luYXR0ZW1wdCI6bnVsbCwicGFzc3dvcmRfY291bnQiOjAsImxhc3RfbG9naW5fZGF0ZSI6IjIwMjAtMDctMjRUMDE6MzA6MjQuMDAwWiIsInJlc2V0X3Bhc3N3b3JkX2RhdGUiOiIyMDIwLTA3LTI0VDAxOjMwOjU3LjAwMFoiLCJzdGF0dXMiOjEsImNyZWF0ZWRBdCI6IjIwMjAtMDctMjFUMTY6MTk6MDQuMDAwWiIsInVwZGF0ZWRBdCI6IjIwMjAtMDctMjVUMTM6MDU6MjMuMDAwWiIsImlhdCI6MTU5NTY5MjY0Nn0.52HRkbZm4NMinY0kyTkKWYEq1FA0efSHLe29jkDGQnA', 1, '2020-07-12 19:46:26', '2020-07-25 15:57:28', 408),
(163, NULL, '1', '1', 'samsung/SM-G960U1', '1.0', '6a4d6cb88138c9c3', 0, 'US', 'eyJhbGciOiJIUzI1NiIsInR5cCI6IkpXVCJ9.eyJpZCI6NDA4LCJwdWJsaWNfaWQiOiIxNTk1MzQ4MzQ0MDA2IiwiZW1haWwiOiJ2aWpheWFwMkBnbWFpbC5jb20iLCJwYXNzd29yZCI6IiQyYSQxMCRLd20wTllId0tVNkIyeWM1WmRuVDF1ZXlOcnI2OHd5bHo2Y0wvN2xOaE5PL1dWYnFBbDhJMiIsImF2YXRhcl9pZCI6bnVsbCwib3RwIjpudWxsLCJjaGFyaXR5X2lkIjoiOCw1IiwicmVzZXRfcGFzc3dvcmRfdG9rZW4iOm51bGwsInN1YnNjcmlwdGlvbl9zdGF0dXMiOjEsImxvZ2luYXR0ZW1wdCI6bnVsbCwicGFzc3dvcmRfY291bnQiOjAsImxhc3RfbG9naW5fZGF0ZSI6IjIwMjAtMDctMjRUMDE6MzA6MjQuMDAwWiIsInJlc2V0X3Bhc3N3b3JkX2RhdGUiOiIyMDIwLTA3LTI0VDAxOjMwOjU3LjAwMFoiLCJzdGF0dXMiOjEsImNyZWF0ZWRBdCI6IjIwMjAtMDctMjFUMTY6MTk6MDQuMDAwWiIsInVwZGF0ZWRBdCI6IjIwMjAtMDctMjVUMTM6MDU6MjMuMDAwWiIsImlhdCI6MTU5NTY5MjY0Nn0.52HRkbZm4NMinY0kyTkKWYEq1FA0efSHLe29jkDGQnA', 1, '2020-07-12 19:49:56', '2020-07-25 15:57:28', 408),
(164, NULL, '1', '1', 'samsung/SM-G960U1', '1.0', '6a4d6cb88138c9c3', 0, 'US', 'eyJhbGciOiJIUzI1NiIsInR5cCI6IkpXVCJ9.eyJpZCI6NDA4LCJwdWJsaWNfaWQiOiIxNTk1MzQ4MzQ0MDA2IiwiZW1haWwiOiJ2aWpheWFwMkBnbWFpbC5jb20iLCJwYXNzd29yZCI6IiQyYSQxMCRLd20wTllId0tVNkIyeWM1WmRuVDF1ZXlOcnI2OHd5bHo2Y0wvN2xOaE5PL1dWYnFBbDhJMiIsImF2YXRhcl9pZCI6bnVsbCwib3RwIjpudWxsLCJjaGFyaXR5X2lkIjoiOCw1IiwicmVzZXRfcGFzc3dvcmRfdG9rZW4iOm51bGwsInN1YnNjcmlwdGlvbl9zdGF0dXMiOjEsImxvZ2luYXR0ZW1wdCI6bnVsbCwicGFzc3dvcmRfY291bnQiOjAsImxhc3RfbG9naW5fZGF0ZSI6IjIwMjAtMDctMjRUMDE6MzA6MjQuMDAwWiIsInJlc2V0X3Bhc3N3b3JkX2RhdGUiOiIyMDIwLTA3LTI0VDAxOjMwOjU3LjAwMFoiLCJzdGF0dXMiOjEsImNyZWF0ZWRBdCI6IjIwMjAtMDctMjFUMTY6MTk6MDQuMDAwWiIsInVwZGF0ZWRBdCI6IjIwMjAtMDctMjVUMTM6MDU6MjMuMDAwWiIsImlhdCI6MTU5NTY5MjY0Nn0.52HRkbZm4NMinY0kyTkKWYEq1FA0efSHLe29jkDGQnA', 1, '2020-07-12 19:53:42', '2020-07-25 15:57:28', 408),
(165, NULL, '1', '1', 'samsung/SM-G960U1', '1.0', '6a4d6cb88138c9c3', 0, 'US', 'eyJhbGciOiJIUzI1NiIsInR5cCI6IkpXVCJ9.eyJpZCI6NDA4LCJwdWJsaWNfaWQiOiIxNTk1MzQ4MzQ0MDA2IiwiZW1haWwiOiJ2aWpheWFwMkBnbWFpbC5jb20iLCJwYXNzd29yZCI6IiQyYSQxMCRLd20wTllId0tVNkIyeWM1WmRuVDF1ZXlOcnI2OHd5bHo2Y0wvN2xOaE5PL1dWYnFBbDhJMiIsImF2YXRhcl9pZCI6bnVsbCwib3RwIjpudWxsLCJjaGFyaXR5X2lkIjoiOCw1IiwicmVzZXRfcGFzc3dvcmRfdG9rZW4iOm51bGwsInN1YnNjcmlwdGlvbl9zdGF0dXMiOjEsImxvZ2luYXR0ZW1wdCI6bnVsbCwicGFzc3dvcmRfY291bnQiOjAsImxhc3RfbG9naW5fZGF0ZSI6IjIwMjAtMDctMjRUMDE6MzA6MjQuMDAwWiIsInJlc2V0X3Bhc3N3b3JkX2RhdGUiOiIyMDIwLTA3LTI0VDAxOjMwOjU3LjAwMFoiLCJzdGF0dXMiOjEsImNyZWF0ZWRBdCI6IjIwMjAtMDctMjFUMTY6MTk6MDQuMDAwWiIsInVwZGF0ZWRBdCI6IjIwMjAtMDctMjVUMTM6MDU6MjMuMDAwWiIsImlhdCI6MTU5NTY5MjY0Nn0.52HRkbZm4NMinY0kyTkKWYEq1FA0efSHLe29jkDGQnA', 1, '2020-07-12 19:53:42', '2020-07-25 15:57:28', 408),
(166, NULL, '0', '13.4.1', 'iPad mini 4', '1.2', 'CAkKIBAFGN', 0, '', NULL, 0, '2020-07-12 21:41:57', '2020-07-23 22:32:30', 72),
(167, NULL, '0', '13.4.1', 'iPad mini 4', '1.2', 'e0Kf0J95KZ', 0, '', '', 0, '2020-07-12 22:20:57', '2020-07-12 22:21:31', 318),
(168, NULL, '0', '13.4.1', 'iPad mini 4', '1.2', 'aAlSTSd0a3', 0, '', '', 0, '2020-07-12 22:26:59', '2020-07-13 01:53:05', 318),
(169, NULL, '0', '13.5.1', 'iPhone 11', '1.2', 'QLq7mAQt9U', 0, '', '', 0, '2020-07-12 23:47:07', '2020-07-12 23:47:23', 317),
(170, NULL, '0', '13.5.1', 'iPhone 11', '1.2', 'DgFs2atNdo', 0, '', '', 0, '2020-07-12 23:47:38', '2020-07-16 22:28:56', 316),
(171, NULL, '0', '13.5.1', 'iPad Pro (12.9-inch) (4th generation)', '1.2', 'qMf5uJa9BD', 0, '', '', 0, '2020-07-13 02:44:14', '2020-07-13 02:45:08', 319),
(172, NULL, '0', '13.5.1', 'iPad Pro (12.9-inch) (4th generation)', '1.2', '38ZxJjpBrk', 0, '', 'eyJhbGciOiJIUzI1NiIsInR5cCI6IkpXVCJ9.eyJpZCI6MzE3LCJwdWJsaWNfaWQiOiIxNTk0NTgxODUyOTYwIiwiZW1haWwiOiJhYkBhYS5hYSIsInBhc3N3b3JkIjoiJDJhJDEwJHBiaFpjSmJBN0N5c2FROC5ONk5zb09XV1VpODI5Q3Q4cEhvdDVmYWtVME5SOG9EUW12SlUuIiwiYXZhdGFyX2lkIjpudWxsLCJvdHAiOjEyMzQsImNoYXJpdHlfaWQiOiI2IiwicmVzZXRfcGFzc3dvcmRfdG9rZW4iOm51bGwsInN1YnNjcmlwdGlvbl9zdGF0dXMiOjEsImxvZ2luYXR0ZW1wdCI6bnVsbCwicGFzc3dvcmRfY291bnQiOjAsImxhc3RfbG9naW5fZGF0ZSI6bnVsbCwicmVzZXRfcGFzc3dvcmRfZGF0ZSI6bnVsbCwic3RhdHVzIjoxLCJjcmVhdGVkQXQiOiIyMDIwLTA3LTEyVDE5OjI0OjEyLjAwMFoiLCJ1cGRhdGVkQXQiOiIyMDIwLTA3LTEyVDIzOjQ3OjIwLjAwMFoiLCJpYXQiOjE1OTQ2MDgzMzZ9.caxe4elbY-T6PgJBnbEFDJMZ-v0fofiVfEeKhW-dkFs', 1, '2020-07-13 02:45:36', '2020-07-13 02:45:36', 317),
(173, NULL, '0', '13.5.1', 'iPhone 11', '1', 'wmQQshwsx1', 0, '', '', 0, '2020-07-13 04:14:38', '2020-07-13 04:15:05', 122),
(174, NULL, '0', '13.5.1', 'iPhone 11', '1', 'Ga9whTl3B6', 0, '', 'eyJhbGciOiJIUzI1NiIsInR5cCI6IkpXVCJ9.eyJpZCI6MTIyLCJwdWJsaWNfaWQiOiIxNTk0MDI4NTY5MzM2IiwiZW1haWwiOiJwb3BAZ21haWwuY29tIiwicGFzc3dvcmQiOiIkMmEkMTAkVTExcWtub1pWTFA4b2FpMVJaUVlPT0VhRlhic2VqM1BMMFBiaE9qMUVkbEVoaGRPWnQ0MmkiLCJhdmF0YXJfaWQiOm51bGwsIm90cCI6MTIzNCwiY2hhcml0eV9pZCI6IiIsInJlc2V0X3Bhc3N3b3JkX3Rva2VuIjoiJDJhJDEwJDZMTGp6WGMzSWszOUs0emlhS3k5UnVtLmlqeHBwU0JDYnBaVjZaQktPV2N2Mkk3enJDamQ2Iiwic3Vic2NyaXB0aW9uX3N0YXR1cyI6MSwibG9naW5hdHRlbXB0IjpudWxsLCJwYXNzd29yZF9jb3VudCI6MCwibGFzdF9sb2dpbl9kYXRlIjoiMjAyMC0wNy0wNlQxMTo0ODo1MS4wMDBaIiwicmVzZXRfcGFzc3dvcmRfZGF0ZSI6bnVsbCwic3RhdHVzIjoxLCJjcmVhdGVkQXQiOiIyMDIwLTA3LTA2VDA5OjQyOjQ5LjAwMFoiLCJ1cGRhdGVkQXQiOiIyMDIwLTA3LTEzVDA0OjE0OjQ1LjAwMFoiLCJpYXQiOjE1OTQ2MTM3OTV9.U4imY_KtC6LwIFiyVuTmXwjNGM7XhqoFW_j6OCAw_lY', 1, '2020-07-13 04:16:35', '2020-07-13 04:16:35', 122),
(175, NULL, '0', '13.5.1', 'iPad (7th generation)', '1.1', 'ZzTHrBb0qu', 0, '', '', 0, '2020-07-13 04:20:38', '2020-07-13 05:03:15', 122),
(176, NULL, '1', '1', 'samsung/SM-M205F', '1.0', '53f7e933515c22b0', 0, 'GB', 'eyJhbGciOiJIUzI1NiIsInR5cCI6IkpXVCJ9.eyJpZCI6NzAsInB1YmxpY19pZCI6IjE1OTMxNjkyMTEwNTkiLCJlbWFpbCI6ImJiQGdtYWlsLmNvbSIsInBhc3N3b3JkIjoiJDJhJDEwJDNKaUVtaHFPN0FmQVBqWVVva3Z1US54UGZGZzUzZ2M1V3IwM1Nwb2pRN2NPWkxMODVQN3VpIiwiYXZhdGFyX2lkIjpudWxsLCJvdHAiOm51bGwsImNoYXJpdHlfaWQiOiI1LDYsNCIsInJlc2V0X3Bhc3N3b3JkX3Rva2VuIjpudWxsLCJzdWJzY3JpcHRpb25fc3RhdHVzIjoxLCJsb2dpbmF0dGVtcHQiOm51bGwsInBhc3N3b3JkX2NvdW50IjowLCJsYXN0X2xvZ2luX2RhdGUiOm51bGwsInJlc2V0X3Bhc3N3b3JkX2RhdGUiOm51bGwsInN0YXR1cyI6MSwiY3JlYXRlZEF0IjoiMjAyMC0wNi0yNlQxMTowMDoxMS4wMDBaIiwidXBkYXRlZEF0IjoiMjAyMC0wNy0yMlQwNDo0NTowNi4wMDBaIiwiaWF0IjoxNTk1NTkzNDQ3fQ.ZZie8wUNmayRwfXRDO-pHnNWZ9uXcbZ-JpV8Qh_OlAY', 1, '2020-07-13 04:49:19', '2020-07-24 12:24:11', 70),
(177, NULL, '1', '1', 'samsung/SM-M205F', '1.0', '53f7e933515c22b0', 0, 'GB', 'eyJhbGciOiJIUzI1NiIsInR5cCI6IkpXVCJ9.eyJpZCI6NzAsInB1YmxpY19pZCI6IjE1OTMxNjkyMTEwNTkiLCJlbWFpbCI6ImJiQGdtYWlsLmNvbSIsInBhc3N3b3JkIjoiJDJhJDEwJDNKaUVtaHFPN0FmQVBqWVVva3Z1US54UGZGZzUzZ2M1V3IwM1Nwb2pRN2NPWkxMODVQN3VpIiwiYXZhdGFyX2lkIjpudWxsLCJvdHAiOm51bGwsImNoYXJpdHlfaWQiOiI1LDYsNCIsInJlc2V0X3Bhc3N3b3JkX3Rva2VuIjpudWxsLCJzdWJzY3JpcHRpb25fc3RhdHVzIjoxLCJsb2dpbmF0dGVtcHQiOm51bGwsInBhc3N3b3JkX2NvdW50IjowLCJsYXN0X2xvZ2luX2RhdGUiOm51bGwsInJlc2V0X3Bhc3N3b3JkX2RhdGUiOm51bGwsInN0YXR1cyI6MSwiY3JlYXRlZEF0IjoiMjAyMC0wNi0yNlQxMTowMDoxMS4wMDBaIiwidXBkYXRlZEF0IjoiMjAyMC0wNy0yMlQwNDo0NTowNi4wMDBaIiwiaWF0IjoxNTk1NTkzNDQ3fQ.ZZie8wUNmayRwfXRDO-pHnNWZ9uXcbZ-JpV8Qh_OlAY', 1, '2020-07-13 05:02:05', '2020-07-24 12:24:11', 70),
(178, NULL, '0', '13.5.1', 'iPad (7th generation)', '1.1', 'Y2hSWrpz91', 0, '', NULL, 0, '2020-07-13 05:05:01', '2020-07-27 08:28:53', 12),
(180, NULL, '1', '1', 'samsung/SM-T385', '1.0', 'b0750032b3bb99f6', 1, 'GB', NULL, 0, '2020-07-13 05:20:33', '2020-07-27 08:28:53', 12),
(181, NULL, '1', '1', 'samsung/SM-T385', '1.0', 'b0750032b3bb99f6', 1, 'GB', NULL, 0, '2020-07-13 05:20:33', '2020-07-27 08:28:53', 12),
(182, NULL, '0', '13.5.1', 'iPad (7th generation)', '1.1', 'dD8XDpOe5o', 0, '', NULL, 0, '2020-07-13 05:20:43', '2020-07-27 08:28:53', 12),
(183, NULL, '0', '12.4.7', 'iPhone 6', '1', 'bqge9M18Tn', 0, '', 'eyJhbGciOiJIUzI1NiIsInR5cCI6IkpXVCJ9.eyJzdWJzY3JpcHRpb25fc3RhdHVzIjoxLCJsb2dpbmF0dGVtcHQiOm51bGwsInN0YXR1cyI6MSwiaWQiOjMyMCwiZW1haWwiOiJjbGlzQGdtYWlsLmNvbSIsInBhc3N3b3JkIjoiJDJhJDEwJHMxQk85RFJuZDRwR1FXdWpNWjFyMU9GNEVYOE5mWlZEV3VkbFdzZm1UN0gxT2J1UzdtUzBtIiwicHVibGljX2lkIjoxNTk0NjE4MTk5MTQ1LCJjaGFyaXR5X2lkIjoiIiwidXBkYXRlZEF0IjoiMjAyMC0wNy0xM1QwNToyOTo1OS4xNDZaIiwiY3JlYXRlZEF0IjoiMjAyMC0wNy0xM1QwNToyOTo1OS4xNDZaIiwiaWF0IjoxNTk0NjE4MTk5fQ.zBF9iJK5jNS8MM2r5a424KiFvuOmuYE6Mt-P1KSUD6o', 1, '2020-07-13 05:29:59', '2020-07-13 05:29:59', 320),
(184, NULL, '0', '13.1.0', 'Simulator iPhone 11 Pro Max', '1', 'FMqRz9yMBp', 0, '', 'eyJhbGciOiJIUzI1NiIsInR5cCI6IkpXVCJ9.eyJzdWJzY3JpcHRpb25fc3RhdHVzIjoxLCJsb2dpbmF0dGVtcHQiOm51bGwsInN0YXR1cyI6MSwiaWQiOjMyMSwiZW1haWwiOiJ2aWthczFAZ21haWwuY29tIiwicGFzc3dvcmQiOiIkMmEkMTAkdFZkYW5CN1RaM0EvRld3My9Wc2kwLkt4S2g1ZzYuYzhCT0lNNnJZTnJZcVJIdURHWm94QW0iLCJwdWJsaWNfaWQiOjE1OTQ2MjA3ODEzMjcsImNoYXJpdHlfaWQiOiIiLCJ1cGRhdGVkQXQiOiIyMDIwLTA3LTEzVDA2OjEzOjAxLjMyOVoiLCJjcmVhdGVkQXQiOiIyMDIwLTA3LTEzVDA2OjEzOjAxLjMyOVoiLCJpYXQiOjE1OTQ2MjA3ODF9.Woicl8NqQVcEiSrw9EjlYVKKfRRGO-9LT0UkF-qhGVo', 1, '2020-07-13 06:13:01', '2020-07-13 06:13:01', 321),
(185, NULL, '0', '13.5.1', 'iPad (7th generation)', '1.1', 'ElxTEyeL4T', 0, '', NULL, 0, '2020-07-13 06:19:11', '2020-07-27 08:28:53', 12),
(186, NULL, '0', '12.4.7', 'iPhone 6', '1', 'FD1LbPffKF', 0, '', 'eyJhbGciOiJIUzI1NiIsInR5cCI6IkpXVCJ9.eyJzdWJzY3JpcHRpb25fc3RhdHVzIjoxLCJsb2dpbmF0dGVtcHQiOm51bGwsInN0YXR1cyI6MSwiaWQiOjMyMiwiZW1haWwiOiJsaWx6QGdtYWlsLmNvbSIsInBhc3N3b3JkIjoiJDJhJDEwJHExWUREOXdwY1FsT2dmOS85MkxSU09zckk4WWVHWERGZ0ZONUJnR2hFclV1RnI0QTFyank2IiwicHVibGljX2lkIjoxNTk0NjIxMTk2MjQ5LCJjaGFyaXR5X2lkIjoiIiwidXBkYXRlZEF0IjoiMjAyMC0wNy0xM1QwNjoxOTo1Ni4yNDlaIiwiY3JlYXRlZEF0IjoiMjAyMC0wNy0xM1QwNjoxOTo1Ni4yNDlaIiwiaWF0IjoxNTk0NjIxMTk2fQ.KaLg_sQfMHK9_8YjXIb4X0D0L86ikUnQoyM8HQEHF94', 1, '2020-07-13 06:19:56', '2020-07-13 06:19:56', 322),
(187, NULL, '0', '12.4.7', 'iPhone 6', '1', 'gbF7DiXHCs', 0, '', 'eyJhbGciOiJIUzI1NiIsInR5cCI6IkpXVCJ9.eyJzdWJzY3JpcHRpb25fc3RhdHVzIjoxLCJsb2dpbmF0dGVtcHQiOm51bGwsInN0YXR1cyI6MSwiaWQiOjMyMywiZW1haWwiOiJ2aWx6QGdtYWlsLmNvbSIsInBhc3N3b3JkIjoiJDJhJDEwJDRLakdGL2hpOGJzV2F1MGdrd3REZC5Hc3d5QTdEby5tSUJlcHg1TFhZcGFPeEZIMldPZFJHIiwicHVibGljX2lkIjoxNTk0NjIxNzEwNTE5LCJjaGFyaXR5X2lkIjoiIiwidXBkYXRlZEF0IjoiMjAyMC0wNy0xM1QwNjoyODozMC41MjBaIiwiY3JlYXRlZEF0IjoiMjAyMC0wNy0xM1QwNjoyODozMC41MjBaIiwiaWF0IjoxNTk0NjIxNzEwfQ.UR84R6jZ9aHsECAGc4gkPvOqFMczAswg-eL-pWTmMm4', 1, '2020-07-13 06:28:30', '2020-07-13 06:28:30', 323),
(189, NULL, '0', '13.1.0', 'Simulator iPhone 11 Pro Max', '1', 'ESNP9ZEGTU', 0, '', 'eyJhbGciOiJIUzI1NiIsInR5cCI6IkpXVCJ9.eyJzdWJzY3JpcHRpb25fc3RhdHVzIjoxLCJsb2dpbmF0dGVtcHQiOm51bGwsInN0YXR1cyI6MSwiaWQiOjMyNCwiZW1haWwiOiJwYXJlbnRPbmVAZ21haWwuY29tIiwicGFzc3dvcmQiOiIkMmEkMTAkTC8vS0VzaDNQQmVOSDA2dG10Q0F5dUwyWFJvQWpiZUNRSWN6R0NnenRScnV5c0c3djZNR20iLCJwdWJsaWNfaWQiOjE1OTQ2MjIyODc2ODcsImNoYXJpdHlfaWQiOiIiLCJ1cGRhdGVkQXQiOiIyMDIwLTA3LTEzVDA2OjM4OjA3LjY4OFoiLCJjcmVhdGVkQXQiOiIyMDIwLTA3LTEzVDA2OjM4OjA3LjY4OFoiLCJpYXQiOjE1OTQ2MjIyODd9.VFZVqFX6R1jB5kmC9tX1t2t79ORCPWOYy435v3Ax3os', 1, '2020-07-13 06:38:07', '2020-07-13 06:38:07', 324),
(190, NULL, '0', '13.1.0', 'Simulator iPhone 11 Pro Max', '1', 'bY9ZxpqaHT', 0, '', 'eyJhbGciOiJIUzI1NiIsInR5cCI6IkpXVCJ9.eyJzdWJzY3JpcHRpb25fc3RhdHVzIjoxLCJsb2dpbmF0dGVtcHQiOm51bGwsInN0YXR1cyI6MSwiaWQiOjMyNSwiZW1haWwiOiJwYXIxMUBnbWFpbC5jb20iLCJwYXNzd29yZCI6IiQyYSQxMCRmZGhYb3pNOGJzNXdDaElzQmphekxPdTR6UERVTVVBQjR2R1hha3RsSURWQlk3Wkl6YVhPNiIsInB1YmxpY19pZCI6MTU5NDYyMjUzMjk0NywiY2hhcml0eV9pZCI6IiIsInVwZGF0ZWRBdCI6IjIwMjAtMDctMTNUMDY6NDI6MTIuOTQ4WiIsImNyZWF0ZWRBdCI6IjIwMjAtMDctMTNUMDY6NDI6MTIuOTQ4WiIsImlhdCI6MTU5NDYyMjUzMn0.y9Zuz8BgL0JW-aNHvL_7mf7J6-jtvVb_hMdzBcWkpXY', 1, '2020-07-13 06:42:12', '2020-07-13 06:42:12', 325),
(191, NULL, '0', '13.1.0', 'Simulator iPad Pro (9.7-inch)', '1.2', '13eygVq0z2', 0, '', NULL, 0, '2020-07-13 07:04:08', '2020-07-24 10:18:31', 2),
(192, NULL, '0', '13.1.0', 'Simulator iPhone 11 Pro Max', '1', 'B3s5jGv3iQ', 0, '', 'eyJhbGciOiJIUzI1NiIsInR5cCI6IkpXVCJ9.eyJzdWJzY3JpcHRpb25fc3RhdHVzIjoxLCJsb2dpbmF0dGVtcHQiOm51bGwsInN0YXR1cyI6MSwiaWQiOjMyNiwiZW1haWwiOiJ0ZXN0QG1haWwuY29tIiwicGFzc3dvcmQiOiIkMmEkMTAkL3p5RkZ2bVQ2Lm9IZkhrc3A4SkVQT3pUTlVoLnl3WTk1UkZmWTR6ZWoyUmRWN2xETjNMaE8iLCJwdWJsaWNfaWQiOjE1OTQ2MjQyNjE3NDUsImNoYXJpdHlfaWQiOiIiLCJ1cGRhdGVkQXQiOiIyMDIwLTA3LTEzVDA3OjExOjAxLjc0NVoiLCJjcmVhdGVkQXQiOiIyMDIwLTA3LTEzVDA3OjExOjAxLjc0NVoiLCJpYXQiOjE1OTQ2MjQyNjF9.xlW6J8Wy3ldq6RVZNBCDwqd_Xs_jVrAGTNYSg-p0LFs', 1, '2020-07-13 07:11:01', '2020-07-13 07:11:01', 326),
(193, NULL, '1', '1', 'Google/AOSP on IA Emulator', '1.0', 'c80bab22f83a937b', 0, 'US', NULL, 0, '2020-07-13 07:17:21', '2020-07-27 08:28:53', 12),
(194, NULL, '0', '13.1.0', 'Simulator iPhone 11 Pro Max', '1', 'yj0oTukD4A', 0, '', 'eyJhbGciOiJIUzI1NiIsInR5cCI6IkpXVCJ9.eyJpZCI6NjEsInB1YmxpY19pZCI6IjE1OTMwNjMzMDM1NzIiLCJlbWFpbCI6IlZpa2FzQGdtYWlsLmNvbSIsInBhc3N3b3JkIjoiJDJhJDEwJGFkZXRWbkJwTThqMllwOGtXeVNhOS5zLjBieUZXR0RDVi9JVEwubTB2ZkV1MmRtU0ZYTW1HIiwiYXZhdGFyX2lkIjpudWxsLCJvdHAiOm51bGwsImNoYXJpdHlfaWQiOiI4IiwicmVzZXRfcGFzc3dvcmRfdG9rZW4iOm51bGwsInN1YnNjcmlwdGlvbl9zdGF0dXMiOjEsImxvZ2luYXR0ZW1wdCI6bnVsbCwicGFzc3dvcmRfY291bnQiOjAsImxhc3RfbG9naW5fZGF0ZSI6bnVsbCwicmVzZXRfcGFzc3dvcmRfZGF0ZSI6bnVsbCwic3RhdHVzIjoxLCJjcmVhdGVkQXQiOiIyMDIwLTA2LTI1VDA1OjM1OjAzLjAwMFoiLCJ1cGRhdGVkQXQiOiIyMDIwLTA3LTEzVDA1OjUwOjU3LjAwMFoiLCJpYXQiOjE1OTQ2MjY4OTB9.gGgmUXpNZxETJgAQHZJLkugg0xH2eXKb3JF5W5WkYlw', 1, '2020-07-13 07:54:50', '2020-07-13 07:54:50', 61),
(196, NULL, '0', '13.1.0', 'Simulator iPad Pro (9.7-inch)', '1.2', 'ULQkN9K5up', 0, '', NULL, 0, '2020-07-13 08:12:51', '2020-07-24 10:18:31', 2),
(197, NULL, '0', '13.1.0', 'Simulator iPad Pro (9.7-inch)', '1.2', 'qIAYlZl7T2', 0, '', NULL, 0, '2020-07-13 08:24:49', '2020-07-24 10:18:31', 2),
(198, NULL, '0', '13.1.0', 'Simulator iPad Pro (9.7-inch)', '1.2', '6a16Lp7IL7', 0, '', NULL, 0, '2020-07-13 08:26:08', '2020-07-24 10:18:31', 2),
(199, NULL, '0', '13.1.0', 'Simulator iPad Pro (9.7-inch)', '1.2', 'n1nL8UZF6d', 0, '', NULL, 0, '2020-07-13 08:35:43', '2020-07-24 10:18:31', 2),
(200, NULL, '0', '13.1.0', 'Simulator iPad Pro (9.7-inch)', '1.2', 'ktl58QpFcQ', 0, '', NULL, 0, '2020-07-13 08:36:53', '2020-07-24 10:18:31', 2),
(201, NULL, '0', '13.1.0', 'Simulator iPad Pro (9.7-inch)', '1.2', 'yRsUQrcI1b', 0, '', NULL, 0, '2020-07-13 08:38:03', '2020-07-24 10:18:31', 2),
(202, NULL, '0', '13.1.0', 'Simulator iPad Pro (9.7-inch)', '1.2', 'sRbuFhkTkR', 0, '', NULL, 0, '2020-07-13 08:44:55', '2020-07-24 10:18:31', 2),
(203, NULL, '1', '1', 'samsung/SM-M307F', '1.0', '4c2bef916954e3d7', 0, 'GB', NULL, 0, '2020-07-13 08:52:36', '2020-07-21 13:03:44', 398),
(204, NULL, '1', '1', 'samsung/SM-A505F', '1.0', 'b3310987fc1d80a0', 0, 'GB', 'eyJhbGciOiJIUzI1NiIsInR5cCI6IkpXVCJ9.eyJpZCI6MTIsInB1YmxpY19pZCI6IjE1OTIzOTEyOTExOTciLCJlbWFpbCI6InZpamF5QHQuaW4iLCJwYXNzd29yZCI6IiQyYSQxMCQ0SG8xa0ZMZ0Z2RTRxV2p4dkdXUE4uT3d2VXRwcFZoUUJlL1F6bnpReWFGeWw2SlNSRXE0LiIsImF2YXRhcl9pZCI6bnVsbCwib3RwIjpudWxsLCJjaGFyaXR5X2lkIjoiIiwicmVzZXRfcGFzc3dvcmRfdG9rZW4iOm51bGwsInN1YnNjcmlwdGlvbl9zdGF0dXMiOjEsImxvZ2luYXR0ZW1wdCI6bnVsbCwicGFzc3dvcmRfY291bnQiOjIsImxhc3RfbG9naW5fZGF0ZSI6IjIwMjAtMDctMjdUMDg6Mjg6MzYuMDAwWiIsInJlc2V0X3Bhc3N3b3JkX2RhdGUiOiIyMDIwLTA3LTI3VDA4OjI4OjUzLjAwMFoiLCJzdGF0dXMiOjEsImNyZWF0ZWRBdCI6IjIwMjAtMDYtMTdUMTA6NTQ6NTEuMDAwWiIsInVwZGF0ZWRBdCI6IjIwMjAtMDctMjdUMDg6Mjg6NTMuMDAwWiIsImlhdCI6MTU5NTgzODU0Nn0.eleAibPAis2_9JokI_sthYO6EfBTA1F60UdiMsrihbY', 1, '2020-07-13 09:10:41', '2020-07-27 08:29:10', 12),
(205, NULL, '1', '1', 'samsung/SM-M307F', '1.0', '4c2bef916954e3d7', 0, 'GB', NULL, 0, '2020-07-13 09:19:09', '2020-07-21 13:03:44', 398),
(206, NULL, '0', '13.1.0', 'Simulator iPad Pro (9.7-inch)', '1.2', '7U9mWxdiAb', 0, '', NULL, 0, '2020-07-13 09:49:37', '2020-07-24 10:18:31', 2),
(207, NULL, '0', '13.1.0', 'Simulator iPhone 11 Pro Max', '1', 'wPjOastzDu', 0, '', 'eyJhbGciOiJIUzI1NiIsInR5cCI6IkpXVCJ9.eyJpZCI6NjEsInB1YmxpY19pZCI6IjE1OTMwNjMzMDM1NzIiLCJlbWFpbCI6IlZpa2FzQGdtYWlsLmNvbSIsInBhc3N3b3JkIjoiJDJhJDEwJGFkZXRWbkJwTThqMllwOGtXeVNhOS5zLjBieUZXR0RDVi9JVEwubTB2ZkV1MmRtU0ZYTW1HIiwiYXZhdGFyX2lkIjpudWxsLCJvdHAiOm51bGwsImNoYXJpdHlfaWQiOiI4IiwicmVzZXRfcGFzc3dvcmRfdG9rZW4iOm51bGwsInN1YnNjcmlwdGlvbl9zdGF0dXMiOjEsImxvZ2luYXR0ZW1wdCI6bnVsbCwicGFzc3dvcmRfY291bnQiOjAsImxhc3RfbG9naW5fZGF0ZSI6bnVsbCwicmVzZXRfcGFzc3dvcmRfZGF0ZSI6bnVsbCwic3RhdHVzIjoxLCJjcmVhdGVkQXQiOiIyMDIwLTA2LTI1VDA1OjM1OjAzLjAwMFoiLCJ1cGRhdGVkQXQiOiIyMDIwLTA3LTEzVDA5OjQ3OjQ2LjAwMFoiLCJpYXQiOjE1OTQ2MzM4MjN9.uFF2PSCqzk5mUlpPlkwsCD5QeehVGTbQSV83Mr0jphE', 1, '2020-07-13 09:50:23', '2020-07-13 09:50:23', 61),
(208, NULL, '0', '12.4.7', 'iPhone 6', '1', 'dvWomgRvLr', 0, '', 'eyJhbGciOiJIUzI1NiIsInR5cCI6IkpXVCJ9.eyJzdWJzY3JpcHRpb25fc3RhdHVzIjoxLCJsb2dpbmF0dGVtcHQiOm51bGwsInN0YXR1cyI6MSwiaWQiOjMyOSwiZW1haWwiOiJyaXNoaUBnbWFpbC5jb20iLCJwYXNzd29yZCI6IiQyYSQxMCRhRXVDZTcxVzZrTXNRWmhTZElDTmZ1emNnUktEbEViVEY4R0J0NTFjeHhxUURDdVJac2tFUyIsInB1YmxpY19pZCI6MTU5NDYzNTQ0MTc3OCwiY2hhcml0eV9pZCI6IiIsInVwZGF0ZWRBdCI6IjIwMjAtMDctMTNUMTA6MTc6MjEuNzc4WiIsImNyZWF0ZWRBdCI6IjIwMjAtMDctMTNUMTA6MTc6MjEuNzc4WiIsImlhdCI6MTU5NDYzNTQ0MX0.Ls9vkAqTWArSR21PNNWgPyuF5bMJVTwc26cjp25GUmk', 1, '2020-07-13 10:17:21', '2020-07-13 10:17:21', 329),
(209, NULL, '0', '13.5.1', 'iPad (7th generation)', '1.1', 'StoV609wHy', 0, '', NULL, 0, '2020-07-13 10:20:59', '2020-07-24 10:16:52', 54),
(210, NULL, '1', '1', 'samsung/SM-T385', '1.0', 'd4e3b7ed4e438337', 0, 'GB', 'eyJhbGciOiJIUzI1NiIsInR5cCI6IkpXVCJ9.eyJpZCI6MTIyLCJwdWJsaWNfaWQiOiIxNTk0MDI4NTY5MzM2IiwiZW1haWwiOiJwb3BAZ21haWwuY29tIiwicGFzc3dvcmQiOiIkMmEkMTAkVTExcWtub1pWTFA4b2FpMVJaUVlPT0VhRlhic2VqM1BMMFBiaE9qMUVkbEVoaGRPWnQ0MmkiLCJhdmF0YXJfaWQiOm51bGwsIm90cCI6MTIzNCwiY2hhcml0eV9pZCI6IiIsInJlc2V0X3Bhc3N3b3JkX3Rva2VuIjoiJDJhJDEwJDZMTGp6WGMzSWszOUs0emlhS3k5UnVtLmlqeHBwU0JDYnBaVjZaQktPV2N2Mkk3enJDamQ2Iiwic3Vic2NyaXB0aW9uX3N0YXR1cyI6MSwibG9naW5hdHRlbXB0IjoxNTk0NjI1NTM4LCJwYXNzd29yZF9jb3VudCI6MywibGFzdF9sb2dpbl9kYXRlIjoiMjAyMC0wNy0wNlQxMTo0ODo1MS4wMDBaIiwicmVzZXRfcGFzc3dvcmRfZGF0ZSI6bnVsbCwic3RhdHVzIjoxLCJjcmVhdGVkQXQiOiIyMDIwLTA3LTA2VDA5OjQyOjQ5LjAwMFoiLCJ1cGRhdGVkQXQiOiIyMDIwLTA3LTEzVDA3OjI3OjE4LjAwMFoiLCJpYXQiOjE1OTQ2MzYzMzd9.li6g_8VtyoKqksfr_a2rlevG_kDN_-Mazm3BaMFGhOU', 1, '2020-07-13 10:32:17', '2020-07-13 10:32:17', 122),
(211, NULL, '0', '12.4.7', 'iPhone 6', '1', 'QiYjGoxhJt', 0, '', 'eyJhbGciOiJIUzI1NiIsInR5cCI6IkpXVCJ9.eyJzdWJzY3JpcHRpb25fc3RhdHVzIjoxLCJsb2dpbmF0dGVtcHQiOm51bGwsInN0YXR1cyI6MSwiaWQiOjMzMCwiZW1haWwiOiJyaXNodUBnbWFpbC5jb20iLCJwYXNzd29yZCI6IiQyYSQxMCQyRTJSVkVsSEJHNWR2TUg2UzNQQUouVm1OWjFtZlI1Z2Y0eEFaZGk0cURVQVFidWEyT0RMNiIsInB1YmxpY19pZCI6MTU5NDYzNzIxMDcyNCwiY2hhcml0eV9pZCI6IiIsInVwZGF0ZWRBdCI6IjIwMjAtMDctMTNUMTA6NDY6NTAuNzI1WiIsImNyZWF0ZWRBdCI6IjIwMjAtMDctMTNUMTA6NDY6NTAuNzI1WiIsImlhdCI6MTU5NDYzNzIxMH0.ZjyhVoPZ1z4pGKknxpp7xiTm1a_mNibvqDFVNFjO9r0', 1, '2020-07-13 10:46:50', '2020-07-13 10:46:50', 330),
(212, NULL, '0', '12.4.7', 'iPhone 6', '1', 'cwJHyxiTn5', 0, '', 'eyJhbGciOiJIUzI1NiIsInR5cCI6IkpXVCJ9.eyJzdWJzY3JpcHRpb25fc3RhdHVzIjoxLCJsb2dpbmF0dGVtcHQiOm51bGwsInN0YXR1cyI6MSwiaWQiOjMzMSwiZW1haWwiOiJyb25lZUBnbWFpbC5jb20iLCJwYXNzd29yZCI6IiQyYSQxMCRoV2dzbU5TWEJFdlNaa2J0TTU0R1IuUUJlRWJ4ZWV1NmNXSndhWWtQN3Z2Y1ppekYzN0d3LiIsInB1YmxpY19pZCI6MTU5NDYzNzc3Njc5MywiY2hhcml0eV9pZCI6IiIsInVwZGF0ZWRBdCI6IjIwMjAtMDctMTNUMTA6NTY6MTYuNzkzWiIsImNyZWF0ZWRBdCI6IjIwMjAtMDctMTNUMTA6NTY6MTYuNzkzWiIsImlhdCI6MTU5NDYzNzc3Nn0.thHzeqLXyu54mBbgxqXc_cGLS9lOjZrXZi7o5TnzU9I', 1, '2020-07-13 10:56:16', '2020-07-13 10:56:16', 331),
(213, NULL, '0', '12.4.7', 'iPhone 6', '1', 'xWim0LVBh4', 0, '', 'eyJhbGciOiJIUzI1NiIsInR5cCI6IkpXVCJ9.eyJzdWJzY3JpcHRpb25fc3RhdHVzIjoxLCJsb2dpbmF0dGVtcHQiOm51bGwsInN0YXR1cyI6MSwiaWQiOjMzMiwiZW1haWwiOiJiYXJzQGdtYWlsLmNvbSIsInBhc3N3b3JkIjoiJDJhJDEwJEcwWDBOY2ZXRThrSXF6dUdwRGNMNi50L0FSYVhTY3NOOGhSZWlydks1SG5HVERvUXVFVzJLIiwicHVibGljX2lkIjoxNTk0NjM4MzgxNTI0LCJjaGFyaXR5X2lkIjoiIiwidXBkYXRlZEF0IjoiMjAyMC0wNy0xM1QxMTowNjoyMS41MjRaIiwiY3JlYXRlZEF0IjoiMjAyMC0wNy0xM1QxMTowNjoyMS41MjRaIiwiaWF0IjoxNTk0NjM4MzgxfQ.J5NDsVKBwK033lFQWhKAJVkH8d2FPWMoPJCFcExP9-g', 1, '2020-07-13 11:06:21', '2020-07-13 11:06:21', 332),
(214, NULL, '0', '12.4.7', 'iPhone 6', '1', '03K4EdBhjI', 0, '', 'eyJhbGciOiJIUzI1NiIsInR5cCI6IkpXVCJ9.eyJzdWJzY3JpcHRpb25fc3RhdHVzIjoxLCJsb2dpbmF0dGVtcHQiOm51bGwsInN0YXR1cyI6MSwiaWQiOjMzMywiZW1haWwiOiJvcGVubkBnbWFpbC5jb20iLCJwYXNzd29yZCI6IiQyYSQxMCRodk1pQ2RTbGNvVmh4YUVZZXF5UEEueHpUTWxRSjkvWkxCdkNkT3g4aHpNL0kvNERUa04wdSIsInB1YmxpY19pZCI6MTU5NDYzODgxNTk3NiwiY2hhcml0eV9pZCI6IiIsInVwZGF0ZWRBdCI6IjIwMjAtMDctMTNUMTE6MTM6MzUuOTc2WiIsImNyZWF0ZWRBdCI6IjIwMjAtMDctMTNUMTE6MTM6MzUuOTc2WiIsImlhdCI6MTU5NDYzODgxNX0.lMr-8enmr8ybVhTgyuVqF4x4QncEA9dmJ9zX1ZosjNg', 1, '2020-07-13 11:13:35', '2020-07-13 11:13:35', 333),
(215, NULL, '0', '12.4.7', 'iPhone 6', '1', 'DSwLaTivi1', 0, '', 'eyJhbGciOiJIUzI1NiIsInR5cCI6IkpXVCJ9.eyJzdWJzY3JpcHRpb25fc3RhdHVzIjoxLCJsb2dpbmF0dGVtcHQiOm51bGwsInN0YXR1cyI6MSwiaWQiOjMzNCwiZW1haWwiOiJ2aXJyQGdtYWlsLmNvbSIsInBhc3N3b3JkIjoiJDJhJDEwJG9xMXdadzNwYWxyYVhvd1hxLlB1Wi40dmhwZGRwbGMwN2tyeWo1MmVLTUkxMndCYW5lRncuIiwicHVibGljX2lkIjoxNTk0NjM5MTkxODQ3LCJjaGFyaXR5X2lkIjoiIiwidXBkYXRlZEF0IjoiMjAyMC0wNy0xM1QxMToxOTo1MS44NDdaIiwiY3JlYXRlZEF0IjoiMjAyMC0wNy0xM1QxMToxOTo1MS44NDdaIiwiaWF0IjoxNTk0NjM5MTkxfQ.Gq8mTPaQ4X8PaIND9iLWf21KsFTHYso9h1Ms6B82pKM', 1, '2020-07-13 11:19:51', '2020-07-13 11:19:51', 334),
(216, NULL, '1', '1', 'samsung/SM-T385', '1.0', 'd4e3b7ed4e438337', 0, 'GB', 'eyJhbGciOiJIUzI1NiIsInR5cCI6IkpXVCJ9.eyJpZCI6MTIyLCJwdWJsaWNfaWQiOiIxNTk0MDI4NTY5MzM2IiwiZW1haWwiOiJwb3BAZ21haWwuY29tIiwicGFzc3dvcmQiOiIkMmEkMTAkVTExcWtub1pWTFA4b2FpMVJaUVlPT0VhRlhic2VqM1BMMFBiaE9qMUVkbEVoaGRPWnQ0MmkiLCJhdmF0YXJfaWQiOm51bGwsIm90cCI6MTIzNCwiY2hhcml0eV9pZCI6IiIsInJlc2V0X3Bhc3N3b3JkX3Rva2VuIjoiJDJhJDEwJDZMTGp6WGMzSWszOUs0emlhS3k5UnVtLmlqeHBwU0JDYnBaVjZaQktPV2N2Mkk3enJDamQ2Iiwic3Vic2NyaXB0aW9uX3N0YXR1cyI6MSwibG9naW5hdHRlbXB0IjoxNTk0NjM5NzY2LCJwYXNzd29yZF9jb3VudCI6MywibGFzdF9sb2dpbl9kYXRlIjoiMjAyMC0wNy0wNlQxMTo0ODo1MS4wMDBaIiwicmVzZXRfcGFzc3dvcmRfZGF0ZSI6bnVsbCwic3RhdHVzIjoxLCJjcmVhdGVkQXQiOiIyMDIwLTA3LTA2VDA5OjQyOjQ5LjAwMFoiLCJ1cGRhdGVkQXQiOiIyMDIwLTA3LTEzVDExOjI0OjI2LjAwMFoiLCJpYXQiOjE1OTQ2NDAzNTB9.rRvJ0zC0Mq1-xs9zWqdty7MtyIzgvHwjkQymBcvsfMc', 1, '2020-07-13 11:39:10', '2020-07-13 11:39:10', 122),
(217, NULL, '1', '1', 'samsung/SM-M307F', '1.0', '4c2bef916954e3d7', 0, 'GB', NULL, 0, '2020-07-13 12:50:22', '2020-07-21 13:03:44', 398),
(218, NULL, '1', '1', 'samsung/SM-M307F', '1.0', '4c2bef916954e3d7', 0, 'GB', NULL, 0, '2020-07-13 13:05:04', '2020-07-21 13:03:44', 398),
(219, NULL, '1', '1', 'samsung/SM-M307F', '1.0', '4c2bef916954e3d7', 0, 'GB', NULL, 0, '2020-07-13 13:09:08', '2020-07-21 13:03:44', 398),
(220, NULL, '1', '1', 'samsung/SM-M307F', '1.0', '4c2bef916954e3d7', 0, 'GB', NULL, 0, '2020-07-13 13:14:42', '2020-07-21 13:03:44', 398),
(221, NULL, '1', '1', 'samsung/SM-A505F', '1.0', 'b3310987fc1d80a0', 0, 'GB', 'eyJhbGciOiJIUzI1NiIsInR5cCI6IkpXVCJ9.eyJpZCI6MTIsInB1YmxpY19pZCI6IjE1OTIzOTEyOTExOTciLCJlbWFpbCI6InZpamF5QHQuaW4iLCJwYXNzd29yZCI6IiQyYSQxMCQ0SG8xa0ZMZ0Z2RTRxV2p4dkdXUE4uT3d2VXRwcFZoUUJlL1F6bnpReWFGeWw2SlNSRXE0LiIsImF2YXRhcl9pZCI6bnVsbCwib3RwIjpudWxsLCJjaGFyaXR5X2lkIjoiIiwicmVzZXRfcGFzc3dvcmRfdG9rZW4iOm51bGwsInN1YnNjcmlwdGlvbl9zdGF0dXMiOjEsImxvZ2luYXR0ZW1wdCI6bnVsbCwicGFzc3dvcmRfY291bnQiOjIsImxhc3RfbG9naW5fZGF0ZSI6IjIwMjAtMDctMjdUMDg6Mjg6MzYuMDAwWiIsInJlc2V0X3Bhc3N3b3JkX2RhdGUiOiIyMDIwLTA3LTI3VDA4OjI4OjUzLjAwMFoiLCJzdGF0dXMiOjEsImNyZWF0ZWRBdCI6IjIwMjAtMDYtMTdUMTA6NTQ6NTEuMDAwWiIsInVwZGF0ZWRBdCI6IjIwMjAtMDctMjdUMDg6Mjg6NTMuMDAwWiIsImlhdCI6MTU5NTgzODU0Nn0.eleAibPAis2_9JokI_sthYO6EfBTA1F60UdiMsrihbY', 1, '2020-07-13 16:16:32', '2020-07-27 08:29:10', 12),
(222, NULL, '1', '1', 'samsung/SM-T385', '1.0', '86852c669850f4fe', 0, 'GB', NULL, 0, '2020-07-14 05:38:57', '2020-07-24 10:16:52', 54),
(223, NULL, '0', '13.1.0', 'Simulator iPad Pro (9.7-inch)', '1.2', 'xKFFBpvBkV', 0, '', NULL, 0, '2020-07-14 06:03:19', '2020-07-24 10:18:31', 2),
(224, NULL, '0', '13.1.0', 'Simulator iPad Pro (9.7-inch)', '1.2', '1zMGAwIXK5', 0, '', NULL, 0, '2020-07-14 06:12:10', '2020-07-24 10:18:31', 2),
(225, NULL, '1', '1', 'samsung/SM-M307F', '1.0', '4c2bef916954e3d7', 0, 'GB', NULL, 0, '2020-07-14 06:20:16', '2020-07-21 13:03:44', 398),
(226, NULL, '1', '1', 'samsung/SM-M307F', '1.0', '4c2bef916954e3d7', 0, 'GB', NULL, 0, '2020-07-14 06:21:28', '2020-07-21 13:03:44', 398),
(227, NULL, '1', '1', 'samsung/SM-M307F', '1.0', '4c2bef916954e3d7', 0, 'GB', NULL, 0, '2020-07-14 06:26:38', '2020-07-21 13:03:44', 398),
(228, NULL, '1', '1', 'samsung/SM-A505F', '1.0', 'b3310987fc1d80a0', 0, 'GB', 'eyJhbGciOiJIUzI1NiIsInR5cCI6IkpXVCJ9.eyJpZCI6MTIsInB1YmxpY19pZCI6IjE1OTIzOTEyOTExOTciLCJlbWFpbCI6InZpamF5QHQuaW4iLCJwYXNzd29yZCI6IiQyYSQxMCQ0SG8xa0ZMZ0Z2RTRxV2p4dkdXUE4uT3d2VXRwcFZoUUJlL1F6bnpReWFGeWw2SlNSRXE0LiIsImF2YXRhcl9pZCI6bnVsbCwib3RwIjpudWxsLCJjaGFyaXR5X2lkIjoiIiwicmVzZXRfcGFzc3dvcmRfdG9rZW4iOm51bGwsInN1YnNjcmlwdGlvbl9zdGF0dXMiOjEsImxvZ2luYXR0ZW1wdCI6bnVsbCwicGFzc3dvcmRfY291bnQiOjIsImxhc3RfbG9naW5fZGF0ZSI6IjIwMjAtMDctMjdUMDg6Mjg6MzYuMDAwWiIsInJlc2V0X3Bhc3N3b3JkX2RhdGUiOiIyMDIwLTA3LTI3VDA4OjI4OjUzLjAwMFoiLCJzdGF0dXMiOjEsImNyZWF0ZWRBdCI6IjIwMjAtMDYtMTdUMTA6NTQ6NTEuMDAwWiIsInVwZGF0ZWRBdCI6IjIwMjAtMDctMjdUMDg6Mjg6NTMuMDAwWiIsImlhdCI6MTU5NTgzODU0Nn0.eleAibPAis2_9JokI_sthYO6EfBTA1F60UdiMsrihbY', 1, '2020-07-14 06:28:41', '2020-07-27 08:29:10', 12),
(229, NULL, '1', '1', 'samsung/SM-M307F', '1.0', '4c2bef916954e3d7', 0, 'GB', NULL, 0, '2020-07-14 06:34:46', '2020-07-21 13:03:44', 398),
(230, NULL, '1', '1', 'samsung/SM-M307F', '1.0', '4c2bef916954e3d7', 0, 'GB', NULL, 0, '2020-07-14 06:38:10', '2020-07-21 13:03:44', 398),
(231, NULL, '1', '1', 'samsung/SM-M307F', '1.0', '4c2bef916954e3d7', 0, 'GB', NULL, 0, '2020-07-14 06:41:36', '2020-07-21 13:03:44', 398),
(232, NULL, '1', '1', 'samsung/SM-M307F', '1.0', '4c2bef916954e3d7', 0, 'GB', NULL, 0, '2020-07-14 06:44:40', '2020-07-21 13:03:44', 398),
(233, NULL, '1', '1', 'Google/Android SDK built for x86', '1.0', 'bd953a676e44008c', 0, 'US', 'eyJhbGciOiJIUzI1NiIsInR5cCI6IkpXVCJ9.eyJpZCI6MjY1LCJwdWJsaWNfaWQiOiIxNTk0Mzc5ODYxODc5IiwiZW1haWwiOiJzZnMubmF2am90MTlAZ21haWwuY29tIiwicGFzc3dvcmQiOiIkMmEkMTAkQWt0aWRWQlZlZmVLOVNaTHFzeS5VLmdIMzFzU24yMnJWUzJkM3hOYW9ocEVmN2dQbmIwR3UiLCJhdmF0YXJfaWQiOm51bGwsIm90cCI6bnVsbCwiY2hhcml0eV9pZCI6IiIsInJlc2V0X3Bhc3N3b3JkX3Rva2VuIjpudWxsLCJzdWJzY3JpcHRpb25fc3RhdHVzIjoxLCJsb2dpbmF0dGVtcHQiOm51bGwsInBhc3N3b3JkX2NvdW50IjowLCJsYXN0X2xvZ2luX2RhdGUiOm51bGwsInJlc2V0X3Bhc3N3b3JkX2RhdGUiOm51bGwsInN0YXR1cyI6MSwiY3JlYXRlZEF0IjoiMjAyMC0wNy0xMFQxMToxNzo0MS4wMDBaIiwidXBkYXRlZEF0IjoiMjAyMC0wNy0xNFQwNToxNjoyNC4wMDBaIiwiaWF0IjoxNTk0NzA5MjYyfQ.5Cr2oHEOa4WYQELvPBdo7YE8-FZHrdJLGa2J6Xrj7M0', 1, '2020-07-14 06:47:42', '2020-07-14 06:47:42', 265),
(234, NULL, '1', '1', 'samsung/SM-M307F', '1.0', '4c2bef916954e3d7', 0, 'GB', NULL, 0, '2020-07-14 06:48:53', '2020-07-21 13:03:44', 398),
(235, NULL, '1', '1', 'samsung/SM-M307F', '1.0', '4c2bef916954e3d7', 0, 'GB', NULL, 0, '2020-07-14 06:54:44', '2020-07-21 13:03:44', 398),
(236, NULL, '1', '1', 'samsung/SM-A505F', '1.0', 'b3310987fc1d80a0', 0, 'GB', 'eyJhbGciOiJIUzI1NiIsInR5cCI6IkpXVCJ9.eyJpZCI6MTIsInB1YmxpY19pZCI6IjE1OTIzOTEyOTExOTciLCJlbWFpbCI6InZpamF5QHQuaW4iLCJwYXNzd29yZCI6IiQyYSQxMCQ0SG8xa0ZMZ0Z2RTRxV2p4dkdXUE4uT3d2VXRwcFZoUUJlL1F6bnpReWFGeWw2SlNSRXE0LiIsImF2YXRhcl9pZCI6bnVsbCwib3RwIjpudWxsLCJjaGFyaXR5X2lkIjoiIiwicmVzZXRfcGFzc3dvcmRfdG9rZW4iOm51bGwsInN1YnNjcmlwdGlvbl9zdGF0dXMiOjEsImxvZ2luYXR0ZW1wdCI6bnVsbCwicGFzc3dvcmRfY291bnQiOjIsImxhc3RfbG9naW5fZGF0ZSI6IjIwMjAtMDctMjdUMDg6Mjg6MzYuMDAwWiIsInJlc2V0X3Bhc3N3b3JkX2RhdGUiOiIyMDIwLTA3LTI3VDA4OjI4OjUzLjAwMFoiLCJzdGF0dXMiOjEsImNyZWF0ZWRBdCI6IjIwMjAtMDYtMTdUMTA6NTQ6NTEuMDAwWiIsInVwZGF0ZWRBdCI6IjIwMjAtMDctMjdUMDg6Mjg6NTMuMDAwWiIsImlhdCI6MTU5NTgzODU0Nn0.eleAibPAis2_9JokI_sthYO6EfBTA1F60UdiMsrihbY', 1, '2020-07-14 07:08:34', '2020-07-27 08:29:10', 12);
INSERT INTO `UserDevices` (`id`, `app_id`, `os_type`, `os_version`, `device_model`, `app_version`, `device_token`, `notification_enrolled`, `locale`, `auth_token`, `status`, `createdAt`, `updatedAt`, `AccountId`) VALUES
(237, NULL, '1', '1', 'samsung/SM-T385', '1.0', '86852c669850f4fe', 0, 'GB', 'eyJhbGciOiJIUzI1NiIsInR5cCI6IkpXVCJ9.eyJpZCI6MjY1LCJwdWJsaWNfaWQiOiIxNTk0Mzc5ODYxODc5IiwiZW1haWwiOiJzZnMubmF2am90MTlAZ21haWwuY29tIiwicGFzc3dvcmQiOiIkMmEkMTAkQWt0aWRWQlZlZmVLOVNaTHFzeS5VLmdIMzFzU24yMnJWUzJkM3hOYW9ocEVmN2dQbmIwR3UiLCJhdmF0YXJfaWQiOm51bGwsIm90cCI6bnVsbCwiY2hhcml0eV9pZCI6IiIsInJlc2V0X3Bhc3N3b3JkX3Rva2VuIjpudWxsLCJzdWJzY3JpcHRpb25fc3RhdHVzIjoxLCJsb2dpbmF0dGVtcHQiOm51bGwsInBhc3N3b3JkX2NvdW50IjowLCJsYXN0X2xvZ2luX2RhdGUiOm51bGwsInJlc2V0X3Bhc3N3b3JkX2RhdGUiOm51bGwsInN0YXR1cyI6MSwiY3JlYXRlZEF0IjoiMjAyMC0wNy0xMFQxMToxNzo0MS4wMDBaIiwidXBkYXRlZEF0IjoiMjAyMC0wNy0xNFQwODoxNjoxNS4wMDBaIiwiaWF0IjoxNTk0NzE1MjE1fQ.fcDm0vAi5RybSbK--56T9y8LzXPQ187nWvysuqICDvY', 1, '2020-07-14 08:26:55', '2020-07-14 08:26:55', 265),
(238, NULL, '0', '12.4.7', 'iPhone 6', '1.2', 'erIjNRPoUN', 0, '', '', 0, '2020-07-14 08:41:49', '2020-07-14 09:04:16', 346),
(239, NULL, '0', '13.5.1', 'iPad (7th generation)', '1.2', 'xGUEI7GKG4', 0, '', '', 0, '2020-07-14 08:43:49', '2020-07-14 11:01:43', 122),
(240, NULL, '1', '1', 'samsung/SM-A505F', '1.0', 'b3310987fc1d80a0', 0, 'GB', 'eyJhbGciOiJIUzI1NiIsInR5cCI6IkpXVCJ9.eyJpZCI6MTIsInB1YmxpY19pZCI6IjE1OTIzOTEyOTExOTciLCJlbWFpbCI6InZpamF5QHQuaW4iLCJwYXNzd29yZCI6IiQyYSQxMCQ0SG8xa0ZMZ0Z2RTRxV2p4dkdXUE4uT3d2VXRwcFZoUUJlL1F6bnpReWFGeWw2SlNSRXE0LiIsImF2YXRhcl9pZCI6bnVsbCwib3RwIjpudWxsLCJjaGFyaXR5X2lkIjoiIiwicmVzZXRfcGFzc3dvcmRfdG9rZW4iOm51bGwsInN1YnNjcmlwdGlvbl9zdGF0dXMiOjEsImxvZ2luYXR0ZW1wdCI6bnVsbCwicGFzc3dvcmRfY291bnQiOjIsImxhc3RfbG9naW5fZGF0ZSI6IjIwMjAtMDctMjdUMDg6Mjg6MzYuMDAwWiIsInJlc2V0X3Bhc3N3b3JkX2RhdGUiOiIyMDIwLTA3LTI3VDA4OjI4OjUzLjAwMFoiLCJzdGF0dXMiOjEsImNyZWF0ZWRBdCI6IjIwMjAtMDYtMTdUMTA6NTQ6NTEuMDAwWiIsInVwZGF0ZWRBdCI6IjIwMjAtMDctMjdUMDg6Mjg6NTMuMDAwWiIsImlhdCI6MTU5NTgzODU0Nn0.eleAibPAis2_9JokI_sthYO6EfBTA1F60UdiMsrihbY', 1, '2020-07-14 08:57:23', '2020-07-27 08:29:10', 12),
(241, NULL, '0', '12.4.7', 'iPhone 6', '1.2', 'agn5GlsZfG', 0, '', '', 0, '2020-07-14 09:05:29', '2020-07-14 09:42:46', 347),
(242, NULL, '0', '12.4.7', 'iPhone 6', '1.2', '9h2DVVIW1L', 0, '', '', 0, '2020-07-14 09:43:48', '2020-07-14 09:51:10', 348),
(243, NULL, '0', '13.1.0', 'Simulator iPhone 11 Pro Max', '1.2', 'lyGXmnjx99', 0, '', '', 0, '2020-07-14 09:47:28', '2020-07-17 08:17:25', 349),
(245, NULL, '0', '12.4.7', 'iPhone 6', '1.2', 'H87qOAAPAl', 0, '', '', 0, '2020-07-14 10:02:01', '2020-07-14 10:27:09', 350),
(246, NULL, '0', '13.1.0', 'Simulator iPhone 8', '1.2', 'fexVEuw2wI', 0, '', NULL, 0, '2020-07-14 10:26:11', '2020-07-24 10:18:31', 2),
(247, NULL, '0', '13.1.0', 'Simulator iPhone 8', '1.2', '4DfWVc9PDp', 0, '', NULL, 0, '2020-07-14 10:56:03', '2020-07-24 10:18:31', 2),
(248, NULL, '0', '13.5.1', 'iPad (7th generation)', '1.2', 'EFt7gu0z84', 0, '', NULL, 0, '2020-07-14 11:02:20', '2020-07-27 08:28:53', 12),
(249, NULL, '1', '1', 'samsung/SM-A505F', '1.0', 'b3310987fc1d80a0', 0, 'GB', 'eyJhbGciOiJIUzI1NiIsInR5cCI6IkpXVCJ9.eyJpZCI6MTIsInB1YmxpY19pZCI6IjE1OTIzOTEyOTExOTciLCJlbWFpbCI6InZpamF5QHQuaW4iLCJwYXNzd29yZCI6IiQyYSQxMCQ0SG8xa0ZMZ0Z2RTRxV2p4dkdXUE4uT3d2VXRwcFZoUUJlL1F6bnpReWFGeWw2SlNSRXE0LiIsImF2YXRhcl9pZCI6bnVsbCwib3RwIjpudWxsLCJjaGFyaXR5X2lkIjoiIiwicmVzZXRfcGFzc3dvcmRfdG9rZW4iOm51bGwsInN1YnNjcmlwdGlvbl9zdGF0dXMiOjEsImxvZ2luYXR0ZW1wdCI6bnVsbCwicGFzc3dvcmRfY291bnQiOjIsImxhc3RfbG9naW5fZGF0ZSI6IjIwMjAtMDctMjdUMDg6Mjg6MzYuMDAwWiIsInJlc2V0X3Bhc3N3b3JkX2RhdGUiOiIyMDIwLTA3LTI3VDA4OjI4OjUzLjAwMFoiLCJzdGF0dXMiOjEsImNyZWF0ZWRBdCI6IjIwMjAtMDYtMTdUMTA6NTQ6NTEuMDAwWiIsInVwZGF0ZWRBdCI6IjIwMjAtMDctMjdUMDg6Mjg6NTMuMDAwWiIsImlhdCI6MTU5NTgzODU0Nn0.eleAibPAis2_9JokI_sthYO6EfBTA1F60UdiMsrihbY', 1, '2020-07-14 11:05:07', '2020-07-27 08:29:10', 12),
(250, NULL, '0', '13.1.0', 'Simulator iPhone 8 Plus', '1.2', 'hlLLdCpmU1', 0, '', 'eyJhbGciOiJIUzI1NiIsInR5cCI6IkpXVCJ9.eyJpZCI6NjEsInB1YmxpY19pZCI6IjE1OTMwNjMzMDM1NzIiLCJlbWFpbCI6IlZpa2FzQGdtYWlsLmNvbSIsInBhc3N3b3JkIjoiJDJhJDEwJGFkZXRWbkJwTThqMllwOGtXeVNhOS5zLjBieUZXR0RDVi9JVEwubTB2ZkV1MmRtU0ZYTW1HIiwiYXZhdGFyX2lkIjpudWxsLCJvdHAiOm51bGwsImNoYXJpdHlfaWQiOiI4IiwicmVzZXRfcGFzc3dvcmRfdG9rZW4iOm51bGwsInN1YnNjcmlwdGlvbl9zdGF0dXMiOjEsImxvZ2luYXR0ZW1wdCI6bnVsbCwicGFzc3dvcmRfY291bnQiOjAsImxhc3RfbG9naW5fZGF0ZSI6bnVsbCwicmVzZXRfcGFzc3dvcmRfZGF0ZSI6bnVsbCwic3RhdHVzIjoxLCJjcmVhdGVkQXQiOiIyMDIwLTA2LTI1VDA1OjM1OjAzLjAwMFoiLCJ1cGRhdGVkQXQiOiIyMDIwLTA3LTE0VDExOjI2OjAyLjAwMFoiLCJpYXQiOjE1OTQ3MjYxMzh9.vn_nn33X589dnQILSIM-VsGNSaGUIP8yUVkR488TvOk', 1, '2020-07-14 11:28:58', '2020-07-14 11:28:58', 61),
(251, NULL, '0', '12.4.7', 'iPhone 6', '1.2', 'fM29hHLRHB', 0, '', '', 0, '2020-07-14 11:41:05', '2020-07-14 11:59:17', 351),
(252, NULL, '0', '13.3.0', 'Simulator iPhone X', '1.2', 'ya6cO0wQIM', 0, '', NULL, 0, '2020-07-14 11:43:04', '2020-07-24 10:16:52', 54),
(253, NULL, '1', '1', 'samsung/SM-A505F', '1.0', 'b3310987fc1d80a0', 0, 'GB', 'eyJhbGciOiJIUzI1NiIsInR5cCI6IkpXVCJ9.eyJpZCI6MTIsInB1YmxpY19pZCI6IjE1OTIzOTEyOTExOTciLCJlbWFpbCI6InZpamF5QHQuaW4iLCJwYXNzd29yZCI6IiQyYSQxMCQ0SG8xa0ZMZ0Z2RTRxV2p4dkdXUE4uT3d2VXRwcFZoUUJlL1F6bnpReWFGeWw2SlNSRXE0LiIsImF2YXRhcl9pZCI6bnVsbCwib3RwIjpudWxsLCJjaGFyaXR5X2lkIjoiIiwicmVzZXRfcGFzc3dvcmRfdG9rZW4iOm51bGwsInN1YnNjcmlwdGlvbl9zdGF0dXMiOjEsImxvZ2luYXR0ZW1wdCI6bnVsbCwicGFzc3dvcmRfY291bnQiOjIsImxhc3RfbG9naW5fZGF0ZSI6IjIwMjAtMDctMjdUMDg6Mjg6MzYuMDAwWiIsInJlc2V0X3Bhc3N3b3JkX2RhdGUiOiIyMDIwLTA3LTI3VDA4OjI4OjUzLjAwMFoiLCJzdGF0dXMiOjEsImNyZWF0ZWRBdCI6IjIwMjAtMDYtMTdUMTA6NTQ6NTEuMDAwWiIsInVwZGF0ZWRBdCI6IjIwMjAtMDctMjdUMDg6Mjg6NTMuMDAwWiIsImlhdCI6MTU5NTgzODU0Nn0.eleAibPAis2_9JokI_sthYO6EfBTA1F60UdiMsrihbY', 1, '2020-07-14 11:57:35', '2020-07-27 08:29:10', 12),
(254, NULL, '0', '13.1.0', 'Simulator iPad Pro (12.9-inch) (3rd generation)', '1.2', 're0ePpsVz5', 0, '', 'eyJhbGciOiJIUzI1NiIsInR5cCI6IkpXVCJ9.eyJpZCI6NjEsInB1YmxpY19pZCI6IjE1OTMwNjMzMDM1NzIiLCJlbWFpbCI6IlZpa2FzQGdtYWlsLmNvbSIsInBhc3N3b3JkIjoiJDJhJDEwJGFkZXRWbkJwTThqMllwOGtXeVNhOS5zLjBieUZXR0RDVi9JVEwubTB2ZkV1MmRtU0ZYTW1HIiwiYXZhdGFyX2lkIjpudWxsLCJvdHAiOm51bGwsImNoYXJpdHlfaWQiOiI4IiwicmVzZXRfcGFzc3dvcmRfdG9rZW4iOm51bGwsInN1YnNjcmlwdGlvbl9zdGF0dXMiOjEsImxvZ2luYXR0ZW1wdCI6bnVsbCwicGFzc3dvcmRfY291bnQiOjAsImxhc3RfbG9naW5fZGF0ZSI6bnVsbCwicmVzZXRfcGFzc3dvcmRfZGF0ZSI6bnVsbCwic3RhdHVzIjoxLCJjcmVhdGVkQXQiOiIyMDIwLTA2LTI1VDA1OjM1OjAzLjAwMFoiLCJ1cGRhdGVkQXQiOiIyMDIwLTA3LTE0VDExOjQwOjIwLjAwMFoiLCJpYXQiOjE1OTQ3Mjc5OTl9.lOH1xCIkL9l28pTOemp-fRk15Oi_uFvOypBzuxgqVd0', 1, '2020-07-14 11:59:59', '2020-07-14 11:59:59', 61),
(255, NULL, '0', '12.4.7', 'iPhone 6', '1.2', 'GtcDZgX58I', 0, '', '', 0, '2020-07-14 12:00:18', '2020-07-14 12:15:02', 352),
(256, NULL, '0', '13.5.1', 'iPhone 11', '1.2', '3uAPLDPwXg', 0, '', '', 0, '2020-07-14 12:06:46', '2020-07-14 12:24:19', 353),
(257, NULL, '0', '13.1.0', 'Simulator iPad Pro (12.9-inch) (3rd generation)', '1.2', 'Vtt3LVkwSf', 0, '', 'eyJhbGciOiJIUzI1NiIsInR5cCI6IkpXVCJ9.eyJpZCI6NjEsInB1YmxpY19pZCI6IjE1OTMwNjMzMDM1NzIiLCJlbWFpbCI6IlZpa2FzQGdtYWlsLmNvbSIsInBhc3N3b3JkIjoiJDJhJDEwJGFkZXRWbkJwTThqMllwOGtXeVNhOS5zLjBieUZXR0RDVi9JVEwubTB2ZkV1MmRtU0ZYTW1HIiwiYXZhdGFyX2lkIjpudWxsLCJvdHAiOm51bGwsImNoYXJpdHlfaWQiOiI4IiwicmVzZXRfcGFzc3dvcmRfdG9rZW4iOm51bGwsInN1YnNjcmlwdGlvbl9zdGF0dXMiOjEsImxvZ2luYXR0ZW1wdCI6bnVsbCwicGFzc3dvcmRfY291bnQiOjAsImxhc3RfbG9naW5fZGF0ZSI6bnVsbCwicmVzZXRfcGFzc3dvcmRfZGF0ZSI6bnVsbCwic3RhdHVzIjoxLCJjcmVhdGVkQXQiOiIyMDIwLTA2LTI1VDA1OjM1OjAzLjAwMFoiLCJ1cGRhdGVkQXQiOiIyMDIwLTA3LTE0VDEyOjA3OjEyLjAwMFoiLCJpYXQiOjE1OTQ3Mjg4MTF9.MkXU8urGobn-WtwPIIn4Yb9kct4D5ZbHrvTRdTkH6kQ', 1, '2020-07-14 12:13:31', '2020-07-14 12:13:31', 61),
(258, NULL, '0', '12.4.7', 'iPhone 6', '1.2', 'kx6dfigYqE', 0, '', '', 0, '2020-07-14 12:16:17', '2020-07-14 12:26:49', 354),
(259, NULL, '0', '13.5.1', 'iPhone 11', '1.2', 'ulOcvZeZua', 0, '', '', 0, '2020-07-14 12:24:37', '2020-07-14 12:29:07', 122),
(260, NULL, '0', '12.4.7', 'iPhone 6', '1.2', 'xBxuQKI7Lx', 0, '', '', 0, '2020-07-14 12:27:16', '2020-07-14 12:32:01', 354),
(261, NULL, '0', '13.5.1', 'iPhone 11', '1.2', '1RL5B7qeFp', 0, '', '', 0, '2020-07-14 12:30:48', '2020-07-14 12:53:09', 122),
(262, NULL, '0', '12.4.7', 'iPhone 6', '1.2', '2vDLhSbowz', 0, '', '', 0, '2020-07-14 12:33:28', '2020-07-14 13:10:35', 355),
(263, NULL, '0', '13.1.0', 'Simulator iPhone 8', '1.2', 'RgEgTA2dbq', 0, '', NULL, 0, '2020-07-14 12:38:54', '2020-07-24 10:18:31', 2),
(264, NULL, '1', '1', 'samsung/SM-A505F', '1.0', 'b3310987fc1d80a0', 0, 'GB', 'eyJhbGciOiJIUzI1NiIsInR5cCI6IkpXVCJ9.eyJpZCI6MTIsInB1YmxpY19pZCI6IjE1OTIzOTEyOTExOTciLCJlbWFpbCI6InZpamF5QHQuaW4iLCJwYXNzd29yZCI6IiQyYSQxMCQ0SG8xa0ZMZ0Z2RTRxV2p4dkdXUE4uT3d2VXRwcFZoUUJlL1F6bnpReWFGeWw2SlNSRXE0LiIsImF2YXRhcl9pZCI6bnVsbCwib3RwIjpudWxsLCJjaGFyaXR5X2lkIjoiIiwicmVzZXRfcGFzc3dvcmRfdG9rZW4iOm51bGwsInN1YnNjcmlwdGlvbl9zdGF0dXMiOjEsImxvZ2luYXR0ZW1wdCI6bnVsbCwicGFzc3dvcmRfY291bnQiOjIsImxhc3RfbG9naW5fZGF0ZSI6IjIwMjAtMDctMjdUMDg6Mjg6MzYuMDAwWiIsInJlc2V0X3Bhc3N3b3JkX2RhdGUiOiIyMDIwLTA3LTI3VDA4OjI4OjUzLjAwMFoiLCJzdGF0dXMiOjEsImNyZWF0ZWRBdCI6IjIwMjAtMDYtMTdUMTA6NTQ6NTEuMDAwWiIsInVwZGF0ZWRBdCI6IjIwMjAtMDctMjdUMDg6Mjg6NTMuMDAwWiIsImlhdCI6MTU5NTgzODU0Nn0.eleAibPAis2_9JokI_sthYO6EfBTA1F60UdiMsrihbY', 1, '2020-07-14 12:51:29', '2020-07-27 08:29:10', 12),
(265, NULL, '1', '1', 'samsung/SM-A505F', '1.0', 'b3310987fc1d80a0', 0, 'GB', 'eyJhbGciOiJIUzI1NiIsInR5cCI6IkpXVCJ9.eyJpZCI6MTIsInB1YmxpY19pZCI6IjE1OTIzOTEyOTExOTciLCJlbWFpbCI6InZpamF5QHQuaW4iLCJwYXNzd29yZCI6IiQyYSQxMCQ0SG8xa0ZMZ0Z2RTRxV2p4dkdXUE4uT3d2VXRwcFZoUUJlL1F6bnpReWFGeWw2SlNSRXE0LiIsImF2YXRhcl9pZCI6bnVsbCwib3RwIjpudWxsLCJjaGFyaXR5X2lkIjoiIiwicmVzZXRfcGFzc3dvcmRfdG9rZW4iOm51bGwsInN1YnNjcmlwdGlvbl9zdGF0dXMiOjEsImxvZ2luYXR0ZW1wdCI6bnVsbCwicGFzc3dvcmRfY291bnQiOjIsImxhc3RfbG9naW5fZGF0ZSI6IjIwMjAtMDctMjdUMDg6Mjg6MzYuMDAwWiIsInJlc2V0X3Bhc3N3b3JkX2RhdGUiOiIyMDIwLTA3LTI3VDA4OjI4OjUzLjAwMFoiLCJzdGF0dXMiOjEsImNyZWF0ZWRBdCI6IjIwMjAtMDYtMTdUMTA6NTQ6NTEuMDAwWiIsInVwZGF0ZWRBdCI6IjIwMjAtMDctMjdUMDg6Mjg6NTMuMDAwWiIsImlhdCI6MTU5NTgzODU0Nn0.eleAibPAis2_9JokI_sthYO6EfBTA1F60UdiMsrihbY', 1, '2020-07-14 12:51:29', '2020-07-27 08:29:10', 12),
(266, NULL, '0', '13.5.1', 'iPad (7th generation)', '1.2', 'I9qd7SqSvk', 0, '', '', 0, '2020-07-14 12:57:52', '2020-07-14 12:58:52', 356),
(267, NULL, '0', '13.5.1', 'iPad (7th generation)', '1.2', 'oG4wRc0QdX', 0, '', '', 0, '2020-07-14 12:59:06', '2020-07-14 13:07:06', 122),
(268, NULL, '0', '13.5.1', 'iPhone 11', '1.2', 'TtaH9oeyYI', 0, '', '', 0, '2020-07-14 12:59:34', '2020-07-14 13:22:38', 357),
(269, NULL, '0', '13.1.0', 'Simulator iPhone 11', '1.2', '5mWulYsNeW', 0, '', NULL, 0, '2020-07-14 12:59:41', '2020-07-24 10:18:31', 2),
(270, NULL, '0', '13.5.1', 'iPad (7th generation)', '1.2', 'gmaIPb62Dv', 0, '', '', 0, '2020-07-14 13:07:28', '2020-07-14 13:30:02', 70),
(271, NULL, '0', '12.4.7', 'iPhone 6', '1.2', 'jWDnpVFaUr', 0, '', '', 0, '2020-07-14 13:12:37', '2020-07-14 13:20:32', 358),
(272, NULL, '1', '1', 'samsung/SM-M205F', '1.0', '53f7e933515c22b0', 0, 'GB', 'eyJhbGciOiJIUzI1NiIsInR5cCI6IkpXVCJ9.eyJpZCI6NzAsInB1YmxpY19pZCI6IjE1OTMxNjkyMTEwNTkiLCJlbWFpbCI6ImJiQGdtYWlsLmNvbSIsInBhc3N3b3JkIjoiJDJhJDEwJDNKaUVtaHFPN0FmQVBqWVVva3Z1US54UGZGZzUzZ2M1V3IwM1Nwb2pRN2NPWkxMODVQN3VpIiwiYXZhdGFyX2lkIjpudWxsLCJvdHAiOm51bGwsImNoYXJpdHlfaWQiOiI1LDYsNCIsInJlc2V0X3Bhc3N3b3JkX3Rva2VuIjpudWxsLCJzdWJzY3JpcHRpb25fc3RhdHVzIjoxLCJsb2dpbmF0dGVtcHQiOm51bGwsInBhc3N3b3JkX2NvdW50IjowLCJsYXN0X2xvZ2luX2RhdGUiOm51bGwsInJlc2V0X3Bhc3N3b3JkX2RhdGUiOm51bGwsInN0YXR1cyI6MSwiY3JlYXRlZEF0IjoiMjAyMC0wNi0yNlQxMTowMDoxMS4wMDBaIiwidXBkYXRlZEF0IjoiMjAyMC0wNy0yMlQwNDo0NTowNi4wMDBaIiwiaWF0IjoxNTk1NTkzNDQ3fQ.ZZie8wUNmayRwfXRDO-pHnNWZ9uXcbZ-JpV8Qh_OlAY', 1, '2020-07-14 13:12:40', '2020-07-24 12:24:11', 70),
(273, NULL, '0', '12.4.7', 'iPhone 6', '1.2', '3b3FyIrgmU', 0, '', '', 0, '2020-07-14 13:21:53', '2020-07-14 13:28:24', 359),
(274, NULL, '0', '13.5.1', 'iPhone 11', '1.2', 'KpClS4Dk1c', 0, '', '', 0, '2020-07-14 13:22:53', '2020-07-14 13:25:58', 70),
(275, NULL, '1', '1', 'samsung/SM-T385', '1.0', '86852c669850f4fe', 0, 'GB', 'eyJhbGciOiJIUzI1NiIsInR5cCI6IkpXVCJ9.eyJpZCI6MjY1LCJwdWJsaWNfaWQiOiIxNTk0Mzc5ODYxODc5IiwiZW1haWwiOiJzZnMubmF2am90MTlAZ21haWwuY29tIiwicGFzc3dvcmQiOiIkMmEkMTAkQWt0aWRWQlZlZmVLOVNaTHFzeS5VLmdIMzFzU24yMnJWUzJkM3hOYW9ocEVmN2dQbmIwR3UiLCJhdmF0YXJfaWQiOm51bGwsIm90cCI6bnVsbCwiY2hhcml0eV9pZCI6IiIsInJlc2V0X3Bhc3N3b3JkX3Rva2VuIjpudWxsLCJzdWJzY3JpcHRpb25fc3RhdHVzIjoxLCJsb2dpbmF0dGVtcHQiOm51bGwsInBhc3N3b3JkX2NvdW50IjowLCJsYXN0X2xvZ2luX2RhdGUiOm51bGwsInJlc2V0X3Bhc3N3b3JkX2RhdGUiOm51bGwsInN0YXR1cyI6MSwiY3JlYXRlZEF0IjoiMjAyMC0wNy0xMFQxMToxNzo0MS4wMDBaIiwidXBkYXRlZEF0IjoiMjAyMC0wNy0xNFQxMzowNDowNy4wMDBaIiwiaWF0IjoxNTk0NzMzMTMyfQ.--PF_qwyzRqipNllZckDHd-pSPTWuDYLnA7AobovXZQ', 1, '2020-07-14 13:25:32', '2020-07-14 13:25:32', 265),
(276, NULL, '0', '13.5.1', 'iPhone 11', '1.2', 'oojS6jeK6H', 0, '', '', 0, '2020-07-14 13:27:15', '2020-07-14 13:51:39', 70),
(277, NULL, '0', '13.1.0', 'Simulator iPhone 11', '1.2', '4le9EZxbZh', 0, '', NULL, 0, '2020-07-14 13:28:00', '2020-07-24 10:18:31', 2),
(278, NULL, '0', '12.4.7', 'iPhone 6', '1.2', 'QGBTcZ880j', 0, '', 'eyJhbGciOiJIUzI1NiIsInR5cCI6IkpXVCJ9.eyJzdWJzY3JpcHRpb25fc3RhdHVzIjoxLCJsb2dpbmF0dGVtcHQiOm51bGwsInN0YXR1cyI6MSwiaWQiOjM2MCwiZW1haWwiOiJsaWx1QGdtYWlsLmNvbSIsInBhc3N3b3JkIjoiJDJhJDEwJDFWaHl1OWd4ZWFOQ01hRUVsdXRlRXVCMkJXRU1MTkM5aUVvYzZQd09kRDlZdS45c09qSEthIiwicHVibGljX2lkIjoxNTk0NzMzMzM1Njg0LCJjaGFyaXR5X2lkIjoiIiwidXBkYXRlZEF0IjoiMjAyMC0wNy0xNFQxMzoyODo1NS42ODRaIiwiY3JlYXRlZEF0IjoiMjAyMC0wNy0xNFQxMzoyODo1NS42ODRaIiwiaWF0IjoxNTk0NzMzMzM1fQ.8QCElIxwisPhjmvIPoGjNcCyH-5NKm3J_VXAkUGy7XU', 1, '2020-07-14 13:28:55', '2020-07-14 13:28:55', 360),
(279, NULL, '0', '13.5.1', 'iPad (7th generation)', '1.2', 'JeszCtWMic', 0, '', NULL, 0, '2020-07-14 13:30:19', '2020-07-24 10:16:52', 54),
(280, NULL, '0', '13.3.0', 'Simulator iPhone 6s', '1.2', 'V9FB0z5GFf', 0, '', NULL, 0, '2020-07-14 13:42:13', '2020-07-24 10:16:52', 54),
(281, NULL, '1', '1', 'samsung/SM-M205F', '1.0', '53f7e933515c22b0', 0, 'GB', 'eyJhbGciOiJIUzI1NiIsInR5cCI6IkpXVCJ9.eyJpZCI6NzAsInB1YmxpY19pZCI6IjE1OTMxNjkyMTEwNTkiLCJlbWFpbCI6ImJiQGdtYWlsLmNvbSIsInBhc3N3b3JkIjoiJDJhJDEwJDNKaUVtaHFPN0FmQVBqWVVva3Z1US54UGZGZzUzZ2M1V3IwM1Nwb2pRN2NPWkxMODVQN3VpIiwiYXZhdGFyX2lkIjpudWxsLCJvdHAiOm51bGwsImNoYXJpdHlfaWQiOiI1LDYsNCIsInJlc2V0X3Bhc3N3b3JkX3Rva2VuIjpudWxsLCJzdWJzY3JpcHRpb25fc3RhdHVzIjoxLCJsb2dpbmF0dGVtcHQiOm51bGwsInBhc3N3b3JkX2NvdW50IjowLCJsYXN0X2xvZ2luX2RhdGUiOm51bGwsInJlc2V0X3Bhc3N3b3JkX2RhdGUiOm51bGwsInN0YXR1cyI6MSwiY3JlYXRlZEF0IjoiMjAyMC0wNi0yNlQxMTowMDoxMS4wMDBaIiwidXBkYXRlZEF0IjoiMjAyMC0wNy0yMlQwNDo0NTowNi4wMDBaIiwiaWF0IjoxNTk1NTkzNDQ3fQ.ZZie8wUNmayRwfXRDO-pHnNWZ9uXcbZ-JpV8Qh_OlAY', 1, '2020-07-14 13:47:52', '2020-07-24 12:24:11', 70),
(282, NULL, '0', '13.5.1', 'iPhone 11', '1.2', 'bYCvUgDOBc', 0, '', NULL, 0, '2020-07-14 13:51:52', '2020-07-24 10:16:52', 54),
(283, NULL, '1', '1', 'samsung/SM-M205F', '1.0', '53f7e933515c22b0', 0, 'GB', 'eyJhbGciOiJIUzI1NiIsInR5cCI6IkpXVCJ9.eyJpZCI6NzAsInB1YmxpY19pZCI6IjE1OTMxNjkyMTEwNTkiLCJlbWFpbCI6ImJiQGdtYWlsLmNvbSIsInBhc3N3b3JkIjoiJDJhJDEwJDNKaUVtaHFPN0FmQVBqWVVva3Z1US54UGZGZzUzZ2M1V3IwM1Nwb2pRN2NPWkxMODVQN3VpIiwiYXZhdGFyX2lkIjpudWxsLCJvdHAiOm51bGwsImNoYXJpdHlfaWQiOiI1LDYsNCIsInJlc2V0X3Bhc3N3b3JkX3Rva2VuIjpudWxsLCJzdWJzY3JpcHRpb25fc3RhdHVzIjoxLCJsb2dpbmF0dGVtcHQiOm51bGwsInBhc3N3b3JkX2NvdW50IjowLCJsYXN0X2xvZ2luX2RhdGUiOm51bGwsInJlc2V0X3Bhc3N3b3JkX2RhdGUiOm51bGwsInN0YXR1cyI6MSwiY3JlYXRlZEF0IjoiMjAyMC0wNi0yNlQxMTowMDoxMS4wMDBaIiwidXBkYXRlZEF0IjoiMjAyMC0wNy0yMlQwNDo0NTowNi4wMDBaIiwiaWF0IjoxNTk1NTkzNDQ3fQ.ZZie8wUNmayRwfXRDO-pHnNWZ9uXcbZ-JpV8Qh_OlAY', 1, '2020-07-14 14:01:27', '2020-07-24 12:24:11', 70),
(284, NULL, '1', '1', 'samsung/SM-M307F', '1.0', '4c2bef916954e3d7', 0, 'GB', NULL, 0, '2020-07-14 14:01:28', '2020-07-21 13:03:44', 398),
(285, NULL, '0', '13.5.1', 'iPhone 11', '1.2', 'Fyi4BIqly8', 0, '', '', 0, '2020-07-14 14:10:20', '2020-07-15 04:50:37', 363),
(286, NULL, '0', '13.5.1', 'iPad (7th generation)', '1.2', 'h0EEYOt0Gy', 0, '', '', 0, '2020-07-14 14:11:47', '2020-07-14 15:17:55', 364),
(287, NULL, '1', '1', 'samsung/SM-M205F', '1.0', '53f7e933515c22b0', 0, 'GB', 'eyJhbGciOiJIUzI1NiIsInR5cCI6IkpXVCJ9.eyJpZCI6NzAsInB1YmxpY19pZCI6IjE1OTMxNjkyMTEwNTkiLCJlbWFpbCI6ImJiQGdtYWlsLmNvbSIsInBhc3N3b3JkIjoiJDJhJDEwJDNKaUVtaHFPN0FmQVBqWVVva3Z1US54UGZGZzUzZ2M1V3IwM1Nwb2pRN2NPWkxMODVQN3VpIiwiYXZhdGFyX2lkIjpudWxsLCJvdHAiOm51bGwsImNoYXJpdHlfaWQiOiI1LDYsNCIsInJlc2V0X3Bhc3N3b3JkX3Rva2VuIjpudWxsLCJzdWJzY3JpcHRpb25fc3RhdHVzIjoxLCJsb2dpbmF0dGVtcHQiOm51bGwsInBhc3N3b3JkX2NvdW50IjowLCJsYXN0X2xvZ2luX2RhdGUiOm51bGwsInJlc2V0X3Bhc3N3b3JkX2RhdGUiOm51bGwsInN0YXR1cyI6MSwiY3JlYXRlZEF0IjoiMjAyMC0wNi0yNlQxMTowMDoxMS4wMDBaIiwidXBkYXRlZEF0IjoiMjAyMC0wNy0yMlQwNDo0NTowNi4wMDBaIiwiaWF0IjoxNTk1NTkzNDQ3fQ.ZZie8wUNmayRwfXRDO-pHnNWZ9uXcbZ-JpV8Qh_OlAY', 1, '2020-07-14 14:35:13', '2020-07-24 12:24:11', 70),
(288, NULL, '0', '12.4.7', 'iPhone 6', '1.2', 'iGI5Kw6hWZ', 0, '', '', 0, '2020-07-14 14:39:20', '2020-07-14 14:44:14', 365),
(289, NULL, '0', '12.4.7', 'iPhone 6', '1.2', 'DPQSbnDbsu', 0, '', '', 0, '2020-07-14 14:45:37', '2020-07-15 08:17:51', 366),
(290, NULL, '0', '13.5.1', 'iPad (7th generation)', '1.2', 'KUsXvTHYUP', 0, '', NULL, 0, '2020-07-14 16:07:07', '2020-07-27 08:28:53', 12),
(291, NULL, '1', '1', 'samsung/SM-M205F', '1.0', '53f7e933515c22b0', 0, 'GB', 'eyJhbGciOiJIUzI1NiIsInR5cCI6IkpXVCJ9.eyJpZCI6NzAsInB1YmxpY19pZCI6IjE1OTMxNjkyMTEwNTkiLCJlbWFpbCI6ImJiQGdtYWlsLmNvbSIsInBhc3N3b3JkIjoiJDJhJDEwJDNKaUVtaHFPN0FmQVBqWVVva3Z1US54UGZGZzUzZ2M1V3IwM1Nwb2pRN2NPWkxMODVQN3VpIiwiYXZhdGFyX2lkIjpudWxsLCJvdHAiOm51bGwsImNoYXJpdHlfaWQiOiI1LDYsNCIsInJlc2V0X3Bhc3N3b3JkX3Rva2VuIjpudWxsLCJzdWJzY3JpcHRpb25fc3RhdHVzIjoxLCJsb2dpbmF0dGVtcHQiOm51bGwsInBhc3N3b3JkX2NvdW50IjowLCJsYXN0X2xvZ2luX2RhdGUiOm51bGwsInJlc2V0X3Bhc3N3b3JkX2RhdGUiOm51bGwsInN0YXR1cyI6MSwiY3JlYXRlZEF0IjoiMjAyMC0wNi0yNlQxMTowMDoxMS4wMDBaIiwidXBkYXRlZEF0IjoiMjAyMC0wNy0yMlQwNDo0NTowNi4wMDBaIiwiaWF0IjoxNTk1NTkzNDQ3fQ.ZZie8wUNmayRwfXRDO-pHnNWZ9uXcbZ-JpV8Qh_OlAY', 1, '2020-07-14 16:07:30', '2020-07-24 12:24:11', 70),
(292, NULL, '1', '1', 'samsung/SM-M205F', '1.0', '53f7e933515c22b0', 0, 'GB', 'eyJhbGciOiJIUzI1NiIsInR5cCI6IkpXVCJ9.eyJpZCI6NzAsInB1YmxpY19pZCI6IjE1OTMxNjkyMTEwNTkiLCJlbWFpbCI6ImJiQGdtYWlsLmNvbSIsInBhc3N3b3JkIjoiJDJhJDEwJDNKaUVtaHFPN0FmQVBqWVVva3Z1US54UGZGZzUzZ2M1V3IwM1Nwb2pRN2NPWkxMODVQN3VpIiwiYXZhdGFyX2lkIjpudWxsLCJvdHAiOm51bGwsImNoYXJpdHlfaWQiOiI1LDYsNCIsInJlc2V0X3Bhc3N3b3JkX3Rva2VuIjpudWxsLCJzdWJzY3JpcHRpb25fc3RhdHVzIjoxLCJsb2dpbmF0dGVtcHQiOm51bGwsInBhc3N3b3JkX2NvdW50IjowLCJsYXN0X2xvZ2luX2RhdGUiOm51bGwsInJlc2V0X3Bhc3N3b3JkX2RhdGUiOm51bGwsInN0YXR1cyI6MSwiY3JlYXRlZEF0IjoiMjAyMC0wNi0yNlQxMTowMDoxMS4wMDBaIiwidXBkYXRlZEF0IjoiMjAyMC0wNy0yMlQwNDo0NTowNi4wMDBaIiwiaWF0IjoxNTk1NTkzNDQ3fQ.ZZie8wUNmayRwfXRDO-pHnNWZ9uXcbZ-JpV8Qh_OlAY', 1, '2020-07-14 16:10:38', '2020-07-24 12:24:11', 70),
(293, NULL, '0', '13.5.1', 'iPad (7th generation)', '1.2', 'gfOn1VQVqN', 0, '', NULL, 0, '2020-07-14 16:10:39', '2020-07-27 08:28:53', 12),
(294, NULL, '1', '1', 'samsung/SM-M205F', '1.0', '53f7e933515c22b0', 0, 'GB', 'eyJhbGciOiJIUzI1NiIsInR5cCI6IkpXVCJ9.eyJpZCI6NzAsInB1YmxpY19pZCI6IjE1OTMxNjkyMTEwNTkiLCJlbWFpbCI6ImJiQGdtYWlsLmNvbSIsInBhc3N3b3JkIjoiJDJhJDEwJDNKaUVtaHFPN0FmQVBqWVVva3Z1US54UGZGZzUzZ2M1V3IwM1Nwb2pRN2NPWkxMODVQN3VpIiwiYXZhdGFyX2lkIjpudWxsLCJvdHAiOm51bGwsImNoYXJpdHlfaWQiOiI1LDYsNCIsInJlc2V0X3Bhc3N3b3JkX3Rva2VuIjpudWxsLCJzdWJzY3JpcHRpb25fc3RhdHVzIjoxLCJsb2dpbmF0dGVtcHQiOm51bGwsInBhc3N3b3JkX2NvdW50IjowLCJsYXN0X2xvZ2luX2RhdGUiOm51bGwsInJlc2V0X3Bhc3N3b3JkX2RhdGUiOm51bGwsInN0YXR1cyI6MSwiY3JlYXRlZEF0IjoiMjAyMC0wNi0yNlQxMTowMDoxMS4wMDBaIiwidXBkYXRlZEF0IjoiMjAyMC0wNy0yMlQwNDo0NTowNi4wMDBaIiwiaWF0IjoxNTk1NTkzNDQ3fQ.ZZie8wUNmayRwfXRDO-pHnNWZ9uXcbZ-JpV8Qh_OlAY', 1, '2020-07-14 16:11:52', '2020-07-24 12:24:11', 70),
(295, NULL, '1', '1', 'samsung/SM-T385', '1.0', 'b0750032b3bb99f6', 1, 'GB', NULL, 0, '2020-07-14 17:29:31', '2020-07-27 08:28:53', 12),
(296, NULL, '0', '13.5.1', 'iPad (7th generation)', '1.2', 'TqtvZo1GyH', 0, '', '', 0, '2020-07-14 17:31:37', '2020-07-15 06:45:48', 368),
(297, NULL, '0', '13.5.1', 'iPad (7th generation)', '1.2', 'FZed45TSMQ', 0, '', NULL, 0, '2020-07-14 18:15:45', '2020-07-23 20:18:07', 115),
(298, NULL, '0', '13.5.1', 'iPhone 11', '1.2', 'AYtPA4XQqG', 0, '', NULL, 0, '2020-07-14 23:44:05', '2020-07-23 20:18:07', 115),
(299, NULL, '0', '13.5.1', 'iPad mini 4', '1.2', 'Ukeuy3I4Bz', 0, '', '', 0, '2020-07-15 00:40:30', '2020-07-23 22:48:05', 318),
(300, NULL, '0', '13.1.0', 'Simulator iPhone 8', '1.2', 'JpPA16zI1a', 0, '', NULL, 0, '2020-07-15 04:07:44', '2020-07-24 10:18:31', 2),
(301, NULL, '1', '1', 'samsung/SM-T385', '1.0', '86852c669850f4fe', 0, 'GB', 'eyJhbGciOiJIUzI1NiIsInR5cCI6IkpXVCJ9.eyJpZCI6MjY1LCJwdWJsaWNfaWQiOiIxNTk0Mzc5ODYxODc5IiwiZW1haWwiOiJzZnMubmF2am90MTlAZ21haWwuY29tIiwicGFzc3dvcmQiOiIkMmEkMTAkQWt0aWRWQlZlZmVLOVNaTHFzeS5VLmdIMzFzU24yMnJWUzJkM3hOYW9ocEVmN2dQbmIwR3UiLCJhdmF0YXJfaWQiOm51bGwsIm90cCI6bnVsbCwiY2hhcml0eV9pZCI6IiIsInJlc2V0X3Bhc3N3b3JkX3Rva2VuIjpudWxsLCJzdWJzY3JpcHRpb25fc3RhdHVzIjoxLCJsb2dpbmF0dGVtcHQiOm51bGwsInBhc3N3b3JkX2NvdW50IjowLCJsYXN0X2xvZ2luX2RhdGUiOm51bGwsInJlc2V0X3Bhc3N3b3JkX2RhdGUiOm51bGwsInN0YXR1cyI6MSwiY3JlYXRlZEF0IjoiMjAyMC0wNy0xMFQxMToxNzo0MS4wMDBaIiwidXBkYXRlZEF0IjoiMjAyMC0wNy0xNVQwNDoyNzowNS4wMDBaIiwiaWF0IjoxNTk0Nzg4MTE1fQ.-McUElj2aE9VOu3LkQM0Ro0zN-K4kuksGtN-j6SHPUE', 1, '2020-07-15 04:41:55', '2020-07-15 04:41:55', 265),
(302, NULL, '0', '13.5.1', 'iPhone 11', '1.2', '1LNIAMSN0y', 0, '', '', 0, '2020-07-15 04:53:05', '2020-07-15 04:56:00', 122),
(303, NULL, '1', '1', 'samsung/SM-M307F', '1.0', '4c2bef916954e3d7', 0, 'GB', NULL, 0, '2020-07-15 04:54:52', '2020-07-21 13:03:44', 398),
(304, NULL, '1', '1', 'samsung/SM-A505F', '1.0', 'b3310987fc1d80a0', 0, 'GB', 'eyJhbGciOiJIUzI1NiIsInR5cCI6IkpXVCJ9.eyJpZCI6MTIsInB1YmxpY19pZCI6IjE1OTIzOTEyOTExOTciLCJlbWFpbCI6InZpamF5QHQuaW4iLCJwYXNzd29yZCI6IiQyYSQxMCQ0SG8xa0ZMZ0Z2RTRxV2p4dkdXUE4uT3d2VXRwcFZoUUJlL1F6bnpReWFGeWw2SlNSRXE0LiIsImF2YXRhcl9pZCI6bnVsbCwib3RwIjpudWxsLCJjaGFyaXR5X2lkIjoiIiwicmVzZXRfcGFzc3dvcmRfdG9rZW4iOm51bGwsInN1YnNjcmlwdGlvbl9zdGF0dXMiOjEsImxvZ2luYXR0ZW1wdCI6bnVsbCwicGFzc3dvcmRfY291bnQiOjIsImxhc3RfbG9naW5fZGF0ZSI6IjIwMjAtMDctMjdUMDg6Mjg6MzYuMDAwWiIsInJlc2V0X3Bhc3N3b3JkX2RhdGUiOiIyMDIwLTA3LTI3VDA4OjI4OjUzLjAwMFoiLCJzdGF0dXMiOjEsImNyZWF0ZWRBdCI6IjIwMjAtMDYtMTdUMTA6NTQ6NTEuMDAwWiIsInVwZGF0ZWRBdCI6IjIwMjAtMDctMjdUMDg6Mjg6NTMuMDAwWiIsImlhdCI6MTU5NTgzODU0Nn0.eleAibPAis2_9JokI_sthYO6EfBTA1F60UdiMsrihbY', 1, '2020-07-15 04:55:20', '2020-07-27 08:29:10', 12),
(305, NULL, '1', '1', 'samsung/SM-A505F', '1.0', 'b3310987fc1d80a0', 0, 'GB', 'eyJhbGciOiJIUzI1NiIsInR5cCI6IkpXVCJ9.eyJpZCI6MTIsInB1YmxpY19pZCI6IjE1OTIzOTEyOTExOTciLCJlbWFpbCI6InZpamF5QHQuaW4iLCJwYXNzd29yZCI6IiQyYSQxMCQ0SG8xa0ZMZ0Z2RTRxV2p4dkdXUE4uT3d2VXRwcFZoUUJlL1F6bnpReWFGeWw2SlNSRXE0LiIsImF2YXRhcl9pZCI6bnVsbCwib3RwIjpudWxsLCJjaGFyaXR5X2lkIjoiIiwicmVzZXRfcGFzc3dvcmRfdG9rZW4iOm51bGwsInN1YnNjcmlwdGlvbl9zdGF0dXMiOjEsImxvZ2luYXR0ZW1wdCI6bnVsbCwicGFzc3dvcmRfY291bnQiOjIsImxhc3RfbG9naW5fZGF0ZSI6IjIwMjAtMDctMjdUMDg6Mjg6MzYuMDAwWiIsInJlc2V0X3Bhc3N3b3JkX2RhdGUiOiIyMDIwLTA3LTI3VDA4OjI4OjUzLjAwMFoiLCJzdGF0dXMiOjEsImNyZWF0ZWRBdCI6IjIwMjAtMDYtMTdUMTA6NTQ6NTEuMDAwWiIsInVwZGF0ZWRBdCI6IjIwMjAtMDctMjdUMDg6Mjg6NTMuMDAwWiIsImlhdCI6MTU5NTgzODU0Nn0.eleAibPAis2_9JokI_sthYO6EfBTA1F60UdiMsrihbY', 1, '2020-07-15 04:56:07', '2020-07-27 08:29:10', 12),
(306, NULL, '1', '1', 'samsung/SM-A505F', '1.0', '19e098e77fd7c74a', 0, 'GB', NULL, 0, '2020-07-15 05:03:28', '2020-07-27 08:28:53', 12),
(307, NULL, '1', '1', 'samsung/SM-A505F', '1.0', '19e098e77fd7c74a', 0, 'GB', NULL, 0, '2020-07-15 05:07:44', '2020-07-27 08:28:53', 12),
(308, NULL, '0', '13.1.0', 'Simulator iPhone 8', '1.2', '9sA84t6ODB', 0, '', NULL, 0, '2020-07-15 05:09:18', '2020-07-24 10:18:31', 2),
(310, NULL, '1', '1', 'samsung/SM-M205F', '1.0', '53f7e933515c22b0', 0, 'GB', 'eyJhbGciOiJIUzI1NiIsInR5cCI6IkpXVCJ9.eyJpZCI6NzAsInB1YmxpY19pZCI6IjE1OTMxNjkyMTEwNTkiLCJlbWFpbCI6ImJiQGdtYWlsLmNvbSIsInBhc3N3b3JkIjoiJDJhJDEwJDNKaUVtaHFPN0FmQVBqWVVva3Z1US54UGZGZzUzZ2M1V3IwM1Nwb2pRN2NPWkxMODVQN3VpIiwiYXZhdGFyX2lkIjpudWxsLCJvdHAiOm51bGwsImNoYXJpdHlfaWQiOiI1LDYsNCIsInJlc2V0X3Bhc3N3b3JkX3Rva2VuIjpudWxsLCJzdWJzY3JpcHRpb25fc3RhdHVzIjoxLCJsb2dpbmF0dGVtcHQiOm51bGwsInBhc3N3b3JkX2NvdW50IjowLCJsYXN0X2xvZ2luX2RhdGUiOm51bGwsInJlc2V0X3Bhc3N3b3JkX2RhdGUiOm51bGwsInN0YXR1cyI6MSwiY3JlYXRlZEF0IjoiMjAyMC0wNi0yNlQxMTowMDoxMS4wMDBaIiwidXBkYXRlZEF0IjoiMjAyMC0wNy0yMlQwNDo0NTowNi4wMDBaIiwiaWF0IjoxNTk1NTkzNDQ3fQ.ZZie8wUNmayRwfXRDO-pHnNWZ9uXcbZ-JpV8Qh_OlAY', 1, '2020-07-15 05:25:43', '2020-07-24 12:24:11', 70),
(311, NULL, '0', '13.5.1', 'iPhone 11', '1.2', '4oumIe8CUv', 0, '', '', 0, '2020-07-15 05:25:44', '2020-07-15 11:36:30', 371),
(313, NULL, '1', '1', 'samsung/SM-M307F', '1.0', '4c2bef916954e3d7', 0, 'GB', NULL, 0, '2020-07-15 06:10:06', '2020-07-21 13:03:44', 398),
(314, NULL, '1', '1', 'samsung/SM-A505F', '1.0', 'b3310987fc1d80a0', 0, 'GB', 'eyJhbGciOiJIUzI1NiIsInR5cCI6IkpXVCJ9.eyJpZCI6MTIsInB1YmxpY19pZCI6IjE1OTIzOTEyOTExOTciLCJlbWFpbCI6InZpamF5QHQuaW4iLCJwYXNzd29yZCI6IiQyYSQxMCQ0SG8xa0ZMZ0Z2RTRxV2p4dkdXUE4uT3d2VXRwcFZoUUJlL1F6bnpReWFGeWw2SlNSRXE0LiIsImF2YXRhcl9pZCI6bnVsbCwib3RwIjpudWxsLCJjaGFyaXR5X2lkIjoiIiwicmVzZXRfcGFzc3dvcmRfdG9rZW4iOm51bGwsInN1YnNjcmlwdGlvbl9zdGF0dXMiOjEsImxvZ2luYXR0ZW1wdCI6bnVsbCwicGFzc3dvcmRfY291bnQiOjIsImxhc3RfbG9naW5fZGF0ZSI6IjIwMjAtMDctMjdUMDg6Mjg6MzYuMDAwWiIsInJlc2V0X3Bhc3N3b3JkX2RhdGUiOiIyMDIwLTA3LTI3VDA4OjI4OjUzLjAwMFoiLCJzdGF0dXMiOjEsImNyZWF0ZWRBdCI6IjIwMjAtMDYtMTdUMTA6NTQ6NTEuMDAwWiIsInVwZGF0ZWRBdCI6IjIwMjAtMDctMjdUMDg6Mjg6NTMuMDAwWiIsImlhdCI6MTU5NTgzODU0Nn0.eleAibPAis2_9JokI_sthYO6EfBTA1F60UdiMsrihbY', 1, '2020-07-15 06:14:10', '2020-07-27 08:29:10', 12),
(315, NULL, '1', '1', 'samsung/SM-A505F', '1.0', 'b3310987fc1d80a0', 0, 'GB', 'eyJhbGciOiJIUzI1NiIsInR5cCI6IkpXVCJ9.eyJpZCI6MTIsInB1YmxpY19pZCI6IjE1OTIzOTEyOTExOTciLCJlbWFpbCI6InZpamF5QHQuaW4iLCJwYXNzd29yZCI6IiQyYSQxMCQ0SG8xa0ZMZ0Z2RTRxV2p4dkdXUE4uT3d2VXRwcFZoUUJlL1F6bnpReWFGeWw2SlNSRXE0LiIsImF2YXRhcl9pZCI6bnVsbCwib3RwIjpudWxsLCJjaGFyaXR5X2lkIjoiIiwicmVzZXRfcGFzc3dvcmRfdG9rZW4iOm51bGwsInN1YnNjcmlwdGlvbl9zdGF0dXMiOjEsImxvZ2luYXR0ZW1wdCI6bnVsbCwicGFzc3dvcmRfY291bnQiOjIsImxhc3RfbG9naW5fZGF0ZSI6IjIwMjAtMDctMjdUMDg6Mjg6MzYuMDAwWiIsInJlc2V0X3Bhc3N3b3JkX2RhdGUiOiIyMDIwLTA3LTI3VDA4OjI4OjUzLjAwMFoiLCJzdGF0dXMiOjEsImNyZWF0ZWRBdCI6IjIwMjAtMDYtMTdUMTA6NTQ6NTEuMDAwWiIsInVwZGF0ZWRBdCI6IjIwMjAtMDctMjdUMDg6Mjg6NTMuMDAwWiIsImlhdCI6MTU5NTgzODU0Nn0.eleAibPAis2_9JokI_sthYO6EfBTA1F60UdiMsrihbY', 1, '2020-07-15 06:36:06', '2020-07-27 08:29:10', 12),
(316, NULL, '1', '1', 'samsung/SM-M205F', '1.0', '53f7e933515c22b0', 0, 'GB', 'eyJhbGciOiJIUzI1NiIsInR5cCI6IkpXVCJ9.eyJpZCI6NzAsInB1YmxpY19pZCI6IjE1OTMxNjkyMTEwNTkiLCJlbWFpbCI6ImJiQGdtYWlsLmNvbSIsInBhc3N3b3JkIjoiJDJhJDEwJDNKaUVtaHFPN0FmQVBqWVVva3Z1US54UGZGZzUzZ2M1V3IwM1Nwb2pRN2NPWkxMODVQN3VpIiwiYXZhdGFyX2lkIjpudWxsLCJvdHAiOm51bGwsImNoYXJpdHlfaWQiOiI1LDYsNCIsInJlc2V0X3Bhc3N3b3JkX3Rva2VuIjpudWxsLCJzdWJzY3JpcHRpb25fc3RhdHVzIjoxLCJsb2dpbmF0dGVtcHQiOm51bGwsInBhc3N3b3JkX2NvdW50IjowLCJsYXN0X2xvZ2luX2RhdGUiOm51bGwsInJlc2V0X3Bhc3N3b3JkX2RhdGUiOm51bGwsInN0YXR1cyI6MSwiY3JlYXRlZEF0IjoiMjAyMC0wNi0yNlQxMTowMDoxMS4wMDBaIiwidXBkYXRlZEF0IjoiMjAyMC0wNy0yMlQwNDo0NTowNi4wMDBaIiwiaWF0IjoxNTk1NTkzNDQ3fQ.ZZie8wUNmayRwfXRDO-pHnNWZ9uXcbZ-JpV8Qh_OlAY', 1, '2020-07-15 06:39:34', '2020-07-24 12:24:11', 70),
(317, NULL, '1', '1', 'samsung/SM-M307F', '1.0', '4c2bef916954e3d7', 0, 'GB', NULL, 0, '2020-07-15 06:45:46', '2020-07-21 13:03:44', 398),
(318, NULL, '1', '1', 'samsung/SM-M307F', '1.0', '4c2bef916954e3d7', 0, 'GB', NULL, 0, '2020-07-15 07:00:34', '2020-07-21 13:03:44', 398),
(319, NULL, '0', '13.5.1', 'iPad (7th generation)', '1.2', 'F2kKS4HUUa', 0, '', 'eyJhbGciOiJIUzI1NiIsInR5cCI6IkpXVCJ9.eyJzdWJzY3JpcHRpb25fc3RhdHVzIjoxLCJsb2dpbmF0dGVtcHQiOm51bGwsInN0YXR1cyI6MSwiaWQiOjM3NCwiZW1haWwiOiJwcHBwQGdtYWlsLmNvbSIsInBhc3N3b3JkIjoiJDJhJDEwJGNuaVhlY2dUOHNDYTk2c2JqMmdXbS5ZajJ1WTN0b0Vhc3hFOG1QRTVxRmlLcWpZQ3pqMVJtIiwicHVibGljX2lkIjoxNTk0Nzk2ODQxODk0LCJjaGFyaXR5X2lkIjoiIiwidXBkYXRlZEF0IjoiMjAyMC0wNy0xNVQwNzowNzoyMS44OTRaIiwiY3JlYXRlZEF0IjoiMjAyMC0wNy0xNVQwNzowNzoyMS44OTRaIiwiaWF0IjoxNTk0Nzk2ODQxfQ.NyLyVeYkROA1g_Yrb2tI9rxAphZw-rfua_N5zOFqMCc', 1, '2020-07-15 07:07:21', '2020-07-15 07:07:21', 374),
(320, NULL, '1', '1', 'samsung/SM-T385', '1.0', 'b0750032b3bb99f6', 1, 'GB', NULL, 0, '2020-07-15 07:07:22', '2020-07-27 08:28:53', 12),
(321, NULL, '0', '12.4.7', 'iPhone 6', '1.2', '0mVS30GMqh', 0, '', '', 0, '2020-07-15 08:19:17', '2020-07-15 08:36:16', 376),
(322, NULL, '0', '12.4.7', 'iPhone 6', '1.2', 'WwR8C6KPru', 0, '', '', 0, '2020-07-15 08:37:25', '2020-07-15 08:42:36', 377),
(323, NULL, '0', '12.4.7', 'iPhone 6', '1.2', 'KmIPocF3SQ', 0, '', '', 0, '2020-07-15 08:51:34', '2020-07-15 12:58:50', 376),
(324, NULL, '0', '13.1.0', 'Simulator iPhone 11', '1.2', 'vF3TVmqfmD', 0, '', NULL, 0, '2020-07-15 09:34:31', '2020-07-24 10:18:31', 2),
(325, NULL, '1', '1', 'samsung/SM-M205F', '1.0', '53f7e933515c22b0', 0, 'GB', 'eyJhbGciOiJIUzI1NiIsInR5cCI6IkpXVCJ9.eyJpZCI6NzAsInB1YmxpY19pZCI6IjE1OTMxNjkyMTEwNTkiLCJlbWFpbCI6ImJiQGdtYWlsLmNvbSIsInBhc3N3b3JkIjoiJDJhJDEwJDNKaUVtaHFPN0FmQVBqWVVva3Z1US54UGZGZzUzZ2M1V3IwM1Nwb2pRN2NPWkxMODVQN3VpIiwiYXZhdGFyX2lkIjpudWxsLCJvdHAiOm51bGwsImNoYXJpdHlfaWQiOiI1LDYsNCIsInJlc2V0X3Bhc3N3b3JkX3Rva2VuIjpudWxsLCJzdWJzY3JpcHRpb25fc3RhdHVzIjoxLCJsb2dpbmF0dGVtcHQiOm51bGwsInBhc3N3b3JkX2NvdW50IjowLCJsYXN0X2xvZ2luX2RhdGUiOm51bGwsInJlc2V0X3Bhc3N3b3JkX2RhdGUiOm51bGwsInN0YXR1cyI6MSwiY3JlYXRlZEF0IjoiMjAyMC0wNi0yNlQxMTowMDoxMS4wMDBaIiwidXBkYXRlZEF0IjoiMjAyMC0wNy0yMlQwNDo0NTowNi4wMDBaIiwiaWF0IjoxNTk1NTkzNDQ3fQ.ZZie8wUNmayRwfXRDO-pHnNWZ9uXcbZ-JpV8Qh_OlAY', 1, '2020-07-15 11:09:40', '2020-07-24 12:24:11', 70),
(326, NULL, '1', '1', 'samsung/SM-M205F', '1.0', '53f7e933515c22b0', 0, 'GB', 'eyJhbGciOiJIUzI1NiIsInR5cCI6IkpXVCJ9.eyJpZCI6NzAsInB1YmxpY19pZCI6IjE1OTMxNjkyMTEwNTkiLCJlbWFpbCI6ImJiQGdtYWlsLmNvbSIsInBhc3N3b3JkIjoiJDJhJDEwJDNKaUVtaHFPN0FmQVBqWVVva3Z1US54UGZGZzUzZ2M1V3IwM1Nwb2pRN2NPWkxMODVQN3VpIiwiYXZhdGFyX2lkIjpudWxsLCJvdHAiOm51bGwsImNoYXJpdHlfaWQiOiI1LDYsNCIsInJlc2V0X3Bhc3N3b3JkX3Rva2VuIjpudWxsLCJzdWJzY3JpcHRpb25fc3RhdHVzIjoxLCJsb2dpbmF0dGVtcHQiOm51bGwsInBhc3N3b3JkX2NvdW50IjowLCJsYXN0X2xvZ2luX2RhdGUiOm51bGwsInJlc2V0X3Bhc3N3b3JkX2RhdGUiOm51bGwsInN0YXR1cyI6MSwiY3JlYXRlZEF0IjoiMjAyMC0wNi0yNlQxMTowMDoxMS4wMDBaIiwidXBkYXRlZEF0IjoiMjAyMC0wNy0yMlQwNDo0NTowNi4wMDBaIiwiaWF0IjoxNTk1NTkzNDQ3fQ.ZZie8wUNmayRwfXRDO-pHnNWZ9uXcbZ-JpV8Qh_OlAY', 1, '2020-07-15 11:32:37', '2020-07-24 12:24:11', 70),
(327, NULL, '1', '1', 'samsung/SM-T385', '1.0', 'b0750032b3bb99f6', 1, 'GB', NULL, 0, '2020-07-15 11:37:13', '2020-07-27 08:28:53', 12),
(328, NULL, '1', '1', 'samsung/SM-M205F', '1.0', '53f7e933515c22b0', 0, 'GB', 'eyJhbGciOiJIUzI1NiIsInR5cCI6IkpXVCJ9.eyJpZCI6NzAsInB1YmxpY19pZCI6IjE1OTMxNjkyMTEwNTkiLCJlbWFpbCI6ImJiQGdtYWlsLmNvbSIsInBhc3N3b3JkIjoiJDJhJDEwJDNKaUVtaHFPN0FmQVBqWVVva3Z1US54UGZGZzUzZ2M1V3IwM1Nwb2pRN2NPWkxMODVQN3VpIiwiYXZhdGFyX2lkIjpudWxsLCJvdHAiOm51bGwsImNoYXJpdHlfaWQiOiI1LDYsNCIsInJlc2V0X3Bhc3N3b3JkX3Rva2VuIjpudWxsLCJzdWJzY3JpcHRpb25fc3RhdHVzIjoxLCJsb2dpbmF0dGVtcHQiOm51bGwsInBhc3N3b3JkX2NvdW50IjowLCJsYXN0X2xvZ2luX2RhdGUiOm51bGwsInJlc2V0X3Bhc3N3b3JkX2RhdGUiOm51bGwsInN0YXR1cyI6MSwiY3JlYXRlZEF0IjoiMjAyMC0wNi0yNlQxMTowMDoxMS4wMDBaIiwidXBkYXRlZEF0IjoiMjAyMC0wNy0yMlQwNDo0NTowNi4wMDBaIiwiaWF0IjoxNTk1NTkzNDQ3fQ.ZZie8wUNmayRwfXRDO-pHnNWZ9uXcbZ-JpV8Qh_OlAY', 1, '2020-07-15 11:48:27', '2020-07-24 12:24:11', 70),
(329, NULL, '0', '13.5.1', 'iPhone 11', '1.2', 'kfU3w3DbUr', 0, '', '', 0, '2020-07-15 11:48:27', '2020-07-15 12:34:55', 380),
(330, NULL, '1', '1', 'samsung/SM-M205F', '1.0', '53f7e933515c22b0', 0, 'GB', 'eyJhbGciOiJIUzI1NiIsInR5cCI6IkpXVCJ9.eyJpZCI6NzAsInB1YmxpY19pZCI6IjE1OTMxNjkyMTEwNTkiLCJlbWFpbCI6ImJiQGdtYWlsLmNvbSIsInBhc3N3b3JkIjoiJDJhJDEwJDNKaUVtaHFPN0FmQVBqWVVva3Z1US54UGZGZzUzZ2M1V3IwM1Nwb2pRN2NPWkxMODVQN3VpIiwiYXZhdGFyX2lkIjpudWxsLCJvdHAiOm51bGwsImNoYXJpdHlfaWQiOiI1LDYsNCIsInJlc2V0X3Bhc3N3b3JkX3Rva2VuIjpudWxsLCJzdWJzY3JpcHRpb25fc3RhdHVzIjoxLCJsb2dpbmF0dGVtcHQiOm51bGwsInBhc3N3b3JkX2NvdW50IjowLCJsYXN0X2xvZ2luX2RhdGUiOm51bGwsInJlc2V0X3Bhc3N3b3JkX2RhdGUiOm51bGwsInN0YXR1cyI6MSwiY3JlYXRlZEF0IjoiMjAyMC0wNi0yNlQxMTowMDoxMS4wMDBaIiwidXBkYXRlZEF0IjoiMjAyMC0wNy0yMlQwNDo0NTowNi4wMDBaIiwiaWF0IjoxNTk1NTkzNDQ3fQ.ZZie8wUNmayRwfXRDO-pHnNWZ9uXcbZ-JpV8Qh_OlAY', 1, '2020-07-15 13:09:13', '2020-07-24 12:24:11', 70),
(331, NULL, '1', '1', 'samsung/SM-T385', '1.0', 'b0750032b3bb99f6', 1, 'GB', NULL, 0, '2020-07-15 13:19:43', '2020-07-27 08:28:53', 12),
(332, NULL, '0', '13.5.1', 'iPhone 11', '1.2', '6kNlde2dAM', 0, '', NULL, 0, '2020-07-15 13:23:35', '2020-07-24 10:18:31', 2),
(333, NULL, '0', '13.5.1', 'iPad (7th generation)', '1.2', 'sZvXb65xXZ', 0, '', NULL, 0, '2020-07-15 13:26:30', '2020-07-27 08:28:53', 12),
(335, NULL, '1', '1', 'samsung/SM-T385', '1.0', 'b0750032b3bb99f6', 1, 'GB', NULL, 0, '2020-07-15 14:34:17', '2020-07-27 08:28:53', 12),
(336, NULL, '1', '1', 'samsung/SM-M205F', '1.0', '53f7e933515c22b0', 0, 'GB', 'eyJhbGciOiJIUzI1NiIsInR5cCI6IkpXVCJ9.eyJpZCI6NzAsInB1YmxpY19pZCI6IjE1OTMxNjkyMTEwNTkiLCJlbWFpbCI6ImJiQGdtYWlsLmNvbSIsInBhc3N3b3JkIjoiJDJhJDEwJDNKaUVtaHFPN0FmQVBqWVVva3Z1US54UGZGZzUzZ2M1V3IwM1Nwb2pRN2NPWkxMODVQN3VpIiwiYXZhdGFyX2lkIjpudWxsLCJvdHAiOm51bGwsImNoYXJpdHlfaWQiOiI1LDYsNCIsInJlc2V0X3Bhc3N3b3JkX3Rva2VuIjpudWxsLCJzdWJzY3JpcHRpb25fc3RhdHVzIjoxLCJsb2dpbmF0dGVtcHQiOm51bGwsInBhc3N3b3JkX2NvdW50IjowLCJsYXN0X2xvZ2luX2RhdGUiOm51bGwsInJlc2V0X3Bhc3N3b3JkX2RhdGUiOm51bGwsInN0YXR1cyI6MSwiY3JlYXRlZEF0IjoiMjAyMC0wNi0yNlQxMTowMDoxMS4wMDBaIiwidXBkYXRlZEF0IjoiMjAyMC0wNy0yMlQwNDo0NTowNi4wMDBaIiwiaWF0IjoxNTk1NTkzNDQ3fQ.ZZie8wUNmayRwfXRDO-pHnNWZ9uXcbZ-JpV8Qh_OlAY', 1, '2020-07-15 14:39:57', '2020-07-24 12:24:11', 70),
(337, NULL, '1', '1', 'samsung/SM-A505F', '1.0', 'b3310987fc1d80a0', 0, 'GB', 'eyJhbGciOiJIUzI1NiIsInR5cCI6IkpXVCJ9.eyJpZCI6MTIsInB1YmxpY19pZCI6IjE1OTIzOTEyOTExOTciLCJlbWFpbCI6InZpamF5QHQuaW4iLCJwYXNzd29yZCI6IiQyYSQxMCQ0SG8xa0ZMZ0Z2RTRxV2p4dkdXUE4uT3d2VXRwcFZoUUJlL1F6bnpReWFGeWw2SlNSRXE0LiIsImF2YXRhcl9pZCI6bnVsbCwib3RwIjpudWxsLCJjaGFyaXR5X2lkIjoiIiwicmVzZXRfcGFzc3dvcmRfdG9rZW4iOm51bGwsInN1YnNjcmlwdGlvbl9zdGF0dXMiOjEsImxvZ2luYXR0ZW1wdCI6bnVsbCwicGFzc3dvcmRfY291bnQiOjIsImxhc3RfbG9naW5fZGF0ZSI6IjIwMjAtMDctMjdUMDg6Mjg6MzYuMDAwWiIsInJlc2V0X3Bhc3N3b3JkX2RhdGUiOiIyMDIwLTA3LTI3VDA4OjI4OjUzLjAwMFoiLCJzdGF0dXMiOjEsImNyZWF0ZWRBdCI6IjIwMjAtMDYtMTdUMTA6NTQ6NTEuMDAwWiIsInVwZGF0ZWRBdCI6IjIwMjAtMDctMjdUMDg6Mjg6NTMuMDAwWiIsImlhdCI6MTU5NTgzODU0Nn0.eleAibPAis2_9JokI_sthYO6EfBTA1F60UdiMsrihbY', 1, '2020-07-15 15:09:36', '2020-07-27 08:29:10', 12),
(338, NULL, '1', '1', 'samsung/SM-A505F', '1.0', 'b3310987fc1d80a0', 0, 'GB', 'eyJhbGciOiJIUzI1NiIsInR5cCI6IkpXVCJ9.eyJpZCI6MTIsInB1YmxpY19pZCI6IjE1OTIzOTEyOTExOTciLCJlbWFpbCI6InZpamF5QHQuaW4iLCJwYXNzd29yZCI6IiQyYSQxMCQ0SG8xa0ZMZ0Z2RTRxV2p4dkdXUE4uT3d2VXRwcFZoUUJlL1F6bnpReWFGeWw2SlNSRXE0LiIsImF2YXRhcl9pZCI6bnVsbCwib3RwIjpudWxsLCJjaGFyaXR5X2lkIjoiIiwicmVzZXRfcGFzc3dvcmRfdG9rZW4iOm51bGwsInN1YnNjcmlwdGlvbl9zdGF0dXMiOjEsImxvZ2luYXR0ZW1wdCI6bnVsbCwicGFzc3dvcmRfY291bnQiOjIsImxhc3RfbG9naW5fZGF0ZSI6IjIwMjAtMDctMjdUMDg6Mjg6MzYuMDAwWiIsInJlc2V0X3Bhc3N3b3JkX2RhdGUiOiIyMDIwLTA3LTI3VDA4OjI4OjUzLjAwMFoiLCJzdGF0dXMiOjEsImNyZWF0ZWRBdCI6IjIwMjAtMDYtMTdUMTA6NTQ6NTEuMDAwWiIsInVwZGF0ZWRBdCI6IjIwMjAtMDctMjdUMDg6Mjg6NTMuMDAwWiIsImlhdCI6MTU5NTgzODU0Nn0.eleAibPAis2_9JokI_sthYO6EfBTA1F60UdiMsrihbY', 1, '2020-07-15 15:15:34', '2020-07-27 08:29:10', 12),
(339, NULL, '1', '1', 'samsung/SM-T385', '1.0', 'b0750032b3bb99f6', 1, 'GB', NULL, 0, '2020-07-15 15:20:55', '2020-07-27 08:28:53', 12),
(340, NULL, '1', '1', 'samsung/SM-T385', '1.0', 'b0750032b3bb99f6', 1, 'GB', NULL, 0, '2020-07-15 15:25:11', '2020-07-27 08:28:53', 12),
(341, NULL, '1', '1', 'samsung/SM-T290', '1.0', 'edb504f393ffd5df', 0, 'US', 'eyJhbGciOiJIUzI1NiIsInR5cCI6IkpXVCJ9.eyJpZCI6NDE0LCJwdWJsaWNfaWQiOiIxNTk1NTQ0NzA1MDE3IiwiZW1haWwiOiJwb29weUBwb29weW11bS5jb20iLCJwYXNzd29yZCI6IiQyYSQxMCR4VG4wL09TVjZyU3psbnpvc0ViRlZ1Tmd6WmJMbU5vZ1hYVmtGcE1QMDdvUFExdU16QkhPRyIsImF2YXRhcl9pZCI6bnVsbCwib3RwIjpudWxsLCJjaGFyaXR5X2lkIjoiNiw1IiwicmVzZXRfcGFzc3dvcmRfdG9rZW4iOm51bGwsInN1YnNjcmlwdGlvbl9zdGF0dXMiOjEsImxvZ2luYXR0ZW1wdCI6bnVsbCwicGFzc3dvcmRfY291bnQiOjAsImxhc3RfbG9naW5fZGF0ZSI6bnVsbCwicmVzZXRfcGFzc3dvcmRfZGF0ZSI6bnVsbCwic3RhdHVzIjoxLCJjcmVhdGVkQXQiOiIyMDIwLTA3LTIzVDIyOjUxOjQ1LjAwMFoiLCJ1cGRhdGVkQXQiOiIyMDIwLTA3LTIzVDIzOjMyOjE1LjAwMFoiLCJpYXQiOjE1OTU1NDcyOTV9.cRDap2LwhS1JpHF7QRnlUyfIZ1eCDzSxaUIiaD1ScBw', 1, '2020-07-16 03:35:07', '2020-07-23 23:41:10', 414),
(342, NULL, '0', '13.1.0', 'Simulator iPad Pro (9.7-inch)', '1.2', 'QoouCFqx3b', 0, '', NULL, 0, '2020-07-16 04:19:13', '2020-07-24 10:18:31', 2),
(343, NULL, '0', '13.1.0', 'Simulator iPad Pro (9.7-inch)', '1.2', 'mNRFvCrQ4v', 0, '', NULL, 0, '2020-07-16 04:20:02', '2020-07-24 10:18:31', 2),
(344, NULL, '0', '13.1.0', 'Simulator iPhone 11', '1.2', 'QSb9hUIDkW', 0, '', NULL, 0, '2020-07-16 05:01:13', '2020-07-24 10:18:31', 2),
(345, NULL, '1', '1', 'samsung/SM-T385', '1.0', 'd4e3b7ed4e438337', 0, 'GB', '', 0, '2020-07-16 05:34:23', '2020-07-16 06:56:14', 384),
(346, NULL, '1', '1', 'Google/AOSP on IA Emulator', '1.0', 'da015ef7b37ed75a', 0, 'US', NULL, 0, '2020-07-16 05:37:58', '2020-07-27 08:28:53', 12),
(347, NULL, '0', '12.4.7', 'iPhone 6', '1.2', 'wXylkHyQdH', 0, '', '', 0, '2020-07-16 06:36:24', '2020-07-16 06:50:27', 385),
(348, NULL, '0', '13.1.0', 'Simulator iPhone 11', '1.2', 'mvinfZhklY', 0, '', NULL, 0, '2020-07-16 06:56:11', '2020-07-24 10:18:31', 2),
(349, NULL, '0', '13.1.0', 'Simulator iPhone 11', '1.2', '5AbbRkEHIy', 0, '', NULL, 0, '2020-07-16 07:00:53', '2020-07-24 10:18:31', 2),
(350, NULL, '0', '13.1.0', 'Simulator iPhone 11', '1.2', 'J9MTYXeFdU', 0, '', NULL, 0, '2020-07-16 07:42:32', '2020-07-24 10:18:31', 2),
(351, NULL, '0', '12.4.7', 'iPhone 6', '1.2', 'RZSEWtxCxU', 0, '', '', 0, '2020-07-16 07:43:07', '2020-07-16 07:52:33', 386),
(352, NULL, '0', '12.4.7', 'iPhone 6', '1.2', 'Sw5BcZxBr9', 0, '', '', 0, '2020-07-16 07:52:58', '2020-07-16 08:02:43', 386),
(353, NULL, '0', '12.4.7', 'iPhone 6', '1.2', 'r9mNiSMVL9', 0, '', '', 0, '2020-07-16 08:05:00', '2020-07-16 08:05:43', 387),
(354, NULL, '0', '12.4.7', 'iPhone 6', '1.2', '14ooC9rQMb', 0, '', '', 0, '2020-07-16 08:06:39', '2020-07-16 08:07:23', 386),
(355, NULL, '0', '12.4.7', 'iPhone 6', '1.2', 'lbYHISOy5b', 0, '', '', 0, '2020-07-16 08:07:59', '2020-07-16 08:08:27', 386),
(356, NULL, '0', '12.4.7', 'iPhone 6', '1.2', 'l89Vfhg8ur', 0, '', '', 0, '2020-07-16 08:17:50', '2020-07-16 08:21:05', 386),
(357, NULL, '0', '12.4.7', 'iPhone 6', '1.2', '5v9vxbfWVO', 0, '', '', 0, '2020-07-16 08:24:10', '2020-07-16 08:24:36', 388),
(358, NULL, '0', '12.4.7', 'iPhone 6', '1.2', 'n0dYLvh1z9', 0, '', '', 0, '2020-07-16 08:24:54', '2020-07-16 08:28:27', 388),
(359, NULL, '0', '12.4.7', 'iPhone 6', '1.2', 'TCGbPyka4R', 0, '', '', 0, '2020-07-16 08:35:31', '2020-07-16 09:30:53', 388),
(360, NULL, '0', '12.4.7', 'iPhone 6', '1.2', 'oUBi7NWSYu', 0, '', '', 0, '2020-07-16 09:35:26', '2020-07-16 09:45:49', 388),
(361, NULL, '1', '1', 'samsung/SM-M205F', '1.0', '53f7e933515c22b0', 0, 'GB', 'eyJhbGciOiJIUzI1NiIsInR5cCI6IkpXVCJ9.eyJpZCI6NzAsInB1YmxpY19pZCI6IjE1OTMxNjkyMTEwNTkiLCJlbWFpbCI6ImJiQGdtYWlsLmNvbSIsInBhc3N3b3JkIjoiJDJhJDEwJDNKaUVtaHFPN0FmQVBqWVVva3Z1US54UGZGZzUzZ2M1V3IwM1Nwb2pRN2NPWkxMODVQN3VpIiwiYXZhdGFyX2lkIjpudWxsLCJvdHAiOm51bGwsImNoYXJpdHlfaWQiOiI1LDYsNCIsInJlc2V0X3Bhc3N3b3JkX3Rva2VuIjpudWxsLCJzdWJzY3JpcHRpb25fc3RhdHVzIjoxLCJsb2dpbmF0dGVtcHQiOm51bGwsInBhc3N3b3JkX2NvdW50IjowLCJsYXN0X2xvZ2luX2RhdGUiOm51bGwsInJlc2V0X3Bhc3N3b3JkX2RhdGUiOm51bGwsInN0YXR1cyI6MSwiY3JlYXRlZEF0IjoiMjAyMC0wNi0yNlQxMTowMDoxMS4wMDBaIiwidXBkYXRlZEF0IjoiMjAyMC0wNy0yMlQwNDo0NTowNi4wMDBaIiwiaWF0IjoxNTk1NTkzNDQ3fQ.ZZie8wUNmayRwfXRDO-pHnNWZ9uXcbZ-JpV8Qh_OlAY', 1, '2020-07-16 09:36:57', '2020-07-24 12:24:11', 70),
(362, NULL, '0', '12.4.7', 'iPhone 6', '1.2', '9jDg61rrVf', 0, '', '', 0, '2020-07-16 09:49:28', '2020-07-16 09:54:10', 389),
(363, NULL, '0', '12.4.7', 'iPhone 6', '1.2', 'NpjGFUpCE2', 0, '', '', 0, '2020-07-16 09:54:47', '2020-07-16 09:55:19', 389),
(364, NULL, '1', '1', 'samsung/SM-M307F', '1.0', '4c2bef916954e3d7', 0, 'GB', NULL, 0, '2020-07-16 10:14:52', '2020-07-21 13:03:44', 398),
(365, NULL, '0', '13.1.0', 'Simulator iPhone 11', '1.2', 'jL1fmEF1W3', 0, '', NULL, 0, '2020-07-16 10:33:46', '2020-07-24 10:18:31', 2),
(367, NULL, '0', '13.1.0', 'Simulator iPhone 11', '1.2', 'EGhCADM9sT', 0, '', NULL, 0, '2020-07-16 11:56:32', '2020-07-24 10:18:31', 2),
(368, NULL, '1', '1', 'samsung/SM-A505F', '1.0', 'b3310987fc1d80a0', 0, 'GB', 'eyJhbGciOiJIUzI1NiIsInR5cCI6IkpXVCJ9.eyJpZCI6MTIsInB1YmxpY19pZCI6IjE1OTIzOTEyOTExOTciLCJlbWFpbCI6InZpamF5QHQuaW4iLCJwYXNzd29yZCI6IiQyYSQxMCQ0SG8xa0ZMZ0Z2RTRxV2p4dkdXUE4uT3d2VXRwcFZoUUJlL1F6bnpReWFGeWw2SlNSRXE0LiIsImF2YXRhcl9pZCI6bnVsbCwib3RwIjpudWxsLCJjaGFyaXR5X2lkIjoiIiwicmVzZXRfcGFzc3dvcmRfdG9rZW4iOm51bGwsInN1YnNjcmlwdGlvbl9zdGF0dXMiOjEsImxvZ2luYXR0ZW1wdCI6bnVsbCwicGFzc3dvcmRfY291bnQiOjIsImxhc3RfbG9naW5fZGF0ZSI6IjIwMjAtMDctMjdUMDg6Mjg6MzYuMDAwWiIsInJlc2V0X3Bhc3N3b3JkX2RhdGUiOiIyMDIwLTA3LTI3VDA4OjI4OjUzLjAwMFoiLCJzdGF0dXMiOjEsImNyZWF0ZWRBdCI6IjIwMjAtMDYtMTdUMTA6NTQ6NTEuMDAwWiIsInVwZGF0ZWRBdCI6IjIwMjAtMDctMjdUMDg6Mjg6NTMuMDAwWiIsImlhdCI6MTU5NTgzODU0Nn0.eleAibPAis2_9JokI_sthYO6EfBTA1F60UdiMsrihbY', 1, '2020-07-16 11:58:13', '2020-07-27 08:29:10', 12),
(370, NULL, '0', '13.1.0', 'Simulator iPhone 11', '1.2', 'xmGmbVHYvB', 0, '', NULL, 0, '2020-07-16 12:19:08', '2020-07-24 10:18:31', 2),
(371, NULL, '0', '', '', '', 'DJKIIOOP', 1, '', '', 0, '2020-07-16 12:24:07', '2020-07-16 12:51:38', 1),
(372, NULL, '0', '12.4.7', 'iPhone 6', '1.2', 'FxAtcrB9cZ', 0, '', '', 0, '2020-07-16 12:26:41', '2020-07-16 12:28:48', 388),
(373, NULL, '0', '13.1.0', 'Simulator iPhone 11', '1.2', 'ILXWq30VIv', 0, '', NULL, 0, '2020-07-16 12:26:49', '2020-07-24 10:18:31', 2),
(374, NULL, '0', '13.1.0', 'Simulator iPhone 11', '1.2', 'c8erZ6qsQy', 0, '', NULL, 0, '2020-07-16 12:27:39', '2020-07-24 10:18:31', 2),
(375, NULL, '0', '12.4.7', 'iPhone 6', '1.2', 'B7y4nkbS4Y', 0, '', '', 0, '2020-07-16 12:29:36', '2020-07-16 12:32:27', 388),
(376, NULL, '0', '12.4.7', 'iPhone 6', '1.2', 'dTumsFKUzg', 0, '', '', 0, '2020-07-16 12:37:24', '2020-07-16 12:40:41', 390),
(377, NULL, '0', '12.4.7', 'iPhone 6', '1.2', 'YV55Tv8crx', 0, '', '', 0, '2020-07-16 12:40:56', '2020-07-16 12:41:20', 390),
(378, NULL, '0', '12.4.7', 'iPhone 6', '1.2', 'cMPG8tPBc5', 0, '', 'eyJhbGciOiJIUzI1NiIsInR5cCI6IkpXVCJ9.eyJzdWJzY3JpcHRpb25fc3RhdHVzIjoxLCJsb2dpbmF0dGVtcHQiOm51bGwsInN0YXR1cyI6MSwiaWQiOjM5MSwiZW1haWwiOiJiaWdnZUBnbWFpbC5jb20iLCJwYXNzd29yZCI6IiQyYSQxMCRpMHd6WGd6OEV5ZVBiMjR3NGY3U0VlNGR5Y292TXV1VGlNUXliT2RiYnVBdWVqSWRNSy5tTyIsInB1YmxpY19pZCI6MTU5NDkwMzM0ODY2MSwiY2hhcml0eV9pZCI6IiIsInVwZGF0ZWRBdCI6IjIwMjAtMDctMTZUMTI6NDI6MjguNjYxWiIsImNyZWF0ZWRBdCI6IjIwMjAtMDctMTZUMTI6NDI6MjguNjYxWiIsImlhdCI6MTU5NDkwMzM0OH0.-s0dfOzfDnzcAuJZMqHPLXXxF24qd8CO5ki7idM8_kY', 1, '2020-07-16 12:42:28', '2020-07-16 12:42:28', 391),
(379, NULL, '0', '12.4.6', 'iPhone 6', '1.2', 'bbmY48qJoi', 0, '', NULL, 0, '2020-07-16 12:51:02', '2020-07-24 10:18:31', 2),
(380, NULL, '0', '12.4.6', 'iPhone 6', '1.2', 'ulN6wtl3Zq', 0, '', NULL, 0, '2020-07-16 13:01:57', '2020-07-24 10:18:31', 2),
(381, NULL, '0', '13.5.1', 'iPad (7th generation)', '1.2', 'j2KmXdALnT', 0, '', '', 0, '2020-07-16 19:23:45', '2020-07-16 20:23:06', 392),
(382, NULL, '0', '13.5.1', 'iPad (7th generation)', '1.2', '6FgTnc4nr3', 0, '', '', 0, '2020-07-16 20:24:05', '2020-07-16 20:25:12', 393),
(383, NULL, '0', '13.5.1', 'iPad (7th generation)', '1.2', 'JHXBibboZ0', 0, '', '', 0, '2020-07-16 20:44:40', '2020-07-16 20:45:55', 319),
(384, NULL, '0', '13.5.1', 'iPad (7th generation)', '1.2', 'kPkS2xgFQS', 0, '', '', 0, '2020-07-16 20:46:15', '2020-07-16 20:46:46', 393),
(385, NULL, '0', '13.5.1', 'iPad (7th generation)', '1.2', 'wbUDn9NQ38', 0, '', '', 0, '2020-07-16 20:47:10', '2020-07-16 20:48:01', 319),
(386, NULL, '0', '13.5.1', 'iPad (7th generation)', '1.2', 'nch9Rchxjq', 0, '', '', 0, '2020-07-16 20:48:16', '2020-07-16 20:48:38', 319),
(387, NULL, '0', '13.5.1', 'iPad (7th generation)', '1.2', 'KXjavj7waq', 0, '', '', 0, '2020-07-16 20:48:53', '2020-07-16 20:50:12', 393),
(388, NULL, '0', '13.5.1', 'iPad (7th generation)', '1.2', 'rQDrtQc89Y', 0, '', '', 0, '2020-07-16 20:50:29', '2020-07-16 20:50:43', 319),
(389, NULL, '0', '13.5.1', 'iPad (7th generation)', '1.2', 'OTTeUMNTBP', 0, '', '', 0, '2020-07-16 20:51:06', '2020-07-16 20:52:20', 392),
(390, NULL, '0', '13.5.1', 'iPad (7th generation)', '1.2', 'bjUhRIGCJQ', 0, '', '', 0, '2020-07-16 20:52:36', '2020-07-16 20:52:51', 392),
(391, NULL, '0', '13.5.1', 'iPad (7th generation)', '1.2', 'XOrmmnd837', 0, '', '', 0, '2020-07-16 20:53:03', '2020-07-16 20:53:14', 319),
(392, NULL, '0', '13.5.1', 'iPad (7th generation)', '1.2', 'Vb1UE9hZmw', 0, '', '', 0, '2020-07-16 20:53:26', '2020-07-16 20:54:17', 392),
(393, NULL, '0', '13.5.1', 'iPad (7th generation)', '1.2', 'QOXuDyixwI', 0, '', '', 0, '2020-07-16 20:54:30', '2020-07-16 20:54:44', 319),
(394, NULL, '0', '13.5.1', 'iPad (7th generation)', '1.2', 'aripCBhJAf', 0, '', '', 0, '2020-07-16 20:54:55', '2020-07-16 20:55:07', 392),
(395, NULL, '0', '13.5.1', 'iPad (7th generation)', '1.2', 'wOtMxrFH7v', 0, '', '', 0, '2020-07-16 20:55:20', '2020-07-16 20:55:40', 319),
(396, NULL, '0', '13.5.1', 'iPad (7th generation)', '1.2', 'DDDiCvSSTW', 0, '', '', 0, '2020-07-16 20:55:55', '2020-07-16 20:56:35', 392),
(397, NULL, '0', '13.5.1', 'iPhone 11', '1.2', 'c1bdA620vx', 0, '', '', 0, '2020-07-16 22:29:16', '2020-07-16 22:29:20', 394),
(398, NULL, '0', '13.5.1', 'iPhone 11', '1.2', 'yVuGDpTKUc', 0, '', 'eyJhbGciOiJIUzI1NiIsInR5cCI6IkpXVCJ9.eyJzdWJzY3JpcHRpb25fc3RhdHVzIjoxLCJsb2dpbmF0dGVtcHQiOm51bGwsInN0YXR1cyI6MSwiaWQiOjM5NSwiZW1haWwiOiJhZ0BhYS5hYSIsInBhc3N3b3JkIjoiJDJhJDEwJFJGWGw3M2FkeDRoVVhnMzNCYTlqWS41N0F1bHduUXVhNWVZUi5xUFNiSWRhZVNDbVZSWVJTIiwicHVibGljX2lkIjoxNTk0OTM4NjgyNDg0LCJjaGFyaXR5X2lkIjoiIiwidXBkYXRlZEF0IjoiMjAyMC0wNy0xNlQyMjozMToyMi40ODRaIiwiY3JlYXRlZEF0IjoiMjAyMC0wNy0xNlQyMjozMToyMi40ODRaIiwiaWF0IjoxNTk0OTM4NjgyfQ.nSg9wwsgqk3-ER-DZKQPJIYI8R6_foKJXtfmv4bpxa8', 1, '2020-07-16 22:31:22', '2020-07-16 22:31:22', 395),
(399, NULL, '0', '13.5.1', 'iPhone 11', '1.2', 'Qzd66inErA', 0, '', '', 0, '2020-07-17 00:53:22', '2020-07-17 00:53:50', 122),
(400, NULL, '0', '13.5.1', 'iPhone 11', '1.2', 'WkqMybwC69', 0, '', '', 0, '2020-07-17 04:04:14', '2020-07-17 04:06:57', 353),
(401, NULL, '0', '13.5.1', 'iPhone 11', '1.2', 'UnN4SSwU2K', 0, '', '', 0, '2020-07-17 04:08:12', '2020-07-17 04:08:21', 353),
(402, NULL, '0', '13.5.1', 'iPad (7th generation)', '1.2', 'PpHgGYS9FR', 0, '', '', 0, '2020-07-17 04:09:16', '2020-07-17 04:11:14', 396),
(403, NULL, '0', '13.5.1', 'iPad (7th generation)', '1.2', 'TTHF8RqcVR', 0, '', '', 0, '2020-07-17 04:11:36', '2020-07-17 04:12:14', 122),
(404, NULL, '0', '13.5.1', 'iPad (7th generation)', '1.2', 'rxgWi0AR1k', 0, '', '', 0, '2020-07-17 04:13:02', '2020-07-17 10:18:28', 353),
(405, NULL, '0', '13.5.1', 'iPhone 11', '1.2', 'W7pYANUDDv', 0, '', '', 0, '2020-07-17 04:16:40', '2020-07-17 04:18:15', 70),
(406, NULL, '0', '13.5.1', 'iPhone 11', '1.2', 'nCSIjQjJwo', 0, '', '', 0, '2020-07-17 04:18:59', '2020-07-17 04:19:06', 27),
(407, NULL, '0', '13.5.1', 'iPhone 11', '1.2', 'A3NDWw9ikw', 0, '', NULL, 0, '2020-07-17 04:19:36', '2020-07-24 10:16:52', 54),
(408, NULL, '0', '13.1.0', 'Simulator iPhone 11', '1.2', 'wPrQUo2CUy', 0, '', NULL, 0, '2020-07-17 04:53:56', '2020-07-24 10:18:31', 2),
(409, NULL, '0', '13.1.0', 'Simulator iPhone 11', '1.2', '4uvdPkqqoJ', 0, '', NULL, 0, '2020-07-17 04:54:33', '2020-07-24 10:16:52', 54),
(410, NULL, '0', '13.1.0', 'Simulator iPhone 11', '1.2', 'lRFywNWSpv', 0, '', NULL, 0, '2020-07-17 04:55:02', '2020-07-24 10:18:31', 2),
(411, NULL, '0', '13.1.0', 'Simulator iPhone 11', '1.3', 'V00G0nbcOr', 0, '', NULL, 0, '2020-07-17 05:18:50', '2020-07-24 10:18:31', 2),
(412, NULL, '0', '13.1.0', 'Simulator iPhone 11', '1.3', 'f5ABEQ6Tp2', 0, '', NULL, 0, '2020-07-17 05:51:55', '2020-07-24 10:18:31', 2),
(413, NULL, '0', '13.3.0', 'Simulator iPhone X', '1.2', 'zoStM8q1vv', 0, '', NULL, 0, '2020-07-17 06:27:46', '2020-07-24 10:16:52', 54),
(414, NULL, '0', '13.3.0', 'Simulator iPhone X', '1.2', 'LbcEvL7OkO', 0, '', NULL, 0, '2020-07-17 07:29:37', '2020-07-24 10:16:52', 54),
(415, NULL, '0', '13.3.0', 'Simulator iPhone X', '1.2', 'SilDVx35nk', 0, '', NULL, 0, '2020-07-17 07:44:19', '2020-07-24 10:16:52', 54),
(416, NULL, '0', '13.5.1', 'iPhone 11', '1.3', 'MA6VKSnxsK', 0, '', 'eyJhbGciOiJIUzI1NiIsInR5cCI6IkpXVCJ9.eyJpZCI6MzUzLCJwdWJsaWNfaWQiOiIxNTk0NzI4NDA2NDU3IiwiZW1haWwiOiJhYUBnbWFpbC5jb20iLCJwYXNzd29yZCI6IiQyYSQxMCRUZjJYSDR5RWZZN2oxNENxMjJTZVcuVFR3UklHcFg5YnhhNFkyS2hlcW0zMHFJSGx1dUxiaSIsImF2YXRhcl9pZCI6bnVsbCwib3RwIjpudWxsLCJjaGFyaXR5X2lkIjoiIiwicmVzZXRfcGFzc3dvcmRfdG9rZW4iOm51bGwsInN1YnNjcmlwdGlvbl9zdGF0dXMiOjEsImxvZ2luYXR0ZW1wdCI6bnVsbCwicGFzc3dvcmRfY291bnQiOjAsImxhc3RfbG9naW5fZGF0ZSI6bnVsbCwicmVzZXRfcGFzc3dvcmRfZGF0ZSI6bnVsbCwic3RhdHVzIjoxLCJjcmVhdGVkQXQiOiIyMDIwLTA3LTE0VDEyOjA2OjQ2LjAwMFoiLCJ1cGRhdGVkQXQiOiIyMDIwLTA3LTE3VDA0OjEzOjAyLjAwMFoiLCJpYXQiOjE1OTQ5NzM1NDl9.zQUY0MUi86OeSt8jk0Y1wq7CyZdU_pBFcohVNr11gcQ', 1, '2020-07-17 08:12:29', '2020-07-17 08:12:29', 353),
(417, NULL, '0', '12.4.7', 'iPhone 6', '1.3', 'kC5qqyLoab', 0, '', NULL, 0, '2020-07-17 08:15:36', '2020-07-21 13:03:44', 398),
(418, NULL, '0', '13.1.0', 'Simulator iPhone 11 Pro Max', '1.2', 'JJ0yeBg4dU', 0, '', 'eyJhbGciOiJIUzI1NiIsInR5cCI6IkpXVCJ9.eyJpZCI6NjEsInB1YmxpY19pZCI6IjE1OTMwNjMzMDM1NzIiLCJlbWFpbCI6IlZpa2FzQGdtYWlsLmNvbSIsInBhc3N3b3JkIjoiJDJhJDEwJGFkZXRWbkJwTThqMllwOGtXeVNhOS5zLjBieUZXR0RDVi9JVEwubTB2ZkV1MmRtU0ZYTW1HIiwiYXZhdGFyX2lkIjpudWxsLCJvdHAiOm51bGwsImNoYXJpdHlfaWQiOiI4IiwicmVzZXRfcGFzc3dvcmRfdG9rZW4iOm51bGwsInN1YnNjcmlwdGlvbl9zdGF0dXMiOjEsImxvZ2luYXR0ZW1wdCI6bnVsbCwicGFzc3dvcmRfY291bnQiOjAsImxhc3RfbG9naW5fZGF0ZSI6bnVsbCwicmVzZXRfcGFzc3dvcmRfZGF0ZSI6bnVsbCwic3RhdHVzIjoxLCJjcmVhdGVkQXQiOiIyMDIwLTA2LTI1VDA1OjM1OjAzLjAwMFoiLCJ1cGRhdGVkQXQiOiIyMDIwLTA3LTE3VDA2OjQxOjAwLjAwMFoiLCJpYXQiOjE1OTQ5NzM4ODN9.6SZU6pLxXFG0Mz-cJ2q1BL5XkG5d3S61yZ8vakuYmb8', 1, '2020-07-17 08:18:03', '2020-07-17 08:18:03', 61),
(419, NULL, '0', '12.4.7', 'iPhone 6', '1.3', '0cgR6RQSjo', 0, '', NULL, 0, '2020-07-17 08:27:06', '2020-07-21 13:03:44', 398),
(420, NULL, '0', '12.4.7', 'iPhone 6', '1.3', 'hj53iLYO5p', 0, '', NULL, 0, '2020-07-17 08:30:03', '2020-07-21 13:03:44', 398),
(421, NULL, '0', '13.5.1', 'iPhone 11', '1.3', 'qadP06uDlp', 0, '', '', 0, '2020-07-17 09:40:06', '2020-07-17 10:00:47', 122);
INSERT INTO `UserDevices` (`id`, `app_id`, `os_type`, `os_version`, `device_model`, `app_version`, `device_token`, `notification_enrolled`, `locale`, `auth_token`, `status`, `createdAt`, `updatedAt`, `AccountId`) VALUES
(422, NULL, '0', '13.3.0', 'Simulator iPhone X', '1.2', 'xW1LaC9DdX', 0, '', '', 0, '2020-07-17 09:56:12', '2020-07-17 09:56:28', 400),
(423, NULL, '0', '13.3.0', 'Simulator iPhone X', '1.2', 'M4gupbYJzm', 0, '', NULL, 0, '2020-07-17 09:56:54', '2020-07-24 10:16:52', 54),
(424, NULL, '0', '13.5.1', 'iPhone 11', '1.3', 'yzNvzM4O7c', 0, '', '', 0, '2020-07-17 10:02:18', '2020-07-17 10:05:04', 122),
(425, NULL, '0', '12.4.7', 'iPhone 6', '1.3', 'PL0tm1w6Yh', 0, '', NULL, 0, '2020-07-17 10:02:23', '2020-07-21 13:03:44', 398),
(426, NULL, '0', '13.5.1', 'iPhone 11', '1.3', 'sVXDa4W71d', 0, '', '', 0, '2020-07-17 10:05:30', '2020-07-17 10:06:48', 374),
(427, NULL, '0', '13.5.1', 'iPhone 11', '1.3', 'MtrhuC47dq', 0, '', NULL, 0, '2020-07-17 10:07:45', '2020-07-24 10:16:52', 54),
(428, NULL, '0', '13.5.1', 'iPhone 11', '1.3', 'DzIhNtrV2J', 0, '', 'eyJhbGciOiJIUzI1NiIsInR5cCI6IkpXVCJ9.eyJzdWJzY3JpcHRpb25fc3RhdHVzIjoxLCJsb2dpbmF0dGVtcHQiOm51bGwsInN0YXR1cyI6MSwiaWQiOjQwMSwiZW1haWwiOiJyYW1AZ21haWwuY29tIiwicGFzc3dvcmQiOiIkMmEkMTAkWHVBWEJSWFhaMEpSTW1JeGlHV3Y5ZU05ajVJTnouWmFZV0xBbkV3UDBKNDdoVVJqa1Q3cVMiLCJwdWJsaWNfaWQiOjE1OTQ5ODA1MjQ3MjAsImNoYXJpdHlfaWQiOiIiLCJ1cGRhdGVkQXQiOiIyMDIwLTA3LTE3VDEwOjA4OjQ0LjcyMFoiLCJjcmVhdGVkQXQiOiIyMDIwLTA3LTE3VDEwOjA4OjQ0LjcyMFoiLCJpYXQiOjE1OTQ5ODA1MjR9.GvMPz0sjMoJ2EYbV2FA8QL9dOeg2cOnhsrGRjZTRTO8', 1, '2020-07-17 10:08:44', '2020-07-17 10:08:44', 401),
(429, NULL, '0', '13.1.0', 'Simulator iPhone 11', '1.3', 'XrqKUOEo9r', 0, '', '', 0, '2020-07-17 10:15:03', '2020-07-17 10:15:12', 401),
(430, NULL, '0', '13.1.0', 'Simulator iPhone 11', '1.3', 'zChuQsL4oK', 0, '', NULL, 0, '2020-07-17 10:15:31', '2020-07-24 10:16:52', 54),
(431, NULL, '0', '13.1.0', 'Simulator iPhone 11', '1.3', 'xZMVuFMSXw', 0, '', '', 0, '2020-07-17 10:16:22', '2020-07-17 10:38:36', 401),
(432, NULL, '0', '13.3.0', 'Simulator iPad Pro (9.7-inch)', '1.2', 'kiElSNxKuS', 0, '', NULL, 0, '2020-07-17 10:38:03', '2020-07-24 10:16:52', 54),
(433, NULL, '0', '13.1.0', 'Simulator iPhone 11', '1.3', 'bWhFaLgb5Z', 0, '', NULL, 0, '2020-07-17 11:40:25', '2020-07-24 10:18:31', 2),
(434, NULL, '0', '13.1.0', 'Simulator iPhone 11', '1.3', 'O4VHsbHXmF', 0, '', NULL, 0, '2020-07-17 11:42:09', '2020-07-24 10:16:52', 54),
(435, NULL, '0', '13.5.1', 'iPad (7th generation)', '1.3', 'YULcAY2H9i', 0, '', NULL, 0, '2020-07-17 11:45:44', '2020-07-24 10:18:31', 2),
(436, NULL, '0', '13.5.1', 'iPad (7th generation)', '1.3', 'C0yy00Hq85', 0, '', NULL, 0, '2020-07-17 11:46:20', '2020-07-24 10:16:52', 54),
(437, NULL, '0', '13.5.1', 'iPad (7th generation)', '1.3', 'oBvSioBDMC', 0, '', NULL, 0, '2020-07-17 12:05:24', '2020-07-24 10:18:31', 2),
(438, NULL, '0', '13.5.1', 'iPad (7th generation)', '1.3', 'QxNQZSdJY8', 0, '', NULL, 0, '2020-07-17 12:07:57', '2020-07-24 10:18:31', 2),
(439, NULL, '0', '13.5.1', 'iPad (7th generation)', '1.3', 'S467X3ZvPG', 0, '', NULL, 0, '2020-07-17 12:11:49', '2020-07-24 10:16:52', 54),
(440, NULL, '0', '13.5.1', 'iPad (7th generation)', '1.2', 'XnjtN6t7S5', 0, '', 'eyJhbGciOiJIUzI1NiIsInR5cCI6IkpXVCJ9.eyJpZCI6MzkyLCJwdWJsaWNfaWQiOiIxNTk0OTI3NDI1MzkzIiwiZW1haWwiOiJhZEBhYS5hYSIsInBhc3N3b3JkIjoiJDJhJDEwJEhTOXhPbVRuZTFleGYvdGtzLnlKci5nUkRzcm4yVXEzaElIZ2h3ZXA0ZXN3ZUVSUVd5Q3RhIiwiYXZhdGFyX2lkIjpudWxsLCJvdHAiOm51bGwsImNoYXJpdHlfaWQiOiIiLCJyZXNldF9wYXNzd29yZF90b2tlbiI6bnVsbCwic3Vic2NyaXB0aW9uX3N0YXR1cyI6MSwibG9naW5hdHRlbXB0IjpudWxsLCJwYXNzd29yZF9jb3VudCI6MCwibGFzdF9sb2dpbl9kYXRlIjpudWxsLCJyZXNldF9wYXNzd29yZF9kYXRlIjpudWxsLCJzdGF0dXMiOjEsImNyZWF0ZWRBdCI6IjIwMjAtMDctMTZUMTk6MjM6NDUuMDAwWiIsInVwZGF0ZWRBdCI6IjIwMjAtMDctMTZUMjI6MjI6NTAuMDAwWiIsImlhdCI6MTU5NDk4ODAzM30.Y0qBy2HLMaWBR07imFnVsCekQz5sL9a4I8Zm-gT2tOM', 1, '2020-07-17 12:13:53', '2020-07-17 12:13:53', 392),
(441, NULL, '0', '13.5.1', 'iPad (7th generation)', '1.3', 'OCNUI7Yu8Q', 0, '', NULL, 0, '2020-07-17 12:17:13', '2020-07-24 10:16:52', 54),
(442, NULL, '0', '13.1.0', 'Simulator iPhone 11', '1.3', 'T5vSZKMlHS', 0, '', NULL, 0, '2020-07-17 12:17:38', '2020-07-24 10:16:52', 54),
(443, NULL, '0', '13.3.0', 'Simulator iPad Pro (9.7-inch)', '1.2', 'wu7dmsGWD9', 0, '', NULL, 0, '2020-07-17 12:19:41', '2020-07-24 10:16:52', 54),
(444, NULL, '0', '13.1.0', 'Simulator iPad Pro (12.9-inch) (3rd generation)', '1.3', 'H6A3FZK6qE', 0, '', NULL, 0, '2020-07-17 12:27:57', '2020-07-24 10:18:31', 2),
(445, NULL, '0', '13.5.1', 'iPad (7th generation)', '1.3', '83yoBS9gVH', 0, '', NULL, 0, '2020-07-17 12:37:33', '2020-07-27 08:28:53', 12),
(446, NULL, '0', '12.4.7', 'iPhone 6', '1.3', '85paPTRSy3', 0, '', NULL, 0, '2020-07-17 12:49:27', '2020-07-21 13:03:44', 398),
(447, NULL, '0', '12.4.7', 'iPhone 6', '1.3', 'SlOBTuGwiX', 0, '', NULL, 0, '2020-07-17 12:57:49', '2020-07-21 13:03:44', 398),
(448, NULL, '0', '12.4.7', 'iPhone 6', '1.3', '6uiFOnxv4H', 0, '', NULL, 0, '2020-07-17 12:59:32', '2020-07-21 13:03:44', 398),
(449, NULL, '0', '13.1.0', 'Simulator iPad Pro (12.9-inch) (3rd generation)', '1.3', 'ujKbIjwk5C', 0, '', 'eyJhbGciOiJIUzI1NiIsInR5cCI6IkpXVCJ9.eyJpZCI6NDAyLCJwdWJsaWNfaWQiOiIxNTk0OTg2MjQ3MDE3IiwiZW1haWwiOiJhbm9vcEBnbWFpbC5jb20iLCJwYXNzd29yZCI6IiQyYSQxMCQzYllwa1NsVU9iQlZJa3MwdXlBM2FlWGR0S1JQaTJaZDJWVDJVd0RydXp0NUNxeDZ6alFZUyIsImF2YXRhcl9pZCI6bnVsbCwib3RwIjpudWxsLCJjaGFyaXR5X2lkIjoiOCIsInJlc2V0X3Bhc3N3b3JkX3Rva2VuIjpudWxsLCJzdWJzY3JpcHRpb25fc3RhdHVzIjoxLCJsb2dpbmF0dGVtcHQiOm51bGwsInBhc3N3b3JkX2NvdW50IjowLCJsYXN0X2xvZ2luX2RhdGUiOm51bGwsInJlc2V0X3Bhc3N3b3JkX2RhdGUiOm51bGwsInN0YXR1cyI6MSwiY3JlYXRlZEF0IjoiMjAyMC0wNy0xN1QxMTo0NDowNy4wMDBaIiwidXBkYXRlZEF0IjoiMjAyMC0wNy0xN1QxMzoxOTozMi4wMDBaIiwiaWF0IjoxNTk0OTkyMTg1fQ.kmxSuubbXbB3ldQNUFv2fdSHhog4FNNCQfxDTeQCYe4', 1, '2020-07-17 13:23:05', '2020-07-17 13:23:05', 402),
(450, NULL, '0', '13.5.1', 'iPad (7th generation)', '1.2', 'dkhvj0jeko', 0, '', NULL, 0, '2020-07-17 13:42:10', '2020-07-24 10:16:52', 54),
(451, NULL, '0', '13.1.0', 'Simulator iPad11,3', '1.3', 'ZoNsiMhrpq', 0, '', NULL, 0, '2020-07-20 04:30:00', '2020-07-24 10:18:31', 2),
(452, NULL, '0', '13.3.0', 'Simulator iPhone X', '1.2', 'e2fDeCpsei', 0, '', NULL, 0, '2020-07-20 04:33:32', '2020-07-24 10:16:52', 54),
(453, NULL, '0', '13.3.0', 'Simulator iPhone X', '1.2', 'TEBMkUsD7g', 0, '', NULL, 0, '2020-07-20 04:34:30', '2020-07-24 10:16:52', 54),
(454, NULL, '0', '13.3.0', 'Simulator iPhone X', '1.2', 'fuFkBlZzow', 0, '', NULL, 0, '2020-07-20 05:19:52', '2020-07-24 10:16:52', 54),
(455, NULL, '0', '13.1.0', 'Simulator iPad11,3', '1.3', '8LtZDw01Wa', 0, '', NULL, 0, '2020-07-20 06:25:58', '2020-07-24 10:18:31', 2),
(456, NULL, '0', '13.3.0', 'Simulator iPad Pro (9.7-inch)', '1.2', 'AXQpU62NG8', 0, '', NULL, 0, '2020-07-20 06:59:47', '2020-07-24 10:16:52', 54),
(457, NULL, '0', '13.3.0', 'Simulator iPhone 6s', '1.2', 'BO8Va9zC4B', 0, '', NULL, 0, '2020-07-20 07:55:36', '2020-07-24 10:16:52', 54),
(458, NULL, '0', '13.1.0', 'Simulator iPad11,3', '1.3', 'toVrUjwfUV', 0, '', NULL, 0, '2020-07-20 08:24:44', '2020-07-24 10:18:31', 2),
(459, NULL, '0', '13.5.1', 'iPhone 11', '1.3', 'XFNBZoAlGR', 0, '', NULL, 0, '2020-07-20 09:58:19', '2020-07-24 10:16:52', 54),
(460, NULL, '0', '13.1.0', 'Simulator iPhone 8', '1.3', 'PUG3Ln0jxA', 0, '', NULL, 0, '2020-07-20 10:09:38', '2020-07-24 10:18:31', 2),
(461, NULL, '0', '13.1.0', 'Simulator iPhone 8', '1.3', 'BBKLzSdHrF', 0, '', NULL, 0, '2020-07-20 10:11:03', '2020-07-24 10:16:52', 54),
(462, NULL, '0', '13.5.1', 'iPhone 11', '1.3', 'DAVfmfuqn6', 0, '', NULL, 0, '2020-07-20 10:25:16', '2020-07-24 10:16:52', 54),
(463, NULL, '0', '13.3.0', 'Simulator iPad Pro (9.7-inch)', '1.2', 'Ru37RqKFLa', 0, '', NULL, 0, '2020-07-20 10:32:44', '2020-07-24 10:16:52', 54),
(464, NULL, '0', '13.1.0', 'Simulator iPhone 8', '1.3', 'OU3SrOBk6V', 0, '', NULL, 0, '2020-07-20 11:43:31', '2020-07-24 10:18:31', 2),
(465, NULL, '0', '12.4.6', 'iPhone 6', '1.3', 'j96fucXyW5', 0, '', NULL, 0, '2020-07-20 11:53:17', '2020-07-24 10:18:31', 2),
(466, NULL, '0', '13.1.0', 'Simulator iPhone 8', '1.3', 'm1hNYSijfv', 0, '', NULL, 0, '2020-07-20 12:27:06', '2020-07-24 10:18:31', 2),
(467, NULL, '0', '13.1.0', 'Simulator iPhone 8', '1.3', 'Aro6gfArp5', 0, '', NULL, 0, '2020-07-20 12:32:28', '2020-07-24 10:18:31', 2),
(468, NULL, '0', '13.3.0', 'Simulator iPhone X', '1.2', 'BDQyvQuwyt', 0, '', NULL, 0, '2020-07-20 12:40:26', '2020-07-24 10:16:52', 54),
(469, NULL, '1', '1', 'OPPO/RMX1811', '1.0', '44c95427759e9322', 1, 'US', NULL, 0, '2020-07-20 13:17:13', '2020-07-24 10:18:31', 2),
(470, NULL, '0', '12.4.6', 'iPhone 6', '1.3', '5E8200AED35A67719B51493F03924145D907C5D55B99A70D6D09FA95CC78F535', 0, '', NULL, 0, '2020-07-21 04:04:49', '2020-07-24 10:18:31', 2),
(471, NULL, '0', '13.1.0', 'Simulator iPhone SE', '1.2', 'AI1wbvVxdO', 0, '', 'eyJhbGciOiJIUzI1NiIsInR5cCI6IkpXVCJ9.eyJpZCI6NjEsInB1YmxpY19pZCI6IjE1OTMwNjMzMDM1NzIiLCJlbWFpbCI6IlZpa2FzQGdtYWlsLmNvbSIsInBhc3N3b3JkIjoiJDJhJDEwJGFkZXRWbkJwTThqMllwOGtXeVNhOS5zLjBieUZXR0RDVi9JVEwubTB2ZkV1MmRtU0ZYTW1HIiwiYXZhdGFyX2lkIjpudWxsLCJvdHAiOm51bGwsImNoYXJpdHlfaWQiOiI4IiwicmVzZXRfcGFzc3dvcmRfdG9rZW4iOm51bGwsInN1YnNjcmlwdGlvbl9zdGF0dXMiOjEsImxvZ2luYXR0ZW1wdCI6bnVsbCwicGFzc3dvcmRfY291bnQiOjAsImxhc3RfbG9naW5fZGF0ZSI6bnVsbCwicmVzZXRfcGFzc3dvcmRfZGF0ZSI6bnVsbCwic3RhdHVzIjoxLCJjcmVhdGVkQXQiOiIyMDIwLTA2LTI1VDA1OjM1OjAzLjAwMFoiLCJ1cGRhdGVkQXQiOiIyMDIwLTA3LTIwVDA1OjA4OjU4LjAwMFoiLCJpYXQiOjE1OTUzMDUyODF9.QQDaF53rzxeJDaDQkV1RzbEVzQUwOpBNWSoU_pzwaKk', 1, '2020-07-21 04:21:21', '2020-07-21 04:21:21', 61),
(472, NULL, '0', '13.5.1', 'iPhone 11', '1.3', 'ExH0xuwuTi', 0, '', '', 0, '2020-07-21 05:15:06', '2020-07-21 07:33:43', 353),
(473, NULL, '0', '12.4.6', 'iPhone 6', '1.3', 'd0xks50qqA', 0, '', NULL, 0, '2020-07-21 05:41:16', '2020-07-24 10:18:31', 2),
(474, NULL, '0', '13.5.1', 'iPad (7th generation)', '1.3', 'lPJSPDtptF', 0, '', NULL, 0, '2020-07-21 05:42:37', '2020-07-21 07:40:22', 405),
(475, NULL, '0', '13.5.1', 'iPad (7th generation)', '1.3', '6nIWiCG2y9', 0, '', NULL, 0, '2020-07-21 05:46:44', '2020-07-21 07:40:22', 405),
(476, NULL, '0', '12.4.6', 'iPhone 6', '1.3', 'QNu5lLgxrh', 0, '', NULL, 0, '2020-07-21 06:05:07', '2020-07-24 10:18:31', 2),
(477, NULL, '0', '13.5.1', 'iPad (7th generation)', '1.3', 'BiFbsgdrQI', 0, '', NULL, 0, '2020-07-21 06:11:09', '2020-07-21 07:40:22', 405),
(478, NULL, '0', '12.4.7', 'iPhone 6', '1.3', 'jiOsfYqjxA', 0, '', NULL, 0, '2020-07-21 06:36:30', '2020-07-21 07:40:22', 405),
(479, NULL, '0', '13.3.0', 'Simulator iPad11,3', '1.2', 'USRXMmljZH', 0, '', NULL, 0, '2020-07-21 06:38:46', '2020-07-24 10:16:52', 54),
(480, NULL, '0', '', '', '', '', 0, '', NULL, 0, '2020-07-21 07:26:22', '2020-07-27 08:28:53', 12),
(481, NULL, '0', '13.5.1', 'iPhone 11', '1.3', 'tEpirIgO0Q', 0, '', '', 0, '2020-07-21 07:47:37', '2020-07-21 11:49:55', 407),
(482, NULL, '0', '13.5.1', 'iPad (7th generation)', '1.3', 'fI116V7QUc', 0, '', NULL, 0, '2020-07-21 08:21:07', '2020-07-21 13:03:44', 398),
(483, NULL, '0', '13.5.1', 'iPad (7th generation)', '1.3', '3NDjPqQokG', 0, '', NULL, 0, '2020-07-21 08:25:55', '2020-07-21 13:03:44', 398),
(484, NULL, '0', '13.1.0', 'Simulator iPhone 11', '1.2', 'AYX0PeqIwf', 0, '', 'eyJhbGciOiJIUzI1NiIsInR5cCI6IkpXVCJ9.eyJpZCI6NjEsInB1YmxpY19pZCI6IjE1OTMwNjMzMDM1NzIiLCJlbWFpbCI6IlZpa2FzQGdtYWlsLmNvbSIsInBhc3N3b3JkIjoiJDJhJDEwJGFkZXRWbkJwTThqMllwOGtXeVNhOS5zLjBieUZXR0RDVi9JVEwubTB2ZkV1MmRtU0ZYTW1HIiwiYXZhdGFyX2lkIjpudWxsLCJvdHAiOm51bGwsImNoYXJpdHlfaWQiOiI4IiwicmVzZXRfcGFzc3dvcmRfdG9rZW4iOm51bGwsInN1YnNjcmlwdGlvbl9zdGF0dXMiOjEsImxvZ2luYXR0ZW1wdCI6bnVsbCwicGFzc3dvcmRfY291bnQiOjEsImxhc3RfbG9naW5fZGF0ZSI6bnVsbCwicmVzZXRfcGFzc3dvcmRfZGF0ZSI6bnVsbCwic3RhdHVzIjoxLCJjcmVhdGVkQXQiOiIyMDIwLTA2LTI1VDA1OjM1OjAzLjAwMFoiLCJ1cGRhdGVkQXQiOiIyMDIwLTA3LTIxVDA4OjMwOjQ3LjAwMFoiLCJpYXQiOjE1OTUzMjAyNTh9.7iAiPh_0t-JSZsSB3YhXASCvHT2IvJNxBTm4q6vfyQ4', 1, '2020-07-21 08:30:58', '2020-07-21 08:30:58', 61),
(485, NULL, '1', '1', 'Xiaomi/Redmi Y1', '1.0', 'd909412c6f5791b7', 0, 'GB', 'eyJhbGciOiJIUzI1NiIsInR5cCI6IkpXVCJ9.eyJpZCI6MjY1LCJwdWJsaWNfaWQiOiIxNTk0Mzc5ODYxODc5IiwiZW1haWwiOiJzZnMubmF2am90MTlAZ21haWwuY29tIiwicGFzc3dvcmQiOiIkMmEkMTAkQWt0aWRWQlZlZmVLOVNaTHFzeS5VLmdIMzFzU24yMnJWUzJkM3hOYW9ocEVmN2dQbmIwR3UiLCJhdmF0YXJfaWQiOm51bGwsIm90cCI6bnVsbCwiY2hhcml0eV9pZCI6IiIsInJlc2V0X3Bhc3N3b3JkX3Rva2VuIjpudWxsLCJzdWJzY3JpcHRpb25fc3RhdHVzIjoxLCJsb2dpbmF0dGVtcHQiOm51bGwsInBhc3N3b3JkX2NvdW50IjowLCJsYXN0X2xvZ2luX2RhdGUiOm51bGwsInJlc2V0X3Bhc3N3b3JkX2RhdGUiOm51bGwsInN0YXR1cyI6MSwiY3JlYXRlZEF0IjoiMjAyMC0wNy0xMFQxMToxNzo0MS4wMDBaIiwidXBkYXRlZEF0IjoiMjAyMC0wNy0yMVQwOTozMTowNC4wMDBaIiwiaWF0IjoxNTk1MzI2OTQyfQ.3uTJ1YChq5s9P3yN20h74TEkeucuSvuuR0GD1ofGS6o', 1, '2020-07-21 09:31:04', '2020-07-21 10:22:28', 265),
(486, NULL, '0', '12.4.6', 'iPhone 6', '1.3', 'p8qMs4CqTP', 0, '', NULL, 0, '2020-07-21 09:47:07', '2020-07-24 10:18:31', 2),
(487, NULL, '0', '12.4.7', 'iPhone 6', '1.3', 'Kiw6IYMr8P', 0, '', NULL, 0, '2020-07-21 10:00:29', '2020-07-21 13:03:44', 398),
(488, NULL, '0', '13.5.1', 'iPad (7th generation)', '1.3', '8FDFAF867C4BED731FF901431ABCB74B8459639E5AF7B7D9A7A53176B763EA9F', 0, '', NULL, 0, '2020-07-21 10:01:35', '2020-07-21 13:03:44', 398),
(489, NULL, '0', '13.5.1', 'iPad (7th generation)', '1.3', 'vc6lYa03yK', 0, '', NULL, 0, '2020-07-21 11:52:29', '2020-07-21 13:03:44', 398),
(490, NULL, '0', '13.5.1', 'iPad (7th generation)', '1.3', 'Q5bJR3BOyT', 0, '', NULL, 0, '2020-07-21 11:58:21', '2020-07-21 13:03:44', 398),
(491, NULL, '0', '13.5.1', 'iPhone 11', '1.3', '50D7208F1B62AB52D596F7F44AD50622F00C963DB37C4D563922F649AFA48262', 0, '', 'eyJhbGciOiJIUzI1NiIsInR5cCI6IkpXVCJ9.eyJpZCI6MzUzLCJwdWJsaWNfaWQiOiIxNTk0NzI4NDA2NDU3IiwiZW1haWwiOiJhYUBnbWFpbC5jb20iLCJwYXNzd29yZCI6IiQyYSQxMCRUZjJYSDR5RWZZN2oxNENxMjJTZVcuVFR3UklHcFg5YnhhNFkyS2hlcW0zMHFJSGx1dUxiaSIsImF2YXRhcl9pZCI6bnVsbCwib3RwIjpudWxsLCJjaGFyaXR5X2lkIjoiIiwicmVzZXRfcGFzc3dvcmRfdG9rZW4iOm51bGwsInN1YnNjcmlwdGlvbl9zdGF0dXMiOjEsImxvZ2luYXR0ZW1wdCI6bnVsbCwicGFzc3dvcmRfY291bnQiOjAsImxhc3RfbG9naW5fZGF0ZSI6bnVsbCwicmVzZXRfcGFzc3dvcmRfZGF0ZSI6bnVsbCwic3RhdHVzIjoxLCJjcmVhdGVkQXQiOiIyMDIwLTA3LTE0VDEyOjA2OjQ2LjAwMFoiLCJ1cGRhdGVkQXQiOiIyMDIwLTA3LTIxVDA2OjQ0OjQ0LjAwMFoiLCJpYXQiOjE1OTU0MDM4MTZ9.jXXrUYDUYUTFu_bqpI1IAw3Y53-NqLZ9Fj1rmW2aMQ8', 1, '2020-07-21 12:05:36', '2020-07-22 07:43:36', 353),
(492, NULL, '0', '13.5.1', 'iPad (7th generation)', '1.3', 'DM4f86mfSV', 0, '', NULL, 0, '2020-07-21 12:18:12', '2020-07-21 13:03:44', 398),
(493, NULL, '1', '1', 'samsung/SM-M205F', '1.0', 'eaea3848b2ceb13f', 0, 'GB', 'eyJhbGciOiJIUzI1NiIsInR5cCI6IkpXVCJ9.eyJpZCI6NTQsInB1YmxpY19pZCI6IjE1OTMwMDMzNzQ1NTgiLCJlbWFpbCI6InRveUBnbWFpbC5jb20iLCJwYXNzd29yZCI6IiQyYSQxMCRQRk5SR3VYMEdJT2FKbXhqWUJoN0VlOVowSU9XWm93c3laaXRweTR0cWhhcmIxckJVNGJrYSIsImF2YXRhcl9pZCI6bnVsbCwib3RwIjpudWxsLCJjaGFyaXR5X2lkIjoiNCw1IiwicmVzZXRfcGFzc3dvcmRfdG9rZW4iOm51bGwsInN1YnNjcmlwdGlvbl9zdGF0dXMiOjEsImxvZ2luYXR0ZW1wdCI6bnVsbCwicGFzc3dvcmRfY291bnQiOjEsImxhc3RfbG9naW5fZGF0ZSI6bnVsbCwicmVzZXRfcGFzc3dvcmRfZGF0ZSI6bnVsbCwic3RhdHVzIjoxLCJjcmVhdGVkQXQiOiIyMDIwLTA2LTI0VDEyOjU2OjE0LjAwMFoiLCJ1cGRhdGVkQXQiOiIyMDIwLTA3LTI3VDA0OjEyOjQ1LjAwMFoiLCJpYXQiOjE1OTU4MjMxNzN9.DeqRHY9AlFAmczZBsO-Ffsq22anRxeIhRvAjG2uqNLE', 1, '2020-07-21 12:19:58', '2020-07-27 04:12:55', 54),
(494, NULL, '0', '12.4.7', 'iPhone 6', '1.3', '9KOZkHoN49', 0, '', NULL, 0, '2020-07-21 13:00:24', '2020-07-21 13:03:44', 398),
(495, NULL, '0', '13.5.1', 'iPad (7th generation)', '1.4', 'sbvxUs2Rwr', 0, '', NULL, 0, '2020-07-21 13:02:58', '2020-07-21 13:03:44', 398),
(496, NULL, '0', '12.4.7', 'iPhone 6', '1.3', 'Z9zoXxKzh2', 0, '', 'eyJhbGciOiJIUzI1NiIsInR5cCI6IkpXVCJ9.eyJpZCI6Mzk4LCJwdWJsaWNfaWQiOiIxNTk0OTczNzM2ODMyIiwiZW1haWwiOiJtc2RAZ21haWwuY29tIiwicGFzc3dvcmQiOiIkMmEkMTAkc2VVb3NWZWl5N3ZOMHByQUw0TTc5ZUJHQjRHZWpoZi9oUWRQL0JmQXZOMjVUTXFHSG1Eb2EiLCJhdmF0YXJfaWQiOm51bGwsIm90cCI6bnVsbCwiY2hhcml0eV9pZCI6IiIsInJlc2V0X3Bhc3N3b3JkX3Rva2VuIjpudWxsLCJzdWJzY3JpcHRpb25fc3RhdHVzIjoxLCJsb2dpbmF0dGVtcHQiOm51bGwsInBhc3N3b3JkX2NvdW50IjoxLCJsYXN0X2xvZ2luX2RhdGUiOm51bGwsInJlc2V0X3Bhc3N3b3JkX2RhdGUiOm51bGwsInN0YXR1cyI6MSwiY3JlYXRlZEF0IjoiMjAyMC0wNy0xN1QwODoxNTozNi4wMDBaIiwidXBkYXRlZEF0IjoiMjAyMC0wNy0yMVQxMzowNDo0MS4wMDBaIiwiaWF0IjoxNTk1MzM2NzEwfQ.8e-6IGaUJhPsPGItp0ZXHHe1iXPMkTITzYvnoTvPxT4', 1, '2020-07-21 13:05:10', '2020-07-21 13:05:10', 398),
(497, NULL, '0', '13.5.1', 'iPad (7th generation)', '1.4', 'a5pJeUe4z9', 0, '', NULL, 0, '2020-07-21 13:07:31', '2020-07-24 10:18:31', 2),
(498, NULL, '0', '13.5.1', 'iPhone 11', '1.4', 'POiku458rw', 0, '', NULL, 0, '2020-07-21 16:19:04', '2020-07-24 01:30:57', 408),
(499, NULL, '0', '13.5.1', 'iPhone 11', '1.4', 'W7I3m46UXh', 0, '', NULL, 0, '2020-07-21 16:27:08', '2020-07-23 20:18:07', 115),
(500, NULL, '0', '13.5.1', 'iPhone 11', '1.4', 'SJ96mbHw4S', 0, '', NULL, 0, '2020-07-21 23:10:45', '2020-07-23 20:18:07', 115),
(501, NULL, '0', '13.5.1', 'iPhone 11', '1.4', 'tKsIxYVyTq', 0, '', NULL, 0, '2020-07-21 23:12:08', '2020-07-23 20:18:07', 115),
(502, NULL, '0', '13.5.1', 'iPhone 11', '1.4', 'MFs3HZZNSb', 0, '', NULL, 0, '2020-07-21 23:26:56', '2020-07-23 20:18:07', 115),
(503, NULL, '0', '13.3.0', 'Simulator iPhone X', '1.2', 'PArpTZBx9C', 0, '', '', 0, '2020-07-22 04:36:20', '2020-07-22 04:43:41', 400),
(504, NULL, '0', '13.3.0', 'Simulator iPhone X', '1.2', '3PtKE8ySKX', 0, '', '', 0, '2020-07-22 04:44:45', '2020-07-22 04:45:30', 70),
(505, NULL, '0', '13.3.0', 'Simulator iPhone X', '1.2', '4cFzey6GPS', 0, '', NULL, 0, '2020-07-22 04:45:46', '2020-07-24 10:16:52', 54),
(506, NULL, '0', '13.1.0', 'Simulator iPhone 8', '1.4', '9GuoP55UUG', 0, '', NULL, 0, '2020-07-22 05:24:34', '2020-07-24 10:18:31', 2),
(507, NULL, '0', '13.5.1', 'iPad (7th generation)', '1.4', 'I7ZrcCHyiy', 0, '', 'eyJhbGciOiJIUzI1NiIsInR5cCI6IkpXVCJ9.eyJpZCI6NDEwLCJwdWJsaWNfaWQiOiIxNTk1NDAzMTg1MjYyIiwiZW1haWwiOiJvc2hpbkBnbWFpbC5jb20iLCJwYXNzd29yZCI6IiQyYSQxMCRjYTEyOTFZWmFOMGRjM1lxQ1RKY2plSFdpbS5ZQXBXNzRkRVV1dmlXNk1QN3JYbndMSEdWdSIsImF2YXRhcl9pZCI6bnVsbCwib3RwIjpudWxsLCJjaGFyaXR5X2lkIjoiIiwicmVzZXRfcGFzc3dvcmRfdG9rZW4iOm51bGwsInN1YnNjcmlwdGlvbl9zdGF0dXMiOjEsImxvZ2luYXR0ZW1wdCI6bnVsbCwicGFzc3dvcmRfY291bnQiOjAsImxhc3RfbG9naW5fZGF0ZSI6bnVsbCwicmVzZXRfcGFzc3dvcmRfZGF0ZSI6bnVsbCwic3RhdHVzIjoxLCJjcmVhdGVkQXQiOiIyMDIwLTA3LTIyVDA3OjMzOjA1LjAwMFoiLCJ1cGRhdGVkQXQiOiIyMDIwLTA3LTIyVDA3OjMzOjQ0LjAwMFoiLCJpYXQiOjE1OTU0MDMyODV9.8a1ljWUAQHpVZn2aViX-k8zI5yiXVwYRAMA2fMevwuY', 1, '2020-07-22 07:34:45', '2020-07-22 07:34:45', 410),
(508, NULL, '0', '13.3.0', 'Simulator iPhone X', '1.4', 'SljLxhwP3w', 0, '', NULL, 0, '2020-07-22 08:23:35', '2020-07-24 10:16:52', 54),
(509, NULL, '0', '13.3.0', 'Simulator iPhone X', '1.4', '3N6XROIbdA', 0, '', NULL, 0, '2020-07-22 08:26:30', '2020-07-24 10:18:31', 2),
(510, NULL, '0', '13.3.0', 'Simulator iPhone 6s', '1.4', 'l3z7FNu7be', 0, '', NULL, 0, '2020-07-22 08:33:28', '2020-07-24 10:18:31', 2),
(511, NULL, '0', '13.1.0', 'Simulator iPhone 11', '1.4', 'N96fd3fGPy', 0, '', NULL, 0, '2020-07-22 08:45:53', '2020-07-24 10:18:31', 2),
(512, NULL, '0', '13.1.0', 'Simulator iPhone 11', '1.4', 'yxtlRB2ObD', 0, '', NULL, 0, '2020-07-22 10:01:49', '2020-07-24 10:18:31', 2),
(513, NULL, '0', '13.1.0', 'Simulator iPhone 11', '1.4', 'jFw5V9qgSX', 0, '', NULL, 0, '2020-07-22 10:03:39', '2020-07-24 10:18:31', 2),
(514, NULL, '0', '13.1.0', 'Simulator iPhone 11', '1.4', '2N1Mpbtm8v', 0, '', NULL, 0, '2020-07-22 10:04:01', '2020-07-24 10:18:31', 2),
(515, NULL, '0', '13.3.0', 'Simulator iPhone 6s', '1.4', 'c0f9YOojON', 0, '', NULL, 0, '2020-07-22 10:07:50', '2020-07-24 10:18:31', 2),
(516, NULL, '0', '13.3.0', 'Simulator iPhone X', '1.4', '8SMnxvl2TS', 0, '', NULL, 0, '2020-07-22 10:49:33', '2020-07-24 10:18:31', 2),
(517, NULL, '0', '13.3.0', 'Simulator iPhone X', '1.4', '8v5CJUyAoF', 0, '', NULL, 0, '2020-07-22 11:00:27', '2020-07-24 10:16:52', 54),
(518, NULL, '0', '13.3.0', 'Simulator iPhone X', '1.4', 'PrCp86lUeT', 0, '', NULL, 0, '2020-07-22 11:11:26', '2020-07-24 10:16:52', 54),
(519, NULL, '0', '13.3.0', 'Simulator iPhone X', '1.4', 'rELVNsnILu', 0, '', NULL, 0, '2020-07-22 12:06:29', '2020-07-24 10:18:31', 2),
(520, NULL, '0', '13.1.0', 'Simulator iPad11,3', '1.4', 'LSe5ALcvqm', 0, '', NULL, 0, '2020-07-22 13:05:22', '2020-07-24 10:18:31', 2),
(521, NULL, '0', '13.5.1', 'iPad (7th generation)', '1.4', 'ND89Pw7kiX', 0, '', NULL, 0, '2020-07-23 00:18:41', '2020-07-23 20:18:07', 115),
(522, NULL, '0', '13.5.1', 'iPhone 11', '1.4', 'HVmsHjN5R8', 0, '', NULL, 0, '2020-07-23 01:18:38', '2020-07-23 20:18:07', 115),
(523, NULL, '0', '13.1.0', 'Simulator iPhone 11 Pro Max', '1.4', 'dTpA4R8ywV', 0, '', NULL, 0, '2020-07-23 04:30:51', '2020-07-24 10:18:31', 2),
(524, NULL, '1', '1', 'Google/Android SDK built for x86', '1.0', '15c4d219fb2140d8', 0, 'US', 'eyJhbGciOiJIUzI1NiIsInR5cCI6IkpXVCJ9.eyJpZCI6MjY1LCJwdWJsaWNfaWQiOiIxNTk0Mzc5ODYxODc5IiwiZW1haWwiOiJzZnMubmF2am90MTlAZ21haWwuY29tIiwicGFzc3dvcmQiOiIkMmEkMTAkQWt0aWRWQlZlZmVLOVNaTHFzeS5VLmdIMzFzU24yMnJWUzJkM3hOYW9ocEVmN2dQbmIwR3UiLCJhdmF0YXJfaWQiOm51bGwsIm90cCI6bnVsbCwiY2hhcml0eV9pZCI6IiIsInJlc2V0X3Bhc3N3b3JkX3Rva2VuIjpudWxsLCJzdWJzY3JpcHRpb25fc3RhdHVzIjoxLCJsb2dpbmF0dGVtcHQiOm51bGwsInBhc3N3b3JkX2NvdW50IjowLCJsYXN0X2xvZ2luX2RhdGUiOm51bGwsInJlc2V0X3Bhc3N3b3JkX2RhdGUiOm51bGwsInN0YXR1cyI6MSwiY3JlYXRlZEF0IjoiMjAyMC0wNy0xMFQxMToxNzo0MS4wMDBaIiwidXBkYXRlZEF0IjoiMjAyMC0wNy0yM1QwNzowMTozMC4wMDBaIiwiaWF0IjoxNTk1NDg3ODc3fQ.3BgF4_M8FaoAvdb2VjUNnFaxEyyZsUPoswfqO52H7Tc', 1, '2020-07-23 07:04:37', '2020-07-23 07:04:37', 265),
(525, NULL, '0', '13.5.1', 'iPhone 11', '1.4', 'XiTJdhwyp1', 0, '', '', 0, '2020-07-23 07:30:48', '2020-07-23 07:48:44', 411),
(526, NULL, '0', '13.5.1', 'iPad (7th generation)', '1.4', 'OecWOY6qj2', 0, '', NULL, 0, '2020-07-23 07:40:46', '2020-07-24 10:16:52', 54),
(527, NULL, '0', '13.5.1', 'iPad (7th generation)', '1.4', 'lPhDN9dkxX', 0, '', '', 0, '2020-07-23 07:43:54', '2020-07-24 04:21:35', 353),
(528, NULL, '0', '13.5.1', 'iPhone 11', '1.4', 'PjVP0SkGTD', 0, '', '', 0, '2020-07-23 07:49:35', '2020-07-23 07:54:07', 412),
(529, NULL, '0', '13.5.1', 'iPhone 11', '1.4', 'lBPCopXhLn', 0, '', NULL, 0, '2020-07-23 07:54:44', '2020-07-24 10:18:31', 2),
(530, NULL, '0', '13.5.1', 'iPhone 11', '1.4', 'rg1POdiV5X', 0, '', '', 0, '2020-07-23 09:56:10', '2020-07-24 05:21:55', 413),
(531, NULL, '0', '13.3.0', 'Simulator iPhone X', '1.4', 'VF8EzB0Xgx', 0, '', NULL, 0, '2020-07-23 10:32:30', '2020-07-24 10:18:31', 2),
(532, NULL, '1', '1', 'samsung/SM-A505F', '1.0', '95c619d1c9eb5961', 0, 'GB', 'eyJhbGciOiJIUzI1NiIsInR5cCI6IkpXVCJ9.eyJpZCI6MjY1LCJwdWJsaWNfaWQiOiIxNTk0Mzc5ODYxODc5IiwiZW1haWwiOiJzZnMubmF2am90MTlAZ21haWwuY29tIiwicGFzc3dvcmQiOiIkMmEkMTAkQWt0aWRWQlZlZmVLOVNaTHFzeS5VLmdIMzFzU24yMnJWUzJkM3hOYW9ocEVmN2dQbmIwR3UiLCJhdmF0YXJfaWQiOm51bGwsIm90cCI6bnVsbCwiY2hhcml0eV9pZCI6IiIsInJlc2V0X3Bhc3N3b3JkX3Rva2VuIjpudWxsLCJzdWJzY3JpcHRpb25fc3RhdHVzIjoxLCJsb2dpbmF0dGVtcHQiOm51bGwsInBhc3N3b3JkX2NvdW50IjowLCJsYXN0X2xvZ2luX2RhdGUiOm51bGwsInJlc2V0X3Bhc3N3b3JkX2RhdGUiOm51bGwsInN0YXR1cyI6MSwiY3JlYXRlZEF0IjoiMjAyMC0wNy0xMFQxMToxNzo0MS4wMDBaIiwidXBkYXRlZEF0IjoiMjAyMC0wNy0yM1QxMjo0Nzo0OS4wMDBaIiwiaWF0IjoxNTk1NTEyMzYwfQ.Ddfbkk7XCfrSWllovIFhuHnYXCw2OpmW1-NTKyWr4ko', 1, '2020-07-23 13:52:40', '2020-07-23 13:52:40', 265),
(533, NULL, '0', '13.5.1', 'iPad (7th generation)', '1.4', '2XxGOmz84t', 0, '', NULL, 0, '2020-07-23 20:16:27', '2020-07-23 20:18:07', 115),
(534, NULL, '0', '13.5.1', 'iPad (7th generation)', '1.4', 'NWFfHM5bnc', 0, '', 'eyJhbGciOiJIUzI1NiIsInR5cCI6IkpXVCJ9.eyJpZCI6MTE1LCJwdWJsaWNfaWQiOiIxNTkzOTAwMjk3ODIyIiwiZW1haWwiOiJ0ZXN0MTIzNEBhc2RmLmNvbSIsInBhc3N3b3JkIjoiJDJhJDEwJDZ4b0Uxa004THZUZHhTNGx3Q0IxeC5BaTdMYzk4c2xkMUI0UUZ5Y0FEL3A5TEJxdmRHZWVxIiwiYXZhdGFyX2lkIjpudWxsLCJvdHAiOm51bGwsImNoYXJpdHlfaWQiOiIiLCJyZXNldF9wYXNzd29yZF90b2tlbiI6bnVsbCwic3Vic2NyaXB0aW9uX3N0YXR1cyI6MSwibG9naW5hdHRlbXB0IjpudWxsLCJwYXNzd29yZF9jb3VudCI6MCwibGFzdF9sb2dpbl9kYXRlIjpudWxsLCJyZXNldF9wYXNzd29yZF9kYXRlIjpudWxsLCJzdGF0dXMiOjEsImNyZWF0ZWRBdCI6IjIwMjAtMDctMDRUMjI6MDQ6NTcuMDAwWiIsInVwZGF0ZWRBdCI6IjIwMjAtMDctMjNUMjA6MTY6MjcuMDAwWiIsImlhdCI6MTU5NTUzNTQ4N30.mhLoOIXXTH5qLn8hVqlXtehgm0OahsjFUrKhZYrm35Q', 1, '2020-07-23 20:18:07', '2020-07-23 20:18:07', 115),
(535, NULL, '1', '1', 'samsung/SM-T290', '1.0', '69ef159c499b2d7b', 1, 'US', 'eyJhbGciOiJIUzI1NiIsInR5cCI6IkpXVCJ9.eyJpZCI6NDA4LCJwdWJsaWNfaWQiOiIxNTk1MzQ4MzQ0MDA2IiwiZW1haWwiOiJ2aWpheWFwMkBnbWFpbC5jb20iLCJwYXNzd29yZCI6IiQyYSQxMCRLd20wTllId0tVNkIyeWM1WmRuVDF1ZXlOcnI2OHd5bHo2Y0wvN2xOaE5PL1dWYnFBbDhJMiIsImF2YXRhcl9pZCI6bnVsbCwib3RwIjpudWxsLCJjaGFyaXR5X2lkIjoiOCw1IiwicmVzZXRfcGFzc3dvcmRfdG9rZW4iOm51bGwsInN1YnNjcmlwdGlvbl9zdGF0dXMiOjEsImxvZ2luYXR0ZW1wdCI6bnVsbCwicGFzc3dvcmRfY291bnQiOjAsImxhc3RfbG9naW5fZGF0ZSI6IjIwMjAtMDctMjRUMDE6MzA6MjQuMDAwWiIsInJlc2V0X3Bhc3N3b3JkX2RhdGUiOiIyMDIwLTA3LTI0VDAxOjMwOjU3LjAwMFoiLCJzdGF0dXMiOjEsImNyZWF0ZWRBdCI6IjIwMjAtMDctMjFUMTY6MTk6MDQuMDAwWiIsInVwZGF0ZWRBdCI6IjIwMjAtMDctMjVUMDE6NDU6MzMuMDAwWiIsImlhdCI6MTU5NTY4MjA2MH0.1PSJe-YCmV-5lAadvg2oillPLk8CnJ6HGYP4Uh6ETig', 1, '2020-07-23 20:36:18', '2020-07-25 13:01:18', 408),
(536, NULL, '0', '13.5.1', 'iPad (7th generation)', '1.4', '4BIQnIiRhu', 0, '', 'eyJhbGciOiJIUzI1NiIsInR5cCI6IkpXVCJ9.eyJpZCI6MTE1LCJwdWJsaWNfaWQiOiIxNTkzOTAwMjk3ODIyIiwiZW1haWwiOiJ0ZXN0MTIzNEBhc2RmLmNvbSIsInBhc3N3b3JkIjoiJDJhJDEwJHMwUWZQSXhsV2ozQkpORmFndlVsdi4wU05hUzlNTnF0U2E5cUs2bE5QL1cyUTlFSVdIbzhXIiwiYXZhdGFyX2lkIjpudWxsLCJvdHAiOm51bGwsImNoYXJpdHlfaWQiOiIiLCJyZXNldF9wYXNzd29yZF90b2tlbiI6bnVsbCwic3Vic2NyaXB0aW9uX3N0YXR1cyI6MSwibG9naW5hdHRlbXB0IjpudWxsLCJwYXNzd29yZF9jb3VudCI6MCwibGFzdF9sb2dpbl9kYXRlIjpudWxsLCJyZXNldF9wYXNzd29yZF9kYXRlIjpudWxsLCJzdGF0dXMiOjEsImNyZWF0ZWRBdCI6IjIwMjAtMDctMDRUMjI6MDQ6NTcuMDAwWiIsInVwZGF0ZWRBdCI6IjIwMjAtMDctMjNUMjA6MzY6MTguMDAwWiIsImlhdCI6MTU5NTUzNjY3Nn0.xiFSGQhdzF_BoPRJ8cnby_G0tMg4HbxHwmeuj0SjWqM', 1, '2020-07-23 20:37:56', '2020-07-23 20:37:56', 115),
(537, NULL, '0', '13.5.1', 'iPad mini 4', '1.2', 'NlGoepMwk7', 0, '', '', 0, '2020-07-23 23:10:31', '2020-07-23 23:13:28', 318),
(538, NULL, '0', '13.5.1', 'iPad mini 4', '1.2', 'eYKTlBfeCd', 0, '', NULL, 0, '2020-07-23 23:15:34', '2020-07-23 23:31:48', 414),
(539, NULL, '0', '13.5.1', 'iPad mini 4', '1.4', 'VoubiMR0e3', 0, '', NULL, 0, '2020-07-23 23:30:51', '2020-07-23 23:31:48', 414),
(540, NULL, '0', '13.5.1', 'iPad mini 4', '1.4', 'PgIw5Bcq7l', 0, '', 'eyJhbGciOiJIUzI1NiIsInR5cCI6IkpXVCJ9.eyJpZCI6NDE0LCJwdWJsaWNfaWQiOiIxNTk1NTQ0NzA1MDE3IiwiZW1haWwiOiJwb29weUBwb29weW11bS5jb20iLCJwYXNzd29yZCI6IiQyYSQxMCRqVVhDY0RCY0kuYTEyMEFLUm9WbW5lcTZGcmJXcXZFbGFhLlBEWFVJbW5QV3JKNko0RnZUMiIsImF2YXRhcl9pZCI6bnVsbCwib3RwIjpudWxsLCJjaGFyaXR5X2lkIjoiNiw1IiwicmVzZXRfcGFzc3dvcmRfdG9rZW4iOm51bGwsInN1YnNjcmlwdGlvbl9zdGF0dXMiOjEsImxvZ2luYXR0ZW1wdCI6bnVsbCwicGFzc3dvcmRfY291bnQiOjAsImxhc3RfbG9naW5fZGF0ZSI6bnVsbCwicmVzZXRfcGFzc3dvcmRfZGF0ZSI6bnVsbCwic3RhdHVzIjoxLCJjcmVhdGVkQXQiOiIyMDIwLTA3LTIzVDIyOjUxOjQ1LjAwMFoiLCJ1cGRhdGVkQXQiOiIyMDIwLTA3LTIzVDIzOjMwOjUxLjAwMFoiLCJpYXQiOjE1OTU1NDcxMDh9.yWzk-fY3tB6F_tY-3apbqDVLBWVXMqgzwNapNHeYBz4', 1, '2020-07-23 23:31:48', '2020-07-23 23:31:48', 414),
(541, NULL, '0', '13.5.1', 'iPad mini 4', '1.4', 'hlKE4XqBcm', 0, '', 'eyJhbGciOiJIUzI1NiIsInR5cCI6IkpXVCJ9.eyJpZCI6NDE0LCJwdWJsaWNfaWQiOiIxNTk1NTQ0NzA1MDE3IiwiZW1haWwiOiJwb29weUBwb29weW11bS5jb20iLCJwYXNzd29yZCI6IiQyYSQxMCR4VG4wL09TVjZyU3psbnpvc0ViRlZ1Tmd6WmJMbU5vZ1hYVmtGcE1QMDdvUFExdU16QkhPRyIsImF2YXRhcl9pZCI6bnVsbCwib3RwIjpudWxsLCJjaGFyaXR5X2lkIjoiNiw1IiwicmVzZXRfcGFzc3dvcmRfdG9rZW4iOm51bGwsInN1YnNjcmlwdGlvbl9zdGF0dXMiOjEsImxvZ2luYXR0ZW1wdCI6bnVsbCwicGFzc3dvcmRfY291bnQiOjAsImxhc3RfbG9naW5fZGF0ZSI6bnVsbCwicmVzZXRfcGFzc3dvcmRfZGF0ZSI6bnVsbCwic3RhdHVzIjoxLCJjcmVhdGVkQXQiOiIyMDIwLTA3LTIzVDIyOjUxOjQ1LjAwMFoiLCJ1cGRhdGVkQXQiOiIyMDIwLTA3LTIzVDIzOjMxOjQ4LjAwMFoiLCJpYXQiOjE1OTU1NDcxMzV9.nKwAGP6pI6HZn9SzqNmDDTFxCVRMZqaP6Xqq6j-ylS0', 1, '2020-07-23 23:32:15', '2020-07-23 23:32:15', 414),
(542, NULL, '0', '13.5.1', 'iPhone 11', '1.4', 'RE3zZjifd9', 0, '', 'eyJhbGciOiJIUzI1NiIsInR5cCI6IkpXVCJ9.eyJpZCI6NDA4LCJwdWJsaWNfaWQiOiIxNTk1MzQ4MzQ0MDA2IiwiZW1haWwiOiJ2aWpheWFwMkBnbWFpbC5jb20iLCJwYXNzd29yZCI6IiQyYSQxMCRLd20wTllId0tVNkIyeWM1WmRuVDF1ZXlOcnI2OHd5bHo2Y0wvN2xOaE5PL1dWYnFBbDhJMiIsImF2YXRhcl9pZCI6bnVsbCwib3RwIjpudWxsLCJjaGFyaXR5X2lkIjoiOCw1IiwicmVzZXRfcGFzc3dvcmRfdG9rZW4iOm51bGwsInN1YnNjcmlwdGlvbl9zdGF0dXMiOjEsImxvZ2luYXR0ZW1wdCI6bnVsbCwicGFzc3dvcmRfY291bnQiOjEsImxhc3RfbG9naW5fZGF0ZSI6IjIwMjAtMDctMjRUMDE6MzA6MjQuMDAwWiIsInJlc2V0X3Bhc3N3b3JkX2RhdGUiOiIyMDIwLTA3LTI0VDAxOjMwOjU3LjAwMFoiLCJzdGF0dXMiOjEsImNyZWF0ZWRBdCI6IjIwMjAtMDctMjFUMTY6MTk6MDQuMDAwWiIsInVwZGF0ZWRBdCI6IjIwMjAtMDctMjRUMDE6NTQ6NDYuMDAwWiIsImlhdCI6MTU5NTU1NTY5OX0.P3dV0XKDFNRvKjtnWaLHGYOr_NCxGtVMoUhNh9_otxw', 1, '2020-07-24 01:54:59', '2020-07-24 01:54:59', 408),
(543, NULL, '0', '13.5.1', 'iPad (7th generation)', '1.4', '1XoQDQfAoi', 0, '', NULL, 0, '2020-07-24 05:09:53', '2020-07-24 10:18:31', 2),
(544, NULL, '0', '13.1.0', 'Simulator iPhone 11 Pro Max', '1.4', 'Gz4sbO38sN', 0, '', NULL, 0, '2020-07-24 05:30:41', '2020-07-24 10:18:31', 2),
(545, NULL, '0', '13.5.1', 'iPhone 11', '1.4', 'PZ08X34xrk', 0, '', '', 0, '2020-07-24 05:33:05', '2020-07-24 05:53:48', 418),
(546, NULL, '0', '13.1.0', 'Simulator iPhone 8', '1.4', 'px8lJiOTu0', 0, '', NULL, 0, '2020-07-24 05:37:37', '2020-07-24 10:18:31', 2),
(547, NULL, '0', '13.5.1', 'iPhone 11', '1.4', 'oQm1hJfIMc', 0, '', '', 0, '2020-07-24 06:05:02', '2020-07-24 07:27:21', 421),
(548, NULL, '0', '13.1.0', 'Simulator iPad11,3', '1.4', 'WL7rg2Iysp', 0, '', NULL, 0, '2020-07-24 06:10:11', '2020-07-24 10:18:31', 2),
(549, NULL, '0', '13.1.0', 'Simulator iPad11,3', '1.4', 'bqI6ZEvtwh', 0, '', NULL, 0, '2020-07-24 07:12:14', '2020-07-24 10:18:31', 2),
(550, NULL, '0', '13.1.0', 'Simulator iPhone 11', '1.4', 'cmypRIg8Cu', 0, '', NULL, 0, '2020-07-24 07:54:38', '2020-07-24 10:18:31', 2),
(551, NULL, '0', '13.1.0', 'Simulator iPhone 11', '1.4', '9btC5zNiEI', 0, '', NULL, 0, '2020-07-24 08:29:30', '2020-07-24 10:18:31', 2),
(552, NULL, '0', '13.1.0', 'Simulator iPhone 11', '1.4', 'DAlnloArb7', 0, '', NULL, 0, '2020-07-24 08:38:40', '2020-07-24 10:18:31', 2),
(553, NULL, '0', '13.5.1', 'iPad (7th generation)', '1.4', 'x9wKYZJ4wS', 0, '', NULL, 0, '2020-07-24 10:00:45', '2020-07-24 10:18:31', 2),
(554, NULL, '0', '13.5.1', 'iPad (7th generation)', '1.4', 'SIJjnM6qr1', 0, '', NULL, 0, '2020-07-24 10:01:35', '2020-07-24 10:18:31', 2),
(555, NULL, '0', '13.1.0', 'Simulator iPhone 8', '1.4', 'xLf9SR8zP2', 0, '', NULL, 0, '2020-07-24 10:06:24', '2020-07-24 10:18:31', 2),
(556, NULL, '0', '13.5.1', 'iPad (7th generation)', '1.4', '0zzlEqiJyZ', 0, '', '', 0, '2020-07-24 10:18:31', '2020-07-24 11:01:08', 2),
(557, NULL, '0', '13.1.0', 'Simulator iPhone 8', '1.4', 'kytlTPuiTJ', 0, '', '', 0, '2020-07-24 10:19:15', '2020-07-24 10:25:04', 2),
(558, NULL, '0', '13.1.0', 'Simulator iPhone 8', '1.4', 'Tl6EVASoaY', 0, '', '', 0, '2020-07-24 10:25:42', '2020-07-24 11:46:44', 413),
(559, NULL, '0', '13.5.1', 'iPad (7th generation)', '1.4', '2QvP6R9l00', 0, '', 'eyJhbGciOiJIUzI1NiIsInR5cCI6IkpXVCJ9.eyJpZCI6NDEzLCJwdWJsaWNfaWQiOiIxNTk1NDk4MTcwNzk0IiwiZW1haWwiOiJ3ZWVrbmRAZ21haWwuY29tIiwicGFzc3dvcmQiOiIkMmEkMTAkZHFuQlg4Y2w5dkJYTXRWQ092SWcwT2hTZmFlRHR5L1QxNFUudm9jeEsvc2NMMUlxLm1ybUciLCJhdmF0YXJfaWQiOm51bGwsIm90cCI6bnVsbCwiY2hhcml0eV9pZCI6IiIsInJlc2V0X3Bhc3N3b3JkX3Rva2VuIjpudWxsLCJzdWJzY3JpcHRpb25fc3RhdHVzIjoxLCJsb2dpbmF0dGVtcHQiOm51bGwsInBhc3N3b3JkX2NvdW50IjowLCJsYXN0X2xvZ2luX2RhdGUiOm51bGwsInJlc2V0X3Bhc3N3b3JkX2RhdGUiOm51bGwsInN0YXR1cyI6MSwiY3JlYXRlZEF0IjoiMjAyMC0wNy0yM1QwOTo1NjoxMC4wMDBaIiwidXBkYXRlZEF0IjoiMjAyMC0wNy0yNFQxMDoyNTo0Mi4wMDBaIiwiaWF0IjoxNTk1NTg4NDk3fQ.USuML_0_hFwLZbVTfXqLsQtqnGySTw7Eh0XhJEJ_m38', 1, '2020-07-24 11:01:37', '2020-07-24 11:01:37', 413),
(560, NULL, '0', '13.1.0', 'Simulator iPhone 8', '1.4', 'uujEqMdB62', 0, '', '', 0, '2020-07-24 11:46:59', '2020-07-24 11:55:29', 2),
(561, NULL, '0', '13.1.0', 'Simulator iPhone 8', '1.4', 'vIo61JGbNd', 0, '', 'eyJhbGciOiJIUzI1NiIsInR5cCI6IkpXVCJ9.eyJpZCI6NDEzLCJwdWJsaWNfaWQiOiIxNTk1NDk4MTcwNzk0IiwiZW1haWwiOiJ3ZWVrbmRAZ21haWwuY29tIiwicGFzc3dvcmQiOiIkMmEkMTAkZHFuQlg4Y2w5dkJYTXRWQ092SWcwT2hTZmFlRHR5L1QxNFUudm9jeEsvc2NMMUlxLm1ybUciLCJhdmF0YXJfaWQiOm51bGwsIm90cCI6bnVsbCwiY2hhcml0eV9pZCI6IiIsInJlc2V0X3Bhc3N3b3JkX3Rva2VuIjpudWxsLCJzdWJzY3JpcHRpb25fc3RhdHVzIjoxLCJsb2dpbmF0dGVtcHQiOm51bGwsInBhc3N3b3JkX2NvdW50IjowLCJsYXN0X2xvZ2luX2RhdGUiOm51bGwsInJlc2V0X3Bhc3N3b3JkX2RhdGUiOm51bGwsInN0YXR1cyI6MSwiY3JlYXRlZEF0IjoiMjAyMC0wNy0yM1QwOTo1NjoxMC4wMDBaIiwidXBkYXRlZEF0IjoiMjAyMC0wNy0yNFQxMTo0NjowMi4wMDBaIiwiaWF0IjoxNTk1NTkxNzU3fQ.eyGKD1ILesRckIqI3nssx882hwMmUs1vIpyiNJBhl74', 1, '2020-07-24 11:55:57', '2020-07-24 11:55:57', 413),
(562, NULL, '0', '13.1.0', 'Simulator iPhone 11', '1.4', 'ZmNA0Z8vcA', 0, '', '', 0, '2020-07-24 12:00:10', '2020-07-24 12:00:25', 2),
(563, NULL, '0', '13.1.0', 'Simulator iPhone 11', '1.4', 'jeJSPUB7ep', 0, '', '', 0, '2020-07-24 12:00:41', '2020-07-24 12:36:06', 413),
(564, NULL, '0', '13.1.0', 'Simulator iPhone 11', '1.4', 'Ja19zIvUg6', 0, '', '', 0, '2020-07-24 12:36:43', '2020-07-24 12:47:47', 54),
(565, NULL, '0', '13.1.0', 'Simulator iPhone 11', '1.4', 'm4xbgcTLFN', 0, '', 'eyJhbGciOiJIUzI1NiIsInR5cCI6IkpXVCJ9.eyJpZCI6MiwicHVibGljX2lkIjoiMTU5MjMwMjM5MzAxNSIsImVtYWlsIjoic2ZzLnZpZGlzaGEyMEBnbWFpbC5jb20iLCJwYXNzd29yZCI6IiQyYSQxMCQ2SW9RWFg3ell6RkpLdk5LUUZiWEpPeUQ1UGdiZU9QZmdodE9wQ3pIcUNwU21ncmJoY245LiIsImF2YXRhcl9pZCI6bnVsbCwib3RwIjoxMjM0LCJjaGFyaXR5X2lkIjoiOCIsInJlc2V0X3Bhc3N3b3JkX3Rva2VuIjoiJDJhJDEwJE83Nm5iamNmMUFKWGxLbjlKZXFzUy4zVmZiOFFYOVpQNVlSbWRIbUlmZ1NVMG11a2Jtb2JxIiwic3Vic2NyaXB0aW9uX3N0YXR1cyI6MSwibG9naW5hdHRlbXB0IjpudWxsLCJwYXNzd29yZF9jb3VudCI6MCwibGFzdF9sb2dpbl9kYXRlIjoiMjAyMC0wNy0xNFQwNTo0MDoyMy4wMDBaIiwicmVzZXRfcGFzc3dvcmRfZGF0ZSI6IjIwMjAtMDYtMjJUMTU6MDg6MDcuMDAwWiIsInN0YXR1cyI6MSwiY3JlYXRlZEF0IjoiMjAyMC0wNi0xNlQxMDoxMzoxMy4wMDBaIiwidXBkYXRlZEF0IjoiMjAyMC0wNy0yNFQxMjowMDoxMC4wMDBaIiwiaWF0IjoxNTk1NTk0OTI0fQ.zSsnYS5YOtPGGYVRmtdsrt-oO9GPW7gh3eQ72vuiYV4', 1, '2020-07-24 12:48:44', '2020-07-24 12:48:44', 2),
(566, NULL, '0', '13.1.0', 'Simulator iPad Pro (9.7-inch)', '1.4', '63MmRkI0Sw', 0, '', 'eyJhbGciOiJIUzI1NiIsInR5cCI6IkpXVCJ9.eyJpZCI6MiwicHVibGljX2lkIjoiMTU5MjMwMjM5MzAxNSIsImVtYWlsIjoic2ZzLnZpZGlzaGEyMEBnbWFpbC5jb20iLCJwYXNzd29yZCI6IiQyYSQxMCQ2SW9RWFg3ell6RkpLdk5LUUZiWEpPeUQ1UGdiZU9QZmdodE9wQ3pIcUNwU21ncmJoY245LiIsImF2YXRhcl9pZCI6bnVsbCwib3RwIjoxMjM0LCJjaGFyaXR5X2lkIjoiOCIsInJlc2V0X3Bhc3N3b3JkX3Rva2VuIjoiJDJhJDEwJE83Nm5iamNmMUFKWGxLbjlKZXFzUy4zVmZiOFFYOVpQNVlSbWRIbUlmZ1NVMG11a2Jtb2JxIiwic3Vic2NyaXB0aW9uX3N0YXR1cyI6MSwibG9naW5hdHRlbXB0IjpudWxsLCJwYXNzd29yZF9jb3VudCI6MCwibGFzdF9sb2dpbl9kYXRlIjoiMjAyMC0wNy0xNFQwNTo0MDoyMy4wMDBaIiwicmVzZXRfcGFzc3dvcmRfZGF0ZSI6IjIwMjAtMDYtMjJUMTU6MDg6MDcuMDAwWiIsInN0YXR1cyI6MSwiY3JlYXRlZEF0IjoiMjAyMC0wNi0xNlQxMDoxMzoxMy4wMDBaIiwidXBkYXRlZEF0IjoiMjAyMC0wNy0yNFQxMzowNzowNC4wMDBaIiwiaWF0IjoxNTk1NTk2NDgyfQ.GB0b9175ZmK0Jg3MZFv1WtaY66COrgAl-xQuUAGBQks', 1, '2020-07-24 13:14:42', '2020-07-24 13:14:42', 2),
(567, NULL, '0', '13.1.0', 'Simulator iPad Pro (9.7-inch)', '1.4', '5RYSZvVrMP', 0, '', 'eyJhbGciOiJIUzI1NiIsInR5cCI6IkpXVCJ9.eyJpZCI6MiwicHVibGljX2lkIjoiMTU5MjMwMjM5MzAxNSIsImVtYWlsIjoic2ZzLnZpZGlzaGEyMEBnbWFpbC5jb20iLCJwYXNzd29yZCI6IiQyYSQxMCQ2SW9RWFg3ell6RkpLdk5LUUZiWEpPeUQ1UGdiZU9QZmdodE9wQ3pIcUNwU21ncmJoY245LiIsImF2YXRhcl9pZCI6bnVsbCwib3RwIjoxMjM0LCJjaGFyaXR5X2lkIjoiOCIsInJlc2V0X3Bhc3N3b3JkX3Rva2VuIjoiJDJhJDEwJE83Nm5iamNmMUFKWGxLbjlKZXFzUy4zVmZiOFFYOVpQNVlSbWRIbUlmZ1NVMG11a2Jtb2JxIiwic3Vic2NyaXB0aW9uX3N0YXR1cyI6MSwibG9naW5hdHRlbXB0IjpudWxsLCJwYXNzd29yZF9jb3VudCI6MCwibGFzdF9sb2dpbl9kYXRlIjoiMjAyMC0wNy0xNFQwNTo0MDoyMy4wMDBaIiwicmVzZXRfcGFzc3dvcmRfZGF0ZSI6IjIwMjAtMDYtMjJUMTU6MDg6MDcuMDAwWiIsInN0YXR1cyI6MSwiY3JlYXRlZEF0IjoiMjAyMC0wNi0xNlQxMDoxMzoxMy4wMDBaIiwidXBkYXRlZEF0IjoiMjAyMC0wNy0yNFQxMzoxNDo0Mi4wMDBaIiwiaWF0IjoxNTk1NTk2NjUyfQ.gwyI540dUrtRqrrzXSEeQ3A1mYS3wj2ZaFPWB0h5sWs', 1, '2020-07-24 13:17:32', '2020-07-24 13:17:32', 2),
(568, NULL, '0', '13.1.0', 'Simulator iPad Pro (9.7-inch)', '1.4', 'g5DD3Yhjod', 0, '', 'eyJhbGciOiJIUzI1NiIsInR5cCI6IkpXVCJ9.eyJpZCI6MiwicHVibGljX2lkIjoiMTU5MjMwMjM5MzAxNSIsImVtYWlsIjoic2ZzLnZpZGlzaGEyMEBnbWFpbC5jb20iLCJwYXNzd29yZCI6IiQyYSQxMCQ2SW9RWFg3ell6RkpLdk5LUUZiWEpPeUQ1UGdiZU9QZmdodE9wQ3pIcUNwU21ncmJoY245LiIsImF2YXRhcl9pZCI6bnVsbCwib3RwIjoxMjM0LCJjaGFyaXR5X2lkIjoiOCIsInJlc2V0X3Bhc3N3b3JkX3Rva2VuIjoiJDJhJDEwJE83Nm5iamNmMUFKWGxLbjlKZXFzUy4zVmZiOFFYOVpQNVlSbWRIbUlmZ1NVMG11a2Jtb2JxIiwic3Vic2NyaXB0aW9uX3N0YXR1cyI6MSwibG9naW5hdHRlbXB0IjpudWxsLCJwYXNzd29yZF9jb3VudCI6MCwibGFzdF9sb2dpbl9kYXRlIjoiMjAyMC0wNy0xNFQwNTo0MDoyMy4wMDBaIiwicmVzZXRfcGFzc3dvcmRfZGF0ZSI6IjIwMjAtMDYtMjJUMTU6MDg6MDcuMDAwWiIsInN0YXR1cyI6MSwiY3JlYXRlZEF0IjoiMjAyMC0wNi0xNlQxMDoxMzoxMy4wMDBaIiwidXBkYXRlZEF0IjoiMjAyMC0wNy0yNFQxMzoxODo0Mi4wMDBaIiwiaWF0IjoxNTk1NTk2NzUwfQ.xPKj1jISlfZaHdj_7N34iJ2PZfWzIj1-cHlyj-09cf8', 1, '2020-07-24 13:19:10', '2020-07-24 13:19:10', 2),
(569, NULL, '0', '13.3.0', 'Simulator iPhone X', '1.4', 'KfZCE0qKSF', 0, '', 'eyJhbGciOiJIUzI1NiIsInR5cCI6IkpXVCJ9.eyJpZCI6NDAwLCJwdWJsaWNfaWQiOiIxNTk0OTc5NzcyODcxIiwiZW1haWwiOiJzZnMudmlqYXkxOUBnbWFpbC5jb20iLCJwYXNzd29yZCI6IiQyYSQxMCRXTWdMcEYuSkQ2ZE1YUmZqRHN2R3B1VjloWVByRDF5U3lzYk9wNjRqeHVDd0VhRHdVRkRLaSIsImF2YXRhcl9pZCI6bnVsbCwib3RwIjpudWxsLCJjaGFyaXR5X2lkIjoiIiwicmVzZXRfcGFzc3dvcmRfdG9rZW4iOm51bGwsInN1YnNjcmlwdGlvbl9zdGF0dXMiOjEsImxvZ2luYXR0ZW1wdCI6bnVsbCwicGFzc3dvcmRfY291bnQiOjAsImxhc3RfbG9naW5fZGF0ZSI6bnVsbCwicmVzZXRfcGFzc3dvcmRfZGF0ZSI6bnVsbCwic3RhdHVzIjoxLCJjcmVhdGVkQXQiOiIyMDIwLTA3LTE3VDA5OjU2OjEyLjAwMFoiLCJ1cGRhdGVkQXQiOiIyMDIwLTA3LTIyVDA0OjQzOjM4LjAwMFoiLCJpYXQiOjE1OTU1OTY4NzV9.DTdEtpw62MWpHs3E35C2AHOzT97buBjADmTa3MeOLdg', 1, '2020-07-24 13:21:15', '2020-07-24 13:21:15', 400),
(570, NULL, '0', '13.5.1', 'iPad Pro (12.9-inch) (4th generation)', '1.2', 'DPVDAiMsmO', 0, '', 'eyJhbGciOiJIUzI1NiIsInR5cCI6IkpXVCJ9.eyJpZCI6NDA4LCJwdWJsaWNfaWQiOiIxNTk1MzQ4MzQ0MDA2IiwiZW1haWwiOiJ2aWpheWFwMkBnbWFpbC5jb20iLCJwYXNzd29yZCI6IiQyYSQxMCRLd20wTllId0tVNkIyeWM1WmRuVDF1ZXlOcnI2OHd5bHo2Y0wvN2xOaE5PL1dWYnFBbDhJMiIsImF2YXRhcl9pZCI6bnVsbCwib3RwIjpudWxsLCJjaGFyaXR5X2lkIjoiOCw1IiwicmVzZXRfcGFzc3dvcmRfdG9rZW4iOm51bGwsInN1YnNjcmlwdGlvbl9zdGF0dXMiOjEsImxvZ2luYXR0ZW1wdCI6bnVsbCwicGFzc3dvcmRfY291bnQiOjAsImxhc3RfbG9naW5fZGF0ZSI6IjIwMjAtMDctMjRUMDE6MzA6MjQuMDAwWiIsInJlc2V0X3Bhc3N3b3JkX2RhdGUiOiIyMDIwLTA3LTI0VDAxOjMwOjU3LjAwMFoiLCJzdGF0dXMiOjEsImNyZWF0ZWRBdCI6IjIwMjAtMDctMjFUMTY6MTk6MDQuMDAwWiIsInVwZGF0ZWRBdCI6IjIwMjAtMDctMjRUMTg6Mjg6MTQuMDAwWiIsImlhdCI6MTU5NTYxNzIxNX0.wiPrTsfEKKLtJcVo_Om2UTO6NWXCIWS86IvoRGPk7j0', 1, '2020-07-24 19:00:15', '2020-07-24 19:00:15', 408),
(571, NULL, '0', '13.5.1', 'iPhone 11', '1.2', 'MNdSzoCBf5', 0, '', 'eyJhbGciOiJIUzI1NiIsInR5cCI6IkpXVCJ9.eyJzdWJzY3JpcHRpb25fc3RhdHVzIjoxLCJsb2dpbmF0dGVtcHQiOm51bGwsInN0YXR1cyI6MSwiaWQiOjQyNSwiZW1haWwiOiJkZEBkZC5kZCIsInBhc3N3b3JkIjoiJDJhJDEwJGdFelg3MXJ3NnBPN3BQdTdFSjc2RS5yR2ZGQS5WMVc5VncyaC5MNTh1NFgxcWRDVzlxV2tDIiwicHVibGljX2lkIjoxNTk1NjQ1NTMxMzM2LCJjaGFyaXR5X2lkIjoiIiwidXBkYXRlZEF0IjoiMjAyMC0wNy0yNVQwMjo1MjoxMS4zMzZaIiwiY3JlYXRlZEF0IjoiMjAyMC0wNy0yNVQwMjo1MjoxMS4zMzZaIiwiaWF0IjoxNTk1NjQ1NTMxfQ.dhgwZetVN-YPuG7cW-kzg3yDGGuk3tyynQEPGn5_oD8', 1, '2020-07-25 02:52:11', '2020-07-25 02:52:11', 425),
(572, NULL, '1', '1', 'Google/Android SDK built for x86', '1.0', 'b535435399e17fcf', 0, 'US', 'eyJhbGciOiJIUzI1NiIsInR5cCI6IkpXVCJ9.eyJpZCI6NDA4LCJwdWJsaWNfaWQiOiIxNTk1MzQ4MzQ0MDA2IiwiZW1haWwiOiJ2aWpheWFwMkBnbWFpbC5jb20iLCJwYXNzd29yZCI6IiQyYSQxMCRLd20wTllId0tVNkIyeWM1WmRuVDF1ZXlOcnI2OHd5bHo2Y0wvN2xOaE5PL1dWYnFBbDhJMiIsImF2YXRhcl9pZCI6bnVsbCwib3RwIjpudWxsLCJjaGFyaXR5X2lkIjoiOCw1IiwicmVzZXRfcGFzc3dvcmRfdG9rZW4iOm51bGwsInN1YnNjcmlwdGlvbl9zdGF0dXMiOjEsImxvZ2luYXR0ZW1wdCI6bnVsbCwicGFzc3dvcmRfY291bnQiOjAsImxhc3RfbG9naW5fZGF0ZSI6IjIwMjAtMDctMjRUMDE6MzA6MjQuMDAwWiIsInJlc2V0X3Bhc3N3b3JkX2RhdGUiOiIyMDIwLTA3LTI0VDAxOjMwOjU3LjAwMFoiLCJzdGF0dXMiOjEsImNyZWF0ZWRBdCI6IjIwMjAtMDctMjFUMTY6MTk6MDQuMDAwWiIsInVwZGF0ZWRBdCI6IjIwMjAtMDctMjVUMTc6MDI6NDYuMDAwWiIsImlhdCI6MTU5NTY5Nzc5NX0.etV_lf2d8VB77rRrTpB9Xhqhf_kJRAIZQmiLafTWlD0', 1, '2020-07-25 16:37:25', '2020-07-25 17:23:19', 408),
(573, NULL, '1', '1', 'Google/Android SDK built for x86', '1.0', '36299898c441f9d6', 1, 'US', 'eyJhbGciOiJIUzI1NiIsInR5cCI6IkpXVCJ9.eyJpZCI6NDA4LCJwdWJsaWNfaWQiOiIxNTk1MzQ4MzQ0MDA2IiwiZW1haWwiOiJ2aWpheWFwMkBnbWFpbC5jb20iLCJwYXNzd29yZCI6IiQyYSQxMCRLd20wTllId0tVNkIyeWM1WmRuVDF1ZXlOcnI2OHd5bHo2Y0wvN2xOaE5PL1dWYnFBbDhJMiIsImF2YXRhcl9pZCI6bnVsbCwib3RwIjpudWxsLCJjaGFyaXR5X2lkIjoiOCw1IiwicmVzZXRfcGFzc3dvcmRfdG9rZW4iOm51bGwsInN1YnNjcmlwdGlvbl9zdGF0dXMiOjEsImxvZ2luYXR0ZW1wdCI6bnVsbCwicGFzc3dvcmRfY291bnQiOjEsImxhc3RfbG9naW5fZGF0ZSI6IjIwMjAtMDctMjRUMDE6MzA6MjQuMDAwWiIsInJlc2V0X3Bhc3N3b3JkX2RhdGUiOiIyMDIwLTA3LTI0VDAxOjMwOjU3LjAwMFoiLCJzdGF0dXMiOjEsImNyZWF0ZWRBdCI6IjIwMjAtMDctMjFUMTY6MTk6MDQuMDAwWiIsInVwZGF0ZWRBdCI6IjIwMjAtMDctMjVUMTc6NDg6MzkuMDAwWiIsImlhdCI6MTU5NTY5OTMzOX0.JNVaDo2Pev27h9z75GVulNnvY9RUEmb9IXe5Kij2Wuk', 1, '2020-07-25 17:48:59', '2020-07-25 17:49:05', 408),
(574, NULL, '1', '1', 'Google/Android SDK built for x86', '1.0', '5f2a7491c0a12ff1', 1, 'US', 'eyJhbGciOiJIUzI1NiIsInR5cCI6IkpXVCJ9.eyJpZCI6NDA4LCJwdWJsaWNfaWQiOiIxNTk1MzQ4MzQ0MDA2IiwiZW1haWwiOiJ2aWpheWFwMkBnbWFpbC5jb20iLCJwYXNzd29yZCI6IiQyYSQxMCRLd20wTllId0tVNkIyeWM1WmRuVDF1ZXlOcnI2OHd5bHo2Y0wvN2xOaE5PL1dWYnFBbDhJMiIsImF2YXRhcl9pZCI6bnVsbCwib3RwIjpudWxsLCJjaGFyaXR5X2lkIjoiOCw1IiwicmVzZXRfcGFzc3dvcmRfdG9rZW4iOm51bGwsInN1YnNjcmlwdGlvbl9zdGF0dXMiOjEsImxvZ2luYXR0ZW1wdCI6bnVsbCwicGFzc3dvcmRfY291bnQiOjAsImxhc3RfbG9naW5fZGF0ZSI6IjIwMjAtMDctMjRUMDE6MzA6MjQuMDAwWiIsInJlc2V0X3Bhc3N3b3JkX2RhdGUiOiIyMDIwLTA3LTI0VDAxOjMwOjU3LjAwMFoiLCJzdGF0dXMiOjEsImNyZWF0ZWRBdCI6IjIwMjAtMDctMjFUMTY6MTk6MDQuMDAwWiIsInVwZGF0ZWRBdCI6IjIwMjAtMDctMjVUMTc6NDg6NTkuMDAwWiIsImlhdCI6MTU5NTc2MTk3MH0.qEr3DKLZucizJNab4KkJBEKclb_ySQywB2RzAWejpbk', 1, '2020-07-26 11:12:50', '2020-07-26 11:13:02', 408),
(575, NULL, '0', '13.1.0', 'Simulator iPhone 11 Pro Max', '1.2', 'IaU7XeCd84', 0, '', 'eyJhbGciOiJIUzI1NiIsInR5cCI6IkpXVCJ9.eyJpZCI6NjEsInB1YmxpY19pZCI6IjE1OTMwNjMzMDM1NzIiLCJlbWFpbCI6IlZpa2FzQGdtYWlsLmNvbSIsInBhc3N3b3JkIjoiJDJhJDEwJGFkZXRWbkJwTThqMllwOGtXeVNhOS5zLjBieUZXR0RDVi9JVEwubTB2ZkV1MmRtU0ZYTW1HIiwiYXZhdGFyX2lkIjpudWxsLCJvdHAiOm51bGwsImNoYXJpdHlfaWQiOiI4IiwicmVzZXRfcGFzc3dvcmRfdG9rZW4iOm51bGwsInN1YnNjcmlwdGlvbl9zdGF0dXMiOjEsImxvZ2luYXR0ZW1wdCI6bnVsbCwicGFzc3dvcmRfY291bnQiOjAsImxhc3RfbG9naW5fZGF0ZSI6bnVsbCwicmVzZXRfcGFzc3dvcmRfZGF0ZSI6bnVsbCwic3RhdHVzIjoxLCJjcmVhdGVkQXQiOiIyMDIwLTA2LTI1VDA1OjM1OjAzLjAwMFoiLCJ1cGRhdGVkQXQiOiIyMDIwLTA3LTIxVDA4OjMwOjU4LjAwMFoiLCJpYXQiOjE1OTU4MjQzNjl9.mTTVXQQ8iR4RjmQ5AHUCtdxm1lEl4a1tQDKqhZSrUno', 1, '2020-07-27 04:32:49', '2020-07-27 04:32:49', 61),
(576, NULL, '0', '13.1.0', 'Simulator iPhone 11 Pro Max', '1.5', 'zaUglL4Mpk', 0, '', '', 0, '2020-07-27 04:38:01', '2020-07-27 04:46:12', 2),
(577, NULL, '1', '1', 'Google/Android SDK built for x86', '1.0', 'fde3af4bd3ee2a68', 1, 'US', 'eyJhbGciOiJIUzI1NiIsInR5cCI6IkpXVCJ9.eyJpZCI6NDA4LCJwdWJsaWNfaWQiOiIxNTk1MzQ4MzQ0MDA2IiwiZW1haWwiOiJ2aWpheWFwMkBnbWFpbC5jb20iLCJwYXNzd29yZCI6IiQyYSQxMCRLd20wTllId0tVNkIyeWM1WmRuVDF1ZXlOcnI2OHd5bHo2Y0wvN2xOaE5PL1dWYnFBbDhJMiIsImF2YXRhcl9pZCI6bnVsbCwib3RwIjpudWxsLCJjaGFyaXR5X2lkIjoiOCw1IiwicmVzZXRfcGFzc3dvcmRfdG9rZW4iOm51bGwsInN1YnNjcmlwdGlvbl9zdGF0dXMiOjEsImxvZ2luYXR0ZW1wdCI6bnVsbCwicGFzc3dvcmRfY291bnQiOjEsImxhc3RfbG9naW5fZGF0ZSI6IjIwMjAtMDctMjRUMDE6MzA6MjQuMDAwWiIsInJlc2V0X3Bhc3N3b3JkX2RhdGUiOiIyMDIwLTA3LTI0VDAxOjMwOjU3LjAwMFoiLCJzdGF0dXMiOjEsImNyZWF0ZWRBdCI6IjIwMjAtMDctMjFUMTY6MTk6MDQuMDAwWiIsInVwZGF0ZWRBdCI6IjIwMjAtMDctMjZUMTQ6MTQ6MDEuMDAwWiIsImlhdCI6MTU5NTgyNDg2MH0.pan0Nztvojan8kREVu9FsHWBnOsCRABOcrj_WIa8hD8', 1, '2020-07-27 04:41:00', '2020-07-27 04:41:09', 408),
(578, NULL, '0', '13.1.0', 'Simulator iPhone 11 Pro Max', '1.5', '4EHzb9oSLu', 0, '', '', 0, '2020-07-27 04:46:30', '2020-07-27 04:53:02', 413),
(579, NULL, '0', '13.1.0', 'Simulator iPhone 11 Pro Max', '1.5', 'brccQIpRj1', 0, '', 'eyJhbGciOiJIUzI1NiIsInR5cCI6IkpXVCJ9.eyJpZCI6MiwicHVibGljX2lkIjoiMTU5MjMwMjM5MzAxNSIsImVtYWlsIjoic2ZzLnZpZGlzaGEyMEBnbWFpbC5jb20iLCJwYXNzd29yZCI6IiQyYSQxMCQ2SW9RWFg3ell6RkpLdk5LUUZiWEpPeUQ1UGdiZU9QZmdodE9wQ3pIcUNwU21ncmJoY245LiIsImF2YXRhcl9pZCI6bnVsbCwib3RwIjoxMjM0LCJjaGFyaXR5X2lkIjoiOCIsInJlc2V0X3Bhc3N3b3JkX3Rva2VuIjoiJDJhJDEwJE83Nm5iamNmMUFKWGxLbjlKZXFzUy4zVmZiOFFYOVpQNVlSbWRIbUlmZ1NVMG11a2Jtb2JxIiwic3Vic2NyaXB0aW9uX3N0YXR1cyI6MSwibG9naW5hdHRlbXB0IjpudWxsLCJwYXNzd29yZF9jb3VudCI6MCwibGFzdF9sb2dpbl9kYXRlIjoiMjAyMC0wNy0xNFQwNTo0MDoyMy4wMDBaIiwicmVzZXRfcGFzc3dvcmRfZGF0ZSI6IjIwMjAtMDYtMjJUMTU6MDg6MDcuMDAwWiIsInN0YXR1cyI6MSwiY3JlYXRlZEF0IjoiMjAyMC0wNi0xNlQxMDoxMzoxMy4wMDBaIiwidXBkYXRlZEF0IjoiMjAyMC0wNy0yN1QwNDo0NToyNS4wMDBaIiwiaWF0IjoxNTk1ODI1NjA2fQ.eLUAziJJNiiosnAZ1S6shP-8Tph0dInw8eQYr9N9xGE', 1, '2020-07-27 04:53:26', '2020-07-27 04:53:26', 2),
(580, NULL, '0', '13.5.1', 'iPhone 11', '1.4', 'cC4BNKjEmR', 0, '', '', 0, '2020-07-27 05:12:06', '2020-07-27 05:21:00', 427),
(581, NULL, '0', '13.5.1', 'iPhone 11', '1.5', 'sYeLf0OyXU', 0, '', '', 0, '2020-07-27 05:49:11', '2020-07-27 06:39:42', 2),
(582, NULL, '0', '13.3.0', 'Simulator iPhone X', '1.5', 'qGbYcoCZ8i', 0, '', 'eyJhbGciOiJIUzI1NiIsInR5cCI6IkpXVCJ9.eyJpZCI6NDAwLCJwdWJsaWNfaWQiOiIxNTk0OTc5NzcyODcxIiwiZW1haWwiOiJzZnMudmlqYXkxOUBnbWFpbC5jb20iLCJwYXNzd29yZCI6IiQyYSQxMCRXTWdMcEYuSkQ2ZE1YUmZqRHN2R3B1VjloWVByRDF5U3lzYk9wNjRqeHVDd0VhRHdVRkRLaSIsImF2YXRhcl9pZCI6bnVsbCwib3RwIjpudWxsLCJjaGFyaXR5X2lkIjoiIiwicmVzZXRfcGFzc3dvcmRfdG9rZW4iOm51bGwsInN1YnNjcmlwdGlvbl9zdGF0dXMiOjEsImxvZ2luYXR0ZW1wdCI6bnVsbCwicGFzc3dvcmRfY291bnQiOjAsImxhc3RfbG9naW5fZGF0ZSI6bnVsbCwicmVzZXRfcGFzc3dvcmRfZGF0ZSI6bnVsbCwic3RhdHVzIjoxLCJjcmVhdGVkQXQiOiIyMDIwLTA3LTE3VDA5OjU2OjEyLjAwMFoiLCJ1cGRhdGVkQXQiOiIyMDIwLTA3LTI0VDEzOjIxOjE1LjAwMFoiLCJpYXQiOjE1OTU4MzA4MzZ9.nwlnhjtt6pxh1ckLV9pnbOYp3NPJwHDQaMk1uO_8GvI', 1, '2020-07-27 06:20:36', '2020-07-27 06:20:36', 400),
(583, NULL, '0', '13.5.1', 'iPhone 11', '1.5', 'O8ZbNgLpKY', 0, '', 'eyJhbGciOiJIUzI1NiIsInR5cCI6IkpXVCJ9.eyJzdWJzY3JpcHRpb25fc3RhdHVzIjoxLCJsb2dpbmF0dGVtcHQiOm51bGwsInN0YXR1cyI6MSwiaWQiOjQyOCwiZW1haWwiOiJhbWFuQGdtYWlsLmNvbSIsInBhc3N3b3JkIjoiJDJhJDEwJGNOaDA3YThKb2tFTk9ySUl6cUpUUE9CMkEuaTBlei9YSE1oQmRVZ0IyWlE2d0tNZk1Hbkh1IiwicHVibGljX2lkIjoxNTk1ODMyMDk5Mjk5LCJjaGFyaXR5X2lkIjoiIiwidXBkYXRlZEF0IjoiMjAyMC0wNy0yN1QwNjo0MTozOS4yOTlaIiwiY3JlYXRlZEF0IjoiMjAyMC0wNy0yN1QwNjo0MTozOS4yOTlaIiwiaWF0IjoxNTk1ODMyMDk5fQ.eP1aDkAgeDG7fea5xiZO5eEIvjX1WfGbtJ5focCIRE0', 1, '2020-07-27 06:41:39', '2020-07-27 06:41:39', 428),
(584, NULL, '0', '13.1.0', 'Simulator iPhone 11', '1.5', 'vtiW4VmBc6', 0, '', 'eyJhbGciOiJIUzI1NiIsInR5cCI6IkpXVCJ9.eyJpZCI6MiwicHVibGljX2lkIjoiMTU5MjMwMjM5MzAxNSIsImVtYWlsIjoic2ZzLnZpZGlzaGEyMEBnbWFpbC5jb20iLCJwYXNzd29yZCI6IiQyYSQxMCQ2SW9RWFg3ell6RkpLdk5LUUZiWEpPeUQ1UGdiZU9QZmdodE9wQ3pIcUNwU21ncmJoY245LiIsImF2YXRhcl9pZCI6bnVsbCwib3RwIjoxMjM0LCJjaGFyaXR5X2lkIjoiOCIsInJlc2V0X3Bhc3N3b3JkX3Rva2VuIjoiJDJhJDEwJE83Nm5iamNmMUFKWGxLbjlKZXFzUy4zVmZiOFFYOVpQNVlSbWRIbUlmZ1NVMG11a2Jtb2JxIiwic3Vic2NyaXB0aW9uX3N0YXR1cyI6MSwibG9naW5hdHRlbXB0IjpudWxsLCJwYXNzd29yZF9jb3VudCI6MCwibGFzdF9sb2dpbl9kYXRlIjoiMjAyMC0wNy0xNFQwNTo0MDoyMy4wMDBaIiwicmVzZXRfcGFzc3dvcmRfZGF0ZSI6IjIwMjAtMDYtMjJUMTU6MDg6MDcuMDAwWiIsInN0YXR1cyI6MSwiY3JlYXRlZEF0IjoiMjAyMC0wNi0xNlQxMDoxMzoxMy4wMDBaIiwidXBkYXRlZEF0IjoiMjAyMC0wNy0yN1QwNjozOTozOC4wMDBaIiwiaWF0IjoxNTk1ODM0Njk0fQ.VHoPWkjpfm218DKxMpxdBCrbxnUF8HFXm7KNtmesGGI', 1, '2020-07-27 07:24:54', '2020-07-27 07:24:54', 2),
(585, NULL, '0', '13.1.0', 'Simulator iPad Pro (9.7-inch)', '1.5', 'WRuhqUj7pr', 0, '', 'eyJhbGciOiJIUzI1NiIsInR5cCI6IkpXVCJ9.eyJpZCI6MiwicHVibGljX2lkIjoiMTU5MjMwMjM5MzAxNSIsImVtYWlsIjoic2ZzLnZpZGlzaGEyMEBnbWFpbC5jb20iLCJwYXNzd29yZCI6IiQyYSQxMCQ2SW9RWFg3ell6RkpLdk5LUUZiWEpPeUQ1UGdiZU9QZmdodE9wQ3pIcUNwU21ncmJoY245LiIsImF2YXRhcl9pZCI6bnVsbCwib3RwIjoxMjM0LCJjaGFyaXR5X2lkIjoiOCIsInJlc2V0X3Bhc3N3b3JkX3Rva2VuIjoiJDJhJDEwJE83Nm5iamNmMUFKWGxLbjlKZXFzUy4zVmZiOFFYOVpQNVlSbWRIbUlmZ1NVMG11a2Jtb2JxIiwic3Vic2NyaXB0aW9uX3N0YXR1cyI6MSwibG9naW5hdHRlbXB0IjpudWxsLCJwYXNzd29yZF9jb3VudCI6MCwibGFzdF9sb2dpbl9kYXRlIjoiMjAyMC0wNy0xNFQwNTo0MDoyMy4wMDBaIiwicmVzZXRfcGFzc3dvcmRfZGF0ZSI6IjIwMjAtMDYtMjJUMTU6MDg6MDcuMDAwWiIsInN0YXR1cyI6MSwiY3JlYXRlZEF0IjoiMjAyMC0wNi0xNlQxMDoxMzoxMy4wMDBaIiwidXBkYXRlZEF0IjoiMjAyMC0wNy0yN1QwODoyMToyNS4wMDBaIiwiaWF0IjoxNTk1ODM5MjEyfQ.Ikqz49r_JFaJ12MXdUkFXFLzpwefwZPbPSHwZV1ccmY', 1, '2020-07-27 08:40:12', '2020-07-27 08:40:12', 2),
(586, NULL, '0', '13.5.1', 'iPhone 11', '1.5', 'SAgpwXkhtK', 0, '', '', 0, '2020-07-27 08:40:21', '2020-07-27 08:41:59', 54),
(587, NULL, '0', '13.5.1', 'iPhone 11', '1.5', 'h2eUDdWXEc', 0, '', 'eyJhbGciOiJIUzI1NiIsInR5cCI6IkpXVCJ9.eyJpZCI6MiwicHVibGljX2lkIjoiMTU5MjMwMjM5MzAxNSIsImVtYWlsIjoic2ZzLnZpZGlzaGEyMEBnbWFpbC5jb20iLCJwYXNzd29yZCI6IiQyYSQxMCQ2SW9RWFg3ell6RkpLdk5LUUZiWEpPeUQ1UGdiZU9QZmdodE9wQ3pIcUNwU21ncmJoY245LiIsImF2YXRhcl9pZCI6bnVsbCwib3RwIjoxMjM0LCJjaGFyaXR5X2lkIjoiOCIsInJlc2V0X3Bhc3N3b3JkX3Rva2VuIjoiJDJhJDEwJE83Nm5iamNmMUFKWGxLbjlKZXFzUy4zVmZiOFFYOVpQNVlSbWRIbUlmZ1NVMG11a2Jtb2JxIiwic3Vic2NyaXB0aW9uX3N0YXR1cyI6MSwibG9naW5hdHRlbXB0IjpudWxsLCJwYXNzd29yZF9jb3VudCI6MCwibGFzdF9sb2dpbl9kYXRlIjoiMjAyMC0wNy0xNFQwNTo0MDoyMy4wMDBaIiwicmVzZXRfcGFzc3dvcmRfZGF0ZSI6IjIwMjAtMDYtMjJUMTU6MDg6MDcuMDAwWiIsInN0YXR1cyI6MSwiY3JlYXRlZEF0IjoiMjAyMC0wNi0xNlQxMDoxMzoxMy4wMDBaIiwidXBkYXRlZEF0IjoiMjAyMC0wNy0yN1QwODo0MDoxMi4wMDBaIiwiaWF0IjoxNTk1ODM5MzUzfQ.1TJZ6Yqpd0b-vv7FTAjujIpxxLZiIJb7-pmJ68_Ke7A', 1, '2020-07-27 08:42:33', '2020-07-27 08:42:33', 2),
(588, NULL, '0', '13.5.1', 'iPhone 11', '1.5', 'm8Ermmh9Go', 0, '', 'eyJhbGciOiJIUzI1NiIsInR5cCI6IkpXVCJ9.eyJpZCI6NzAsInB1YmxpY19pZCI6IjE1OTMxNjkyMTEwNTkiLCJlbWFpbCI6ImJiQGdtYWlsLmNvbSIsInBhc3N3b3JkIjoiJDJhJDEwJDNKaUVtaHFPN0FmQVBqWVVva3Z1US54UGZGZzUzZ2M1V3IwM1Nwb2pRN2NPWkxMODVQN3VpIiwiYXZhdGFyX2lkIjpudWxsLCJvdHAiOm51bGwsImNoYXJpdHlfaWQiOiI1LDYsNCIsInJlc2V0X3Bhc3N3b3JkX3Rva2VuIjpudWxsLCJzdWJzY3JpcHRpb25fc3RhdHVzIjoxLCJsb2dpbmF0dGVtcHQiOjE1OTU1OTU5MjQsInBhc3N3b3JkX2NvdW50IjozLCJsYXN0X2xvZ2luX2RhdGUiOm51bGwsInJlc2V0X3Bhc3N3b3JkX2RhdGUiOm51bGwsInN0YXR1cyI6MSwiY3JlYXRlZEF0IjoiMjAyMC0wNi0yNlQxMTowMDoxMS4wMDBaIiwidXBkYXRlZEF0IjoiMjAyMC0wNy0yNFQxMzowMDoyNC4wMDBaIiwiaWF0IjoxNTk1ODM5NTI5fQ.TJgP1Nr72K6725uJ1mFpA3dwERiBMQeFLWnHHm9ahT4', 1, '2020-07-27 08:45:29', '2020-07-27 08:45:29', 70);
INSERT INTO `UserDevices` (`id`, `app_id`, `os_type`, `os_version`, `device_model`, `app_version`, `device_token`, `notification_enrolled`, `locale`, `auth_token`, `status`, `createdAt`, `updatedAt`, `AccountId`) VALUES
(589, NULL, '1', '1', 'motorola/moto g(7)', '1.0', 'ce2b8ebde46a8100', 0, 'US', 'eyJhbGciOiJIUzI1NiIsInR5cCI6IkpXVCJ9.eyJpZCI6MTIsInB1YmxpY19pZCI6IjE1OTIzOTEyOTExOTciLCJlbWFpbCI6InZpamF5QHQuaW4iLCJwYXNzd29yZCI6IiQyYSQxMCQ0SG8xa0ZMZ0Z2RTRxV2p4dkdXUE4uT3d2VXRwcFZoUUJlL1F6bnpReWFGeWw2SlNSRXE0LiIsImF2YXRhcl9pZCI6bnVsbCwib3RwIjpudWxsLCJjaGFyaXR5X2lkIjoiIiwicmVzZXRfcGFzc3dvcmRfdG9rZW4iOm51bGwsInN1YnNjcmlwdGlvbl9zdGF0dXMiOjEsImxvZ2luYXR0ZW1wdCI6bnVsbCwicGFzc3dvcmRfY291bnQiOjAsImxhc3RfbG9naW5fZGF0ZSI6IjIwMjAtMDctMjdUMDg6Mjg6MzYuMDAwWiIsInJlc2V0X3Bhc3N3b3JkX2RhdGUiOiIyMDIwLTA3LTI3VDA4OjI4OjUzLjAwMFoiLCJzdGF0dXMiOjEsImNyZWF0ZWRBdCI6IjIwMjAtMDYtMTdUMTA6NTQ6NTEuMDAwWiIsInVwZGF0ZWRBdCI6IjIwMjAtMDctMjdUMTE6MzA6NDkuMDAwWiIsImlhdCI6MTU5NTg0OTUyM30.BwVxWDNoRrnTAJ3cu7S-i_qxfFZXZJ0pal82T9LDg1o', 1, '2020-07-27 09:44:15', '2020-07-27 11:32:06', 12),
(590, NULL, '0', '13.5.1', 'iPad (7th generation)', '1.5', 'DGzjjXFLHz', 0, '', '', 0, '2020-07-27 10:17:51', '2020-07-27 10:26:26', 54),
(591, NULL, '0', '13.1.0', 'Simulator iPad11,3', '1.5', 'r6dnx0gk5p', 0, '', 'eyJhbGciOiJIUzI1NiIsInR5cCI6IkpXVCJ9.eyJpZCI6MiwicHVibGljX2lkIjoiMTU5MjMwMjM5MzAxNSIsImVtYWlsIjoic2ZzLnZpZGlzaGEyMEBnbWFpbC5jb20iLCJwYXNzd29yZCI6IiQyYSQxMCQ2SW9RWFg3ell6RkpLdk5LUUZiWEpPeUQ1UGdiZU9QZmdodE9wQ3pIcUNwU21ncmJoY245LiIsImF2YXRhcl9pZCI6bnVsbCwib3RwIjoxMjM0LCJjaGFyaXR5X2lkIjoiOCIsInJlc2V0X3Bhc3N3b3JkX3Rva2VuIjoiJDJhJDEwJE83Nm5iamNmMUFKWGxLbjlKZXFzUy4zVmZiOFFYOVpQNVlSbWRIbUlmZ1NVMG11a2Jtb2JxIiwic3Vic2NyaXB0aW9uX3N0YXR1cyI6MSwibG9naW5hdHRlbXB0IjpudWxsLCJwYXNzd29yZF9jb3VudCI6MCwibGFzdF9sb2dpbl9kYXRlIjoiMjAyMC0wNy0xNFQwNTo0MDoyMy4wMDBaIiwicmVzZXRfcGFzc3dvcmRfZGF0ZSI6IjIwMjAtMDYtMjJUMTU6MDg6MDcuMDAwWiIsInN0YXR1cyI6MSwiY3JlYXRlZEF0IjoiMjAyMC0wNi0xNlQxMDoxMzoxMy4wMDBaIiwidXBkYXRlZEF0IjoiMjAyMC0wNy0yN1QwOTo1NTowOS4wMDBaIiwiaWF0IjoxNTk1ODQ1NDg1fQ.Wf7NdaNhEADoRN5vyP55LCfY5mZH7WDj0x1hlqFQmY0', 1, '2020-07-27 10:24:45', '2020-07-27 10:24:45', 2),
(592, NULL, '0', '13.5.1', 'iPhone 11', '1.5', 'cS4mmzCwUd', 0, '', '', 0, '2020-07-27 10:25:09', '2020-07-27 10:54:11', 429),
(593, NULL, '0', '13.5.1', 'iPad (7th generation)', '1.5', 'wr3O4K6bPa', 0, '', '', 0, '2020-07-27 10:26:42', '2020-07-27 10:59:52', 85),
(594, NULL, '0', '13.5.1', 'iPhone 11', '1.5', 'SPYAaG10vH', 0, '', '', 0, '2020-07-27 10:54:34', '2020-07-27 10:54:43', 413),
(595, NULL, '0', '13.5.1', 'iPhone 11', '1.5', '6JyUmC06U7', 0, '', '', 0, '2020-07-27 10:55:11', '2020-07-27 11:15:09', 430),
(596, NULL, '0', '13.5.1', 'iPad (7th generation)', '1.5', 'uLTEsyrttY', 0, '', 'eyJhbGciOiJIUzI1NiIsInR5cCI6IkpXVCJ9.eyJpZCI6MTAwLCJwdWJsaWNfaWQiOiIxNTkzNTM0MTYyOTE3IiwiZW1haWwiOiJvb29AZ21haWwuY29tIiwicGFzc3dvcmQiOiIkMmEkMTAkRWR6bDJRRGljcC9kb3BHbUxCaGpsT25XUXpVNHV4WUxUdnNGVzBVd1IwQTZjNG50NTR1bTIiLCJhdmF0YXJfaWQiOm51bGwsIm90cCI6bnVsbCwiY2hhcml0eV9pZCI6IjQsNSIsInJlc2V0X3Bhc3N3b3JkX3Rva2VuIjpudWxsLCJzdWJzY3JpcHRpb25fc3RhdHVzIjoxLCJsb2dpbmF0dGVtcHQiOm51bGwsInBhc3N3b3JkX2NvdW50IjowLCJsYXN0X2xvZ2luX2RhdGUiOm51bGwsInJlc2V0X3Bhc3N3b3JkX2RhdGUiOm51bGwsInN0YXR1cyI6MSwiY3JlYXRlZEF0IjoiMjAyMC0wNi0zMFQxNjoyMjo0Mi4wMDBaIiwidXBkYXRlZEF0IjoiMjAyMC0wNi0zMFQxNjoyOToyOC4wMDBaIiwiaWF0IjoxNTk1ODQ3NjEzfQ.iRgLn8XXk0gHfe3AsAa6bmxhf3QxJM6Hgvb8UMa3Ef0', 1, '2020-07-27 11:00:13', '2020-07-27 11:00:13', 100),
(597, NULL, '0', '13.5.1', 'iPhone 11', '1.5', '43Xi1TtuoA', 0, '', 'eyJhbGciOiJIUzI1NiIsInR5cCI6IkpXVCJ9.eyJzdWJzY3JpcHRpb25fc3RhdHVzIjoxLCJsb2dpbmF0dGVtcHQiOm51bGwsInN0YXR1cyI6MSwiaWQiOjQzMSwiZW1haWwiOiJjcmFtcEBnbWFpbC5jb20iLCJwYXNzd29yZCI6IiQyYSQxMCRZTFh5bXlzT3k5R3g5elk3QWozckZ1OS9sRU9TZG1BY3drc2ZvTmhpZmROVWVnNFFCeEV3SyIsInB1YmxpY19pZCI6MTU5NTg0ODU4MDMzOSwiY2hhcml0eV9pZCI6IiIsInVwZGF0ZWRBdCI6IjIwMjAtMDctMjdUMTE6MTY6MjAuMzM5WiIsImNyZWF0ZWRBdCI6IjIwMjAtMDctMjdUMTE6MTY6MjAuMzM5WiIsImlhdCI6MTU5NTg0ODU4MH0._ZvR5pswJvMAQ6TEulfqBkBkEQ5Y5rQiuOtORCTEIKM', 1, '2020-07-27 11:16:20', '2020-07-27 11:16:20', 431),
(598, NULL, '0', '13.1.0', 'Simulator iPhone 8', '1.5', 'hShjJTBlVk', 0, '', 'eyJhbGciOiJIUzI1NiIsInR5cCI6IkpXVCJ9.eyJpZCI6MiwicHVibGljX2lkIjoiMTU5MjMwMjM5MzAxNSIsImVtYWlsIjoic2ZzLnZpZGlzaGEyMEBnbWFpbC5jb20iLCJwYXNzd29yZCI6IiQyYSQxMCQ2SW9RWFg3ell6RkpLdk5LUUZiWEpPeUQ1UGdiZU9QZmdodE9wQ3pIcUNwU21ncmJoY245LiIsImF2YXRhcl9pZCI6bnVsbCwib3RwIjoxMjM0LCJjaGFyaXR5X2lkIjoiOCIsInJlc2V0X3Bhc3N3b3JkX3Rva2VuIjoiJDJhJDEwJE83Nm5iamNmMUFKWGxLbjlKZXFzUy4zVmZiOFFYOVpQNVlSbWRIbUlmZ1NVMG11a2Jtb2JxIiwic3Vic2NyaXB0aW9uX3N0YXR1cyI6MSwibG9naW5hdHRlbXB0IjpudWxsLCJwYXNzd29yZF9jb3VudCI6MCwibGFzdF9sb2dpbl9kYXRlIjoiMjAyMC0wNy0xNFQwNTo0MDoyMy4wMDBaIiwicmVzZXRfcGFzc3dvcmRfZGF0ZSI6IjIwMjAtMDYtMjJUMTU6MDg6MDcuMDAwWiIsInN0YXR1cyI6MSwiY3JlYXRlZEF0IjoiMjAyMC0wNi0xNlQxMDoxMzoxMy4wMDBaIiwidXBkYXRlZEF0IjoiMjAyMC0wNy0yN1QxMDoyNjoyNi4wMDBaIiwiaWF0IjoxNTk1ODQ4NjIyfQ.-jHtNUug1Zavn7xWmk6R92G7YaM8phxCOaKZiLpJNok', 1, '2020-07-27 11:17:02', '2020-07-27 11:17:02', 2);

-- --------------------------------------------------------

--
-- Table structure for table `UserEarnedPoints`
--

CREATE TABLE `UserEarnedPoints` (
  `id` int(11) NOT NULL,
  `Points` int(11) DEFAULT NULL,
  `Point_for` int(11) DEFAULT NULL COMMENT '0-story 1-question',
  `createdAt` datetime NOT NULL,
  `updatedAt` datetime NOT NULL,
  `StoryId` int(11) DEFAULT NULL,
  `UserProfileId` int(11) DEFAULT NULL
) ENGINE=InnoDB DEFAULT CHARSET=latin1;

--
-- Dumping data for table `UserEarnedPoints`
--

INSERT INTO `UserEarnedPoints` (`id`, `Points`, `Point_for`, `createdAt`, `updatedAt`, `StoryId`, `UserProfileId`) VALUES
(1, 10, 0, '2020-06-29 13:30:04', '2020-06-29 13:30:04', 14, 1),
(36, 10, 0, '2020-07-09 07:41:14', '2020-07-09 07:41:14', 14, 770),
(37, 10, 1, '2020-07-09 07:41:14', '2020-07-09 07:41:14', 14, 770),
(38, 10, 0, '2020-07-09 08:07:43', '2020-07-09 08:07:43', 14, 774),
(39, 20, 1, '2020-07-09 08:07:43', '2020-07-09 08:07:43', 14, 774),
(42, 10, 0, '2020-07-09 09:33:44', '2020-07-09 09:33:44', 14, 778),
(43, 5, 1, '2020-07-09 09:33:44', '2020-07-09 09:33:44', 14, 778),
(46, 10, 0, '2020-07-09 12:34:48', '2020-07-09 12:34:48', 14, 790),
(47, 10, 1, '2020-07-09 12:34:48', '2020-07-09 12:34:48', 14, 790),
(48, 10, 0, '2020-07-09 13:14:11', '2020-07-09 13:14:11', 14, 803),
(49, 10, 1, '2020-07-09 13:14:11', '2020-07-09 13:14:11', 14, 803),
(50, 10, 0, '2020-07-09 13:19:44', '2020-07-09 13:19:44', 14, 804),
(51, 40, 1, '2020-07-09 13:19:44', '2020-07-09 13:19:44', 14, 804),
(52, 10, 0, '2020-07-09 13:35:27', '2020-07-09 13:35:27', 14, 808),
(53, 55, 1, '2020-07-09 13:35:27', '2020-07-09 13:35:27', 14, 808),
(54, 10, 0, '2020-07-10 03:31:13', '2020-07-10 03:31:13', 24, 747),
(55, 10, 0, '2020-07-10 03:35:34', '2020-07-10 03:35:34', 14, 815),
(56, 10, 0, '2020-07-10 04:09:56', '2020-07-10 04:09:56', 24, 815),
(57, 5, 1, '2020-07-10 04:09:56', '2020-07-10 04:09:56', 24, 815),
(60, 10, 0, '2020-07-10 07:02:04', '2020-07-10 07:02:04', 14, 827),
(61, 10, 1, '2020-07-10 07:02:04', '2020-07-10 07:02:04', 14, 827),
(62, 10, 0, '2020-07-10 08:13:35', '2020-07-10 08:13:35', 14, 836),
(63, 20, 1, '2020-07-10 08:13:35', '2020-07-10 08:13:35', 14, 836),
(64, 10, 0, '2020-07-10 08:17:59', '2020-07-10 08:17:59', 14, 840),
(65, 20, 1, '2020-07-10 08:17:59', '2020-07-10 08:17:59', 14, 840),
(66, 10, 0, '2020-07-10 08:24:06', '2020-07-10 08:24:06', 14, 847),
(67, 40, 1, '2020-07-10 08:24:06', '2020-07-10 08:24:06', 14, 847),
(68, 10, 0, '2020-07-10 08:30:48', '2020-07-10 08:30:48', 14, 826),
(69, 15, 1, '2020-07-10 08:30:48', '2020-07-10 08:30:48', 14, 826),
(70, 10, 0, '2020-07-10 08:38:32', '2020-07-10 08:38:32', 14, 35),
(71, 10, 1, '2020-07-10 08:38:32', '2020-07-10 08:38:32', 14, 35),
(72, 10, 0, '2020-07-10 08:52:01', '2020-07-10 08:52:01', 14, 852),
(73, 10, 1, '2020-07-10 08:52:01', '2020-07-10 08:52:01', 14, 852),
(74, 10, 0, '2020-07-10 08:58:00', '2020-07-10 08:58:00', 14, 853),
(75, 10, 1, '2020-07-10 08:58:00', '2020-07-10 08:58:00', 14, 853),
(78, 10, 0, '2020-07-10 14:03:04', '2020-07-10 14:03:04', 14, 371),
(79, 10, 1, '2020-07-10 14:03:04', '2020-07-10 14:03:04', 14, 371),
(80, 10, 0, '2020-07-10 23:29:14', '2020-07-10 23:29:14', 34, 240),
(81, 10, 0, '2020-07-10 23:34:59', '2020-07-10 23:34:59', 35, 371),
(82, 5, 1, '2020-07-10 23:34:59', '2020-07-10 23:34:59', 35, 371),
(83, 10, 0, '2020-07-10 23:36:14', '2020-07-10 23:36:14', 34, 747),
(84, 10, 1, '2020-07-10 23:36:14', '2020-07-10 23:36:14', 34, 747),
(85, 10, 0, '2020-07-11 00:41:00', '2020-07-11 00:41:00', 35, 240),
(86, 5, 1, '2020-07-11 00:41:00', '2020-07-11 00:41:00', 35, 240),
(90, 10, 0, '2020-07-11 06:28:18', '2020-07-11 06:28:18', 35, 906),
(91, 5, 1, '2020-07-11 06:28:18', '2020-07-11 06:28:18', 35, 906),
(97, 10, 0, '2020-07-11 07:31:00', '2020-07-11 07:31:00', 34, 913),
(98, 10, 1, '2020-07-11 07:31:00', '2020-07-11 07:31:00', 34, 913),
(99, 10, 0, '2020-07-11 07:39:51', '2020-07-11 07:39:51', 35, 913),
(100, 5, 1, '2020-07-11 07:39:51', '2020-07-11 07:39:51', 35, 913),
(101, 10, 0, '2020-07-11 07:42:51', '2020-07-11 07:42:51', 36, 918),
(102, 10, 0, '2020-07-11 07:56:51', '2020-07-11 07:56:51', 34, 914),
(103, 10, 1, '2020-07-11 07:56:51', '2020-07-11 07:56:51', 34, 914),
(104, 10, 0, '2020-07-11 08:06:59', '2020-07-11 08:06:59', 34, 919),
(105, 10, 1, '2020-07-11 08:06:59', '2020-07-11 08:06:59', 34, 919),
(106, 10, 0, '2020-07-11 08:08:47', '2020-07-11 08:08:47', 35, 826),
(107, 10, 1, '2020-07-11 08:08:47', '2020-07-11 08:08:47', 35, 826),
(108, 10, 0, '2020-07-11 08:15:18', '2020-07-11 08:15:18', 34, 920),
(109, 10, 1, '2020-07-11 08:15:18', '2020-07-11 08:15:18', 34, 920),
(110, 10, 0, '2020-07-11 08:18:16', '2020-07-11 08:18:16', 35, 921),
(111, 5, 1, '2020-07-11 08:18:16', '2020-07-11 08:18:16', 35, 921),
(112, 10, 0, '2020-07-11 08:19:07', '2020-07-11 08:19:07', 36, 922),
(115, 10, 0, '2020-07-11 09:52:34', '2020-07-11 09:52:34', 34, 930),
(116, 15, 1, '2020-07-11 09:52:34', '2020-07-11 09:52:34', 34, 930),
(117, 10, 0, '2020-07-11 10:14:55', '2020-07-11 10:14:55', 34, 932),
(118, 15, 1, '2020-07-11 10:14:55', '2020-07-11 10:14:55', 34, 932),
(119, 10, 0, '2020-07-11 10:14:56', '2020-07-11 10:14:56', 36, 934),
(120, 10, 0, '2020-07-11 10:22:58', '2020-07-11 10:22:58', 35, 932),
(121, 20, 1, '2020-07-11 10:22:58', '2020-07-11 10:22:58', 35, 932),
(122, 10, 0, '2020-07-11 10:29:52', '2020-07-11 10:29:52', 34, 937),
(123, 20, 1, '2020-07-11 10:29:52', '2020-07-11 10:29:52', 34, 937),
(124, 10, 0, '2020-07-11 12:03:04', '2020-07-11 12:03:04', 35, 948),
(125, 5, 1, '2020-07-11 12:03:04', '2020-07-11 12:03:04', 35, 948),
(126, 10, 0, '2020-07-11 12:31:33', '2020-07-11 12:31:33', 34, 826),
(127, 55, 1, '2020-07-11 12:31:33', '2020-07-11 12:31:33', 34, 826),
(128, 10, 0, '2020-07-11 14:02:04', '2020-07-11 14:02:04', 34, 386),
(129, 15, 1, '2020-07-11 14:02:04', '2020-07-11 14:02:04', 34, 386),
(130, 10, 0, '2020-07-11 14:14:17', '2020-07-11 14:14:17', 35, 386),
(131, 20, 1, '2020-07-11 14:14:17', '2020-07-11 14:14:17', 35, 386),
(132, 10, 0, '2020-07-13 06:22:07', '2020-07-13 06:22:07', 34, 1052),
(133, 15, 1, '2020-07-13 06:22:07', '2020-07-13 06:22:07', 34, 1052),
(134, 10, 0, '2020-07-13 06:28:51', '2020-07-13 06:28:51', 34, 1056),
(135, 15, 1, '2020-07-13 06:28:51', '2020-07-13 06:28:51', 34, 1056),
(136, 10, 0, '2020-07-13 06:38:20', '2020-07-13 06:38:20', 34, 1060),
(137, 10, 1, '2020-07-13 06:38:20', '2020-07-13 06:38:20', 34, 1060),
(138, 10, 0, '2020-07-13 07:11:12', '2020-07-13 07:11:12', 34, 1066),
(139, 10, 1, '2020-07-13 07:11:12', '2020-07-13 07:11:12', 34, 1066),
(140, 10, 0, '2020-07-13 07:56:10', '2020-07-13 07:56:10', 34, 1),
(151, 10, 0, '2020-07-13 08:56:28', '2020-07-13 08:56:28', 34, 1068),
(152, 15, 1, '2020-07-13 08:56:28', '2020-07-13 08:56:28', 34, 1068),
(153, 10, 0, '2020-07-13 09:01:19', '2020-07-13 09:01:19', 35, 1068),
(154, 10, 0, '2020-07-13 09:02:58', '2020-07-13 09:02:58', 36, 1068),
(155, 10, 0, '2020-07-13 09:09:35', '2020-07-13 09:09:35', 34, 1069),
(156, 20, 1, '2020-07-13 09:09:35', '2020-07-13 09:09:35', 34, 1069),
(157, 10, 0, '2020-07-13 09:40:30', '2020-07-13 09:40:30', 34, 866),
(158, 10, 1, '2020-07-13 09:40:30', '2020-07-13 09:40:30', 34, 866),
(159, 10, 0, '2020-07-13 09:42:42', '2020-07-13 09:42:42', 35, 866),
(160, 10, 0, '2020-07-13 09:44:24', '2020-07-13 09:44:24', 34, 1072),
(161, 15, 1, '2020-07-13 09:44:24', '2020-07-13 09:44:24', 34, 1072),
(162, 10, 0, '2020-07-13 09:55:46', '2020-07-13 09:55:46', 34, 205),
(163, 10, 1, '2020-07-13 09:55:46', '2020-07-13 09:55:46', 34, 205),
(164, 10, 0, '2020-07-13 09:55:59', '2020-07-13 09:55:59', 36, 205),
(165, 10, 0, '2020-07-13 09:59:38', '2020-07-13 09:59:38', 34, 1075),
(166, 10, 1, '2020-07-13 09:59:38', '2020-07-13 09:59:38', 34, 1075),
(167, 10, 0, '2020-07-13 10:00:48', '2020-07-13 10:00:48', 34, 1074),
(168, 10, 1, '2020-07-13 10:00:48', '2020-07-13 10:00:48', 34, 1074),
(169, 10, 0, '2020-07-13 10:18:31', '2020-07-13 10:18:31', 34, 1076),
(170, 15, 1, '2020-07-13 10:18:31', '2020-07-13 10:18:31', 34, 1076),
(171, 10, 0, '2020-07-13 10:24:12', '2020-07-13 10:24:12', 34, 1077),
(172, 10, 1, '2020-07-13 10:24:12', '2020-07-13 10:24:12', 34, 1077),
(173, 10, 0, '2020-07-13 11:07:16', '2020-07-13 11:07:16', 34, 1088),
(174, 10, 0, '2020-07-13 11:20:12', '2020-07-13 11:20:12', 34, 1096),
(175, 10, 1, '2020-07-13 11:20:12', '2020-07-13 11:20:12', 34, 1096),
(176, 10, 0, '2020-07-13 12:52:25', '2020-07-13 12:52:25', 34, 1097),
(177, 20, 1, '2020-07-13 12:52:25', '2020-07-13 12:52:25', 34, 1097),
(178, 10, 0, '2020-07-13 13:03:00', '2020-07-13 13:03:00', 36, 1097),
(179, 10, 0, '2020-07-13 13:05:19', '2020-07-13 13:05:19', 34, 1101),
(180, 10, 0, '2020-07-13 13:06:26', '2020-07-13 13:06:26', 35, 1101),
(181, 10, 0, '2020-07-13 13:08:03', '2020-07-13 13:08:03', 34, 1102),
(182, 10, 1, '2020-07-13 13:08:03', '2020-07-13 13:08:03', 34, 1102),
(183, 10, 0, '2020-07-13 13:19:04', '2020-07-13 13:19:04', 34, 1105),
(184, 15, 1, '2020-07-13 13:19:04', '2020-07-13 13:19:04', 34, 1105),
(185, 10, 0, '2020-07-13 13:22:51', '2020-07-13 13:22:51', 35, 1105),
(186, 10, 0, '2020-07-14 05:44:32', '2020-07-14 05:44:32', 34, 189),
(187, 10, 1, '2020-07-14 05:44:32', '2020-07-14 05:44:32', 34, 189),
(188, 10, 0, '2020-07-14 06:29:09', '2020-07-14 06:29:09', 35, 1112),
(189, 5, 1, '2020-07-14 06:29:09', '2020-07-14 06:29:09', 35, 1112),
(190, 10, 0, '2020-07-14 09:08:35', '2020-07-14 09:08:35', 34, 1126),
(191, 15, 1, '2020-07-14 09:08:35', '2020-07-14 09:08:35', 34, 1126),
(192, 10, 0, '2020-07-14 09:44:40', '2020-07-14 09:44:40', 36, 386),
(193, 10, 0, '2020-07-14 09:50:29', '2020-07-14 09:50:29', 34, 1134),
(194, 10, 1, '2020-07-14 09:50:29', '2020-07-14 09:50:29', 34, 1134),
(195, 10, 0, '2020-07-14 10:05:32', '2020-07-14 10:05:32', 34, 1141),
(196, 10, 1, '2020-07-14 10:05:32', '2020-07-14 10:05:32', 34, 1141),
(197, 10, 0, '2020-07-14 10:10:15', '2020-07-14 10:10:15', 34, 1140),
(198, 10, 1, '2020-07-14 10:10:15', '2020-07-14 10:10:15', 34, 1140),
(199, 10, 0, '2020-07-14 10:19:46', '2020-07-14 10:19:46', 34, 1138),
(200, 10, 0, '2020-07-14 10:22:07', '2020-07-14 10:22:07', 35, 1138),
(201, 10, 0, '2020-07-14 10:22:45', '2020-07-14 10:22:45', 35, 1141),
(202, 10, 0, '2020-07-14 11:42:02', '2020-07-14 11:42:02', 34, 1142),
(203, 10, 0, '2020-07-14 11:45:58', '2020-07-14 11:45:58', 35, 1143),
(204, 5, 1, '2020-07-14 11:45:58', '2020-07-14 11:45:58', 35, 1143),
(205, 10, 0, '2020-07-14 12:14:42', '2020-07-14 12:14:42', 34, 1144),
(206, 5, 1, '2020-07-14 12:14:42', '2020-07-14 12:14:42', 34, 1144),
(207, 10, 0, '2020-07-14 12:20:29', '2020-07-14 12:20:29', 34, 1151),
(208, 10, 1, '2020-07-14 12:20:29', '2020-07-14 12:20:29', 34, 1151),
(209, 10, 0, '2020-07-14 12:23:04', '2020-07-14 12:23:04', 35, 1151),
(210, 10, 0, '2020-07-14 13:14:43', '2020-07-14 13:14:43', 34, 1164),
(211, 5, 1, '2020-07-14 13:14:43', '2020-07-14 13:14:43', 34, 1164),
(212, 10, 0, '2020-07-14 13:15:19', '2020-07-14 13:15:19', 35, 1164),
(213, 10, 0, '2020-07-14 13:15:49', '2020-07-14 13:15:49', 34, 1165),
(214, 10, 0, '2020-07-14 13:16:38', '2020-07-14 13:16:38', 34, 1166),
(215, 10, 0, '2020-07-14 13:18:28', '2020-07-14 13:18:28', 36, 1166),
(216, 10, 0, '2020-07-14 13:22:26', '2020-07-14 13:22:26', 34, 1167),
(217, 10, 0, '2020-07-14 13:22:59', '2020-07-14 13:22:59', 34, 1168),
(218, 10, 0, '2020-07-14 13:23:56', '2020-07-14 13:23:56', 34, 1169),
(219, 5, 1, '2020-07-14 13:23:56', '2020-07-14 13:23:56', 34, 1169),
(220, 10, 0, '2020-07-14 13:25:49', '2020-07-14 13:25:49', 34, 1170),
(221, 10, 0, '2020-07-14 13:26:20', '2020-07-14 13:26:20', 35, 1169),
(222, 10, 0, '2020-07-14 13:28:08', '2020-07-14 13:28:08', 35, 1168),
(223, 10, 0, '2020-07-14 13:30:32', '2020-07-14 13:30:32', 34, 1172),
(224, 10, 0, '2020-07-14 13:33:39', '2020-07-14 13:33:39', 34, 1174),
(225, 5, 1, '2020-07-14 13:33:39', '2020-07-14 13:33:39', 34, 1174),
(226, 10, 0, '2020-07-14 13:35:12', '2020-07-14 13:35:12', 34, 1175),
(227, 10, 0, '2020-07-14 13:35:54', '2020-07-14 13:35:54', 35, 1175),
(228, 10, 1, '2020-07-14 13:35:54', '2020-07-14 13:35:54', 35, 1175),
(229, 10, 0, '2020-07-14 13:38:44', '2020-07-14 13:38:44', 35, 1172),
(230, 10, 1, '2020-07-14 13:38:44', '2020-07-14 13:38:44', 35, 1172),
(231, 10, 0, '2020-07-14 13:39:36', '2020-07-14 13:39:36', 35, 1176),
(232, 10, 1, '2020-07-14 13:39:36', '2020-07-14 13:39:36', 35, 1176),
(233, 10, 0, '2020-07-14 14:13:40', '2020-07-14 14:13:40', 35, 1180),
(234, 10, 0, '2020-07-14 14:42:28', '2020-07-14 14:42:28', 34, 1188),
(235, 10, 1, '2020-07-14 14:42:28', '2020-07-14 14:42:28', 34, 1188),
(236, 10, 0, '2020-07-14 22:54:20', '2020-07-14 22:54:20', 35, 370),
(237, 5, 1, '2020-07-14 22:54:20', '2020-07-14 22:54:20', 35, 370),
(238, 10, 0, '2020-07-14 22:56:02', '2020-07-14 22:56:02', 36, 1032),
(239, 10, 0, '2020-07-14 22:56:49', '2020-07-14 22:56:49', 46, 371),
(254, 10, 0, '2020-07-14 23:49:04', '2020-07-14 23:49:04', 35, 1194),
(255, 5, 1, '2020-07-14 23:49:04', '2020-07-14 23:49:04', 35, 1194),
(256, 10, 0, '2020-07-15 01:25:28', '2020-07-15 01:25:28', 35, 1035),
(257, 5, 1, '2020-07-15 01:25:28', '2020-07-15 01:25:28', 35, 1035),
(258, 10, 0, '2020-07-15 05:53:07', '2020-07-15 05:53:07', 35, 1195),
(259, 10, 0, '2020-07-15 05:57:53', '2020-07-15 05:57:53', 34, 1195),
(260, 10, 0, '2020-07-15 06:17:17', '2020-07-15 06:17:17', 34, 1200),
(261, 10, 1, '2020-07-15 06:17:17', '2020-07-15 06:17:17', 34, 1200),
(262, 10, 0, '2020-07-15 06:56:01', '2020-07-15 06:56:01', 34, 1201),
(263, 15, 1, '2020-07-15 06:56:01', '2020-07-15 06:56:01', 34, 1201),
(264, 10, 0, '2020-07-15 06:56:48', '2020-07-15 06:56:48', 35, 1201),
(265, 10, 1, '2020-07-15 06:56:48', '2020-07-15 06:56:48', 35, 1201),
(266, 10, 0, '2020-07-16 03:37:15', '2020-07-16 03:37:15', 34, 1025),
(267, 20, 1, '2020-07-16 03:37:15', '2020-07-16 03:37:15', 34, 1025),
(268, 10, 0, '2020-07-16 05:29:23', '2020-07-16 05:29:23', 34, NULL),
(269, 15, 1, '2020-07-16 05:29:23', '2020-07-16 05:29:23', 34, NULL),
(270, 10, 0, '2020-07-16 06:32:32', '2020-07-16 06:32:32', 46, 1226),
(271, 10, 0, '2020-07-16 06:34:58', '2020-07-16 06:34:58', 34, 1226),
(272, 20, 1, '2020-07-16 06:34:58', '2020-07-16 06:34:58', 34, 1226),
(273, 10, 0, '2020-07-16 18:25:13', '2020-07-16 18:25:13', 34, 1032),
(274, 10, 1, '2020-07-16 18:25:13', '2020-07-16 18:25:13', 34, 1032),
(275, 10, 0, '2020-07-17 08:50:25', '2020-07-17 08:50:25', 34, 206),
(276, 10, 1, '2020-07-17 08:50:25', '2020-07-17 08:50:25', 34, 206),
(277, 10, 0, '2020-07-18 08:03:22', '2020-07-18 08:03:22', 34, 96),
(278, 20, 1, '2020-07-18 08:03:22', '2020-07-18 08:03:22', 34, 96),
(281, 10, 0, '2020-07-21 07:52:54', '2020-07-21 07:52:54', 36, 866),
(282, 10, 0, '2020-07-21 14:40:18', '2020-07-21 14:40:18', 34, 87),
(283, 10, 1, '2020-07-21 14:40:18', '2020-07-21 14:40:18', 34, 87),
(284, 10, 0, '2020-07-21 16:20:35', '2020-07-21 16:20:35', 34, 1297),
(285, 5, 1, '2020-07-21 16:20:35', '2020-07-21 16:20:35', 34, 1297),
(286, 10, 0, '2020-07-21 16:22:39', '2020-07-21 16:22:39', 34, 1298),
(287, 10, 0, '2020-07-21 16:27:53', '2020-07-21 16:27:53', 34, 1194),
(288, 10, 1, '2020-07-21 16:27:53', '2020-07-21 16:27:53', 34, 1194),
(289, 10, 0, '2020-07-23 01:08:51', '2020-07-23 01:08:51', 34, 370),
(290, 15, 1, '2020-07-23 01:08:51', '2020-07-23 01:08:51', 34, 370),
(291, 10, 0, '2020-07-23 07:38:59', '2020-07-23 07:38:59', 34, 1304),
(292, 10, 1, '2020-07-23 07:38:59', '2020-07-23 07:38:59', 34, 1304),
(293, 10, 0, '2020-07-23 07:40:03', '2020-07-23 07:40:03', 35, 1305),
(294, 5, 1, '2020-07-23 07:40:03', '2020-07-23 07:40:03', 35, 1305),
(295, 10, 0, '2020-07-23 07:45:37', '2020-07-23 07:45:37', 35, 1148),
(296, 5, 1, '2020-07-23 07:45:37', '2020-07-23 07:45:37', 35, 1148),
(297, 10, 0, '2020-07-23 07:50:05', '2020-07-23 07:50:05', 34, 1307),
(298, 10, 1, '2020-07-23 07:50:05', '2020-07-23 07:50:05', 34, 1307),
(299, 10, 0, '2020-07-23 07:52:37', '2020-07-23 07:52:37', 35, 1307),
(300, 10, 1, '2020-07-23 07:52:37', '2020-07-23 07:52:37', 35, 1307),
(301, 10, 0, '2020-07-23 07:59:26', '2020-07-23 07:59:26', 35, NULL),
(302, 10, 1, '2020-07-23 07:59:26', '2020-07-23 07:59:26', 35, NULL),
(303, 10, 0, '2020-07-23 08:10:07', '2020-07-23 08:10:07', 46, 913),
(304, 10, 0, '2020-07-23 08:11:31', '2020-07-23 08:11:31', 35, 96),
(305, 10, 1, '2020-07-23 08:11:31', '2020-07-23 08:11:31', 35, 96),
(306, 10, 0, '2020-07-23 08:12:15', '2020-07-23 08:12:15', 34, 918),
(307, 15, 1, '2020-07-23 08:12:15', '2020-07-23 08:12:15', 34, 918),
(308, 10, 0, '2020-07-23 08:35:40', '2020-07-23 08:35:40', 34, NULL),
(309, 10, 1, '2020-07-23 08:35:40', '2020-07-23 08:35:40', 34, NULL),
(310, 10, 0, '2020-07-23 08:43:11', '2020-07-23 08:43:11', 46, NULL),
(311, 10, 0, '2020-07-23 08:44:18', '2020-07-23 08:44:18', 34, NULL),
(312, 10, 1, '2020-07-23 08:44:18', '2020-07-23 08:44:18', 34, NULL),
(316, 10, 0, '2020-07-23 10:00:19', '2020-07-23 10:00:19', 34, 1308),
(317, 10, 1, '2020-07-23 10:00:19', '2020-07-23 10:00:19', 34, 1308),
(318, 10, 0, '2020-07-23 10:10:29', '2020-07-23 10:10:29', 35, NULL),
(319, 10, 1, '2020-07-23 10:10:29', '2020-07-23 10:10:29', 35, NULL),
(320, 10, 0, '2020-07-24 06:17:28', '2020-07-24 06:17:28', 34, 1335),
(321, 10, 1, '2020-07-24 06:17:28', '2020-07-24 06:17:28', 34, 1335),
(335, 10, 0, '2020-07-24 10:26:05', '2020-07-24 10:26:05', 35, 1308),
(336, 10, 1, '2020-07-24 10:26:05', '2020-07-24 10:26:05', 35, 1308),
(341, 10, 0, '2020-07-24 12:33:15', '2020-07-24 12:33:15', 34, 1309),
(342, 10, 1, '2020-07-24 12:33:15', '2020-07-24 12:33:15', 34, 1309),
(343, 10, 0, '2020-07-24 12:37:39', '2020-07-24 12:37:39', 34, 1173),
(344, 10, 1, '2020-07-24 12:37:39', '2020-07-24 12:37:39', 34, 1173),
(345, 10, 0, '2020-07-24 12:43:21', '2020-07-24 12:43:21', 34, 1178),
(346, 10, 1, '2020-07-24 12:43:21', '2020-07-24 12:43:21', 34, 1178),
(347, 10, 0, '2020-07-24 12:46:06', '2020-07-24 12:46:06', 34, 1347),
(348, 10, 1, '2020-07-24 12:46:06', '2020-07-24 12:46:06', 34, 1347),
(349, 10, 0, '2020-07-24 12:53:52', '2020-07-24 12:53:52', 34, NULL),
(350, 10, 1, '2020-07-24 12:53:52', '2020-07-24 12:53:52', 34, NULL),
(351, 10, 0, '2020-07-24 12:57:31', '2020-07-24 12:57:31', 34, NULL),
(352, 10, 1, '2020-07-24 12:57:31', '2020-07-24 12:57:31', 34, NULL),
(353, 10, 0, '2020-07-24 12:59:54', '2020-07-24 12:59:54', 35, NULL),
(354, 5, 1, '2020-07-24 12:59:54', '2020-07-24 12:59:54', 35, NULL),
(355, 10, 0, '2020-07-24 18:29:51', '2020-07-24 18:29:51', 35, 1297),
(356, 5, 1, '2020-07-24 18:29:51', '2020-07-24 18:29:51', 35, 1297),
(357, 10, 0, '2020-07-24 19:27:46', '2020-07-24 19:27:46', 34, 1351),
(358, 10, 1, '2020-07-24 19:27:46', '2020-07-24 19:27:46', 34, 1351),
(359, 10, 0, '2020-07-24 19:29:16', '2020-07-24 19:29:16', 35, 1351),
(360, 10, 0, '2020-07-24 19:36:00', '2020-07-24 19:36:00', 35, 1298),
(361, 10, 0, '2020-07-24 20:13:17', '2020-07-24 20:13:17', 34, 1299),
(362, 15, 1, '2020-07-24 20:13:17', '2020-07-24 20:13:17', 34, 1299),
(363, 10, 0, '2020-07-24 20:14:23', '2020-07-24 20:14:23', 35, 1299),
(364, 10, 0, '2020-07-25 01:52:29', '2020-07-25 01:52:29', 46, 1297),
(365, 5, 1, '2020-07-25 01:52:29', '2020-07-25 01:52:29', 46, 1297),
(366, 10, 0, '2020-07-25 02:07:31', '2020-07-25 02:07:31', 34, 371),
(367, 10, 1, '2020-07-25 02:07:31', '2020-07-25 02:07:31', 34, 371),
(368, 10, 0, '2020-07-25 02:13:13', '2020-07-25 02:13:13', 46, 370),
(369, 5, 1, '2020-07-25 02:13:13', '2020-07-25 02:13:13', 46, 370),
(370, 10, 0, '2020-07-27 07:59:28', '2020-07-27 07:59:28', 35, 5),
(371, 5, 1, '2020-07-27 07:59:28', '2020-07-27 07:59:28', 35, 5),
(372, 10, 0, '2020-07-27 08:00:18', '2020-07-27 08:00:18', 34, 5),
(373, 10, 1, '2020-07-27 08:00:18', '2020-07-27 08:00:18', 34, 5),
(374, 10, 0, '2020-07-27 08:05:10', '2020-07-27 08:05:10', 34, 1361),
(375, 10, 1, '2020-07-27 08:05:10', '2020-07-27 08:05:10', 34, 1361),
(376, 10, 0, '2020-07-27 08:05:44', '2020-07-27 08:05:44', 35, 1361),
(377, 5, 1, '2020-07-27 08:05:44', '2020-07-27 08:05:44', 35, 1361),
(378, 10, 0, '2020-07-27 08:32:25', '2020-07-27 08:32:25', 34, 1364),
(379, 15, 1, '2020-07-27 08:32:25', '2020-07-27 08:32:25', 34, 1364),
(380, 10, 0, '2020-07-27 08:36:16', '2020-07-27 08:36:16', 34, 1363),
(381, 10, 1, '2020-07-27 08:36:16', '2020-07-27 08:36:16', 34, 1363),
(382, 10, 0, '2020-07-27 08:36:50', '2020-07-27 08:36:50', 35, 1363),
(383, 10, 1, '2020-07-27 08:36:50', '2020-07-27 08:36:50', 35, 1363),
(384, 10, 0, '2020-07-27 09:35:15', '2020-07-27 09:35:15', 34, 235),
(385, 10, 1, '2020-07-27 09:35:15', '2020-07-27 09:35:15', 34, 235),
(386, 10, 0, '2020-07-27 09:35:57', '2020-07-27 09:35:57', 35, 235),
(387, 10, 1, '2020-07-27 09:35:57', '2020-07-27 09:35:57', 35, 235),
(388, 10, 0, '2020-07-27 09:38:26', '2020-07-27 09:38:26', 34, 1177),
(389, 10, 1, '2020-07-27 09:38:26', '2020-07-27 09:38:26', 34, 1177),
(390, 10, 0, '2020-07-27 09:39:12', '2020-07-27 09:39:12', 35, 1177),
(391, 5, 1, '2020-07-27 09:39:12', '2020-07-27 09:39:12', 35, 1177),
(392, 10, 0, '2020-07-27 10:36:05', '2020-07-27 10:36:05', 34, 256),
(393, 10, 1, '2020-07-27 10:36:05', '2020-07-27 10:36:05', 34, 256),
(394, 10, 0, '2020-07-27 10:43:48', '2020-07-27 10:43:48', 34, 1365),
(395, 10, 1, '2020-07-27 10:43:48', '2020-07-27 10:43:48', 34, 1365),
(396, 10, 0, '2020-07-27 10:47:32', '2020-07-27 10:47:32', 35, 1365),
(397, 10, 1, '2020-07-27 10:47:32', '2020-07-27 10:47:32', 35, 1365),
(398, 10, 0, '2020-07-27 10:50:30', '2020-07-27 10:50:30', 35, 256),
(399, 10, 1, '2020-07-27 10:50:30', '2020-07-27 10:50:30', 35, 256),
(400, 10, 0, '2020-07-27 10:55:49', '2020-07-27 10:55:49', 34, 1367),
(401, 10, 1, '2020-07-27 10:55:49', '2020-07-27 10:55:49', 34, 1367),
(402, 10, 0, '2020-07-27 10:57:57', '2020-07-27 10:57:57', 46, 1367),
(403, 5, 1, '2020-07-27 10:57:57', '2020-07-27 10:57:57', 46, 1367),
(404, 10, 0, '2020-07-27 11:01:10', '2020-07-27 11:01:10', 34, 321),
(405, 10, 1, '2020-07-27 11:01:10', '2020-07-27 11:01:10', 34, 321),
(406, 10, 0, '2020-07-27 11:02:07', '2020-07-27 11:02:07', 35, 1367),
(407, 10, 1, '2020-07-27 11:02:07', '2020-07-27 11:02:07', 35, 1367),
(408, 10, 0, '2020-07-27 11:32:27', '2020-07-27 11:32:27', 34, 1368),
(409, 10, 1, '2020-07-27 11:32:27', '2020-07-27 11:32:27', 34, 1368),
(410, 10, 0, '2020-07-27 11:33:43', '2020-07-27 11:33:43', 34, 323),
(411, 10, 1, '2020-07-27 11:33:43', '2020-07-27 11:33:43', 34, 323),
(412, 10, 0, '2020-07-27 11:34:29', '2020-07-27 11:34:29', 46, 1368),
(413, 5, 1, '2020-07-27 11:34:29', '2020-07-27 11:34:29', 46, 1368),
(414, 10, 0, '2020-07-27 11:35:01', '2020-07-27 11:35:01', 35, 1368),
(415, 5, 1, '2020-07-27 11:35:01', '2020-07-27 11:35:01', 35, 1368),
(416, 10, 0, '2020-07-27 11:42:38', '2020-07-27 11:42:38', 34, 1369),
(417, 10, 1, '2020-07-27 11:42:38', '2020-07-27 11:42:38', 34, 1369),
(418, 10, 0, '2020-07-27 11:43:14', '2020-07-27 11:43:14', 35, 1369),
(419, 10, 1, '2020-07-27 11:43:14', '2020-07-27 11:43:14', 35, 1369),
(420, 10, 0, '2020-07-27 11:44:21', '2020-07-27 11:44:21', 46, 1369),
(421, 5, 1, '2020-07-27 11:44:21', '2020-07-27 11:44:21', 46, 1369),
(422, 10, 0, '2020-07-27 12:04:03', '2020-07-27 12:04:03', 35, 321),
(423, 10, 1, '2020-07-27 12:04:03', '2020-07-27 12:04:03', 35, 321),
(424, 10, 0, '2020-07-27 12:04:49', '2020-07-27 12:04:49', 46, 321),
(425, 5, 1, '2020-07-27 12:04:49', '2020-07-27 12:04:49', 46, 321),
(426, 10, 0, '2020-07-27 12:27:44', '2020-07-27 12:27:44', 34, 1370),
(427, 5, 1, '2020-07-27 12:27:44', '2020-07-27 12:27:44', 34, 1370),
(428, 10, 0, '2020-07-27 12:28:03', '2020-07-27 12:28:03', 35, 1370),
(429, 10, 1, '2020-07-27 12:28:03', '2020-07-27 12:28:03', 35, 1370);

-- --------------------------------------------------------

--
-- Table structure for table `UserProfiles`
--

CREATE TABLE `UserProfiles` (
  `id` int(11) NOT NULL,
  `account_type` int(11) DEFAULT NULL COMMENT '1-parent 0-child',
  `name` varchar(255) DEFAULT NULL,
  `age` int(11) DEFAULT NULL,
  `avatar_id` varchar(255) DEFAULT NULL,
  `points` bigint(20) NOT NULL DEFAULT '0',
  `audio_mode` tinyint(1) DEFAULT '0',
  `landscape_mode` tinyint(1) DEFAULT '0',
  `status` int(11) DEFAULT '1' COMMENT '1-active 0-notactive',
  `createdAt` datetime NOT NULL,
  `updatedAt` datetime NOT NULL,
  `AccountId` int(11) DEFAULT NULL
) ENGINE=InnoDB DEFAULT CHARSET=latin1;

--
-- Dumping data for table `UserProfiles`
--

INSERT INTO `UserProfiles` (`id`, `account_type`, `name`, `age`, `avatar_id`, `points`, `audio_mode`, `landscape_mode`, `status`, `createdAt`, `updatedAt`, `AccountId`) VALUES
(1, 1, 'ww', 0, '1', 10, 0, 0, 1, '2020-06-16 08:59:23', '2020-07-21 14:38:53', 1),
(5, 1, 'Rahul ', 1, '4', 35, 0, 0, 1, '2020-06-16 10:13:13', '2020-07-27 08:21:40', 2),
(6, 1, 'ajay', 0, '', 0, 0, 0, 1, '2020-06-16 11:02:26', '2020-06-16 11:02:26', 3),
(7, 1, 'nananaj', 0, '', 0, 0, 0, 1, '2020-06-16 11:16:04', '2020-06-16 11:16:04', 4),
(8, 0, 'molu', 8, '1', 0, 0, 0, 1, '2020-06-16 11:16:04', '2020-06-16 11:16:04', 4),
(9, 0, 'bolu', 8, '2', 0, 0, 0, 1, '2020-06-16 11:16:04', '2020-06-16 11:16:04', 4),
(10, 1, 'ajajaj', 0, '', 0, 0, 0, 1, '2020-06-16 13:07:45', '2020-06-16 13:07:45', 5),
(11, 0, 'ola', 8, '1', 0, 0, 0, 1, '2020-06-16 13:07:45', '2020-06-16 13:07:45', 5),
(12, 0, 'boli', 3, '2', 0, 0, 0, 1, '2020-06-16 13:07:45', '2020-06-16 13:07:45', 5),
(13, 0, 'ajajaj', 6, '3', 0, 0, 0, 1, '2020-06-16 13:07:45', '2020-06-16 13:07:45', 5),
(14, 1, 'ajjajajajaj', 0, '', 0, 0, 0, 1, '2020-06-16 13:10:30', '2020-06-16 13:10:30', 6),
(15, 0, 'kaaiaiia', 5, '1', 0, 0, 0, 1, '2020-06-16 13:10:30', '2020-06-16 13:10:30', 6),
(16, 0, 'jaijaj', 8, '2', 0, 0, 0, 1, '2020-06-16 13:10:30', '2020-06-16 13:10:30', 6),
(17, 0, 'hh', 6, '3', 0, 0, 0, 1, '2020-06-16 13:10:30', '2020-06-16 13:10:30', 6),
(18, 1, 'ajajajjja', 0, '', 0, 0, 0, 1, '2020-06-16 13:12:28', '2020-06-16 13:12:28', 7),
(19, 0, 'ajajja', 8, '2', 0, 0, 0, 1, '2020-06-16 13:12:28', '2020-06-16 13:12:28', 7),
(20, 0, 'jajjaajj', 5, '4', 0, 0, 0, 1, '2020-06-16 13:12:28', '2020-06-16 13:12:28', 7),
(21, 0, 'h', 2, '2', 0, 0, 0, 1, '2020-06-16 13:12:28', '2020-06-16 13:12:28', 7),
(22, 1, 'ww', 0, '', 0, 0, 0, 1, '2020-06-17 05:31:37', '2020-06-17 05:31:37', 8),
(23, 0, 'ww', 23, '2', 0, 0, 0, 1, '2020-06-17 05:31:37', '2020-06-17 05:31:37', 8),
(24, 0, 'ttt', 23, '3', 0, 0, 0, 1, '2020-06-17 05:31:37', '2020-06-17 05:31:37', 8),
(25, 0, 'check', 23, '1', 0, 0, 0, 1, '2020-06-17 05:31:37', '2020-06-17 05:31:37', 8),
(26, 1, 'Abc', 0, '', 0, 0, 0, 1, '2020-06-17 05:35:14', '2020-06-17 05:35:14', 9),
(28, 1, 'fgfg', 0, '', 0, 0, 0, 1, '2020-06-17 06:01:31', '2020-06-17 06:01:31', 10),
(29, 0, 'rew', 5, '2', 0, 0, 0, 1, '2020-06-17 06:01:31', '2020-06-17 06:01:31', 10),
(30, 0, 'erwe', 85, '3', 0, 0, 0, 1, '2020-06-17 06:01:31', '2020-06-17 06:01:31', 10),
(31, 0, 'Gg', 88, '3', 0, 0, 0, 1, '2020-06-17 06:01:31', '2020-06-17 06:01:31', 10),
(32, 1, 'Fhh', 0, '', 0, 0, 0, 1, '2020-06-17 10:40:18', '2020-06-17 10:40:18', 11),
(33, 0, 'Dhdy', 25, '3', 0, 0, 0, 1, '2020-06-17 10:40:18', '2020-06-18 11:37:14', 11),
(34, 1, 'Vinneet', 0, '4', 0, 1, 0, 1, '2020-06-17 10:54:51', '2020-07-25 14:50:48', 12),
(35, 0, 'Hhhh', 55, '1', 20, 1, 0, 1, '2020-06-17 10:54:51', '2020-07-24 16:02:38', 12),
(36, 0, 'Test', 9, '3', 0, 1, 0, 1, '2020-06-17 10:54:51', '2020-07-25 14:14:53', 12),
(37, 1, 'bhj', 0, '', 0, 0, 0, 1, '2020-06-17 11:09:03', '2020-06-17 11:09:03', 13),
(38, 0, 'one bhj', 12, '2', 0, 0, 0, 1, '2020-06-17 11:09:03', '2020-06-17 11:09:03', 13),
(39, 0, 'two bhj', 2, '3', 0, 0, 0, 1, '2020-06-17 11:09:03', '2020-06-17 11:09:03', 13),
(40, 1, 'abcd', 0, '', 0, 0, 0, 1, '2020-06-17 12:23:48', '2020-06-17 12:23:48', 14),
(41, 0, 'abc', 12, '3', 0, 0, 0, 1, '2020-06-17 12:23:48', '2020-06-17 12:23:48', 14),
(42, 0, 'gourav-updated2', 29, '4', 0, 0, 0, 1, '2020-06-18 06:06:16', '2020-07-21 14:39:05', 1),
(43, 0, 'sourav-updated2', 27, '3', 0, 0, 0, 1, '2020-06-18 06:06:16', '2020-07-21 14:39:13', 1),
(47, 1, 'Vineet', 0, '', 0, 0, 0, 1, '2020-06-18 06:30:52', '2020-06-18 06:30:52', 15),
(48, 0, 'Child one', 25, '2', 0, 0, 0, 1, '2020-06-18 06:30:52', '2020-06-18 06:30:52', 15),
(49, 0, 'Child two', 23, '3', 0, 0, 0, 1, '2020-06-18 06:30:52', '2020-06-18 06:30:52', 15),
(50, 0, 'Child three', 23, '1', 0, 0, 0, 1, '2020-06-18 06:30:52', '2020-06-18 06:30:52', 15),
(82, 0, 'rtgert', 12, '2', 0, 0, 0, 1, '2020-06-18 09:54:48', '2020-06-18 10:05:36', 9),
(83, 0, 'jhwjq', 12, '3', 0, 0, 0, 1, '2020-06-18 10:03:27', '2020-06-18 10:05:36', 9),
(84, 0, 'hgfhgfh', 43, '1', 0, 0, 0, 1, '2020-06-18 10:05:36', '2020-06-18 10:05:36', 9),
(85, 0, 'Fg', 52, '4', 0, 0, 0, 1, '2020-06-18 10:56:00', '2020-06-18 10:56:00', 12),
(86, 0, 'Gh', 25, '4', 0, 0, 0, 1, '2020-06-18 11:09:11', '2020-06-18 11:37:14', 11),
(87, 0, 'new-updated2', 28, '2', 20, 0, 0, 1, '2020-06-18 11:29:24', '2020-07-21 14:40:19', 1),
(88, 0, 'Rt', 25, '2', 0, 0, 0, 1, '2020-06-18 11:37:14', '2020-06-18 11:37:14', 11),
(92, 1, 'Vikas', 0, '', 0, 0, 0, 1, '2020-06-18 13:05:26', '2020-06-18 13:05:26', 16),
(93, 0, 'Dg', 52, '2', 0, 0, 0, 1, '2020-06-18 13:05:26', '2020-06-25 11:16:05', 16),
(94, 0, 'Ff', 52, '3', 0, 0, 0, 1, '2020-06-18 13:07:49', '2020-06-25 11:16:05', 16),
(96, 0, 'Varsha', 23, '3', 50, 1, 0, 1, '2020-06-18 13:15:25', '2020-07-23 08:11:31', 2),
(97, 1, 'Vipin', 0, '', 0, 0, 0, 1, '2020-06-18 13:22:37', '2020-06-18 13:22:37', 17),
(98, 0, 'Gg', 55, '2', 0, 0, 0, 1, '2020-06-18 13:32:04', '2020-06-18 13:35:35', 17),
(99, 0, 'Vhf', 95, '3', 0, 0, 0, 1, '2020-06-18 13:32:04', '2020-06-18 13:35:35', 17),
(100, 0, 'Gg', 63, '1', 0, 0, 0, 1, '2020-06-18 13:35:35', '2020-06-18 13:35:35', 17),
(101, 1, 'Vipin', 0, '', 0, 0, 0, 1, '2020-06-18 13:55:43', '2020-06-18 13:55:43', 18),
(102, 0, 'Tt', 85, '2', 0, 0, 0, 1, '2020-06-18 13:57:28', '2020-06-18 13:57:52', 18),
(103, 0, 'Ggt', 52, '3', 0, 0, 0, 1, '2020-06-18 13:57:28', '2020-06-18 13:57:52', 18),
(104, 0, 'Cg', 52, '1', 0, 0, 0, 1, '2020-06-18 13:57:52', '2020-06-18 13:57:52', 18),
(105, 1, 'Ajay Pandit', 0, '', 0, 0, 0, 1, '2020-06-19 04:58:48', '2020-06-19 04:58:48', 19),
(106, 0, 'Hny ', 18, '3', 0, 0, 0, 1, '2020-06-19 04:58:48', '2020-06-19 07:42:52', 19),
(107, 1, 'Princess Prl', 0, '', 0, 0, 0, 1, '2020-06-19 05:04:53', '2020-06-19 05:04:53', 20),
(108, 0, 'Hny ', 18, '3', 0, 0, 0, 1, '2020-06-19 05:04:53', '2020-06-19 05:04:53', 20),
(109, 1, 'FREGRENCE', 0, '', 0, 0, 0, 1, '2020-06-19 07:06:37', '2020-06-19 07:06:37', 21),
(110, 0, 'Ronan', 8, '3', 0, 0, 0, 1, '2020-06-19 07:06:37', '2020-06-19 07:06:37', 21),
(111, 0, 'Sunaina', 6, '2', 0, 0, 0, 1, '2020-06-19 07:06:37', '2020-06-19 07:06:37', 21),
(112, 0, 'chillu', 6, '2', 0, 0, 0, 1, '2020-06-19 07:42:52', '2020-06-19 07:42:52', 19),
(113, 0, 'lilu', 8, '4', 0, 0, 0, 1, '2020-06-19 07:42:52', '2020-06-19 07:42:52', 19),
(114, 1, 'Fffff', 0, '', 0, 0, 0, 1, '2020-06-19 09:50:42', '2020-06-19 09:50:42', 22),
(115, 0, 'Asd', 12, '2', 0, 0, 0, 1, '2020-06-19 09:50:42', '2020-06-19 09:50:42', 22),
(116, 0, 'Ffff', 3, '2', 0, 0, 0, 1, '2020-06-19 09:50:42', '2020-06-19 09:50:42', 22),
(117, 1, 'Vinay', 0, '', 0, 0, 0, 1, '2020-06-19 10:57:40', '2020-06-19 10:57:40', 23),
(118, 0, 'Gg', 55, '3', 0, 0, 0, 1, '2020-06-19 10:57:40', '2020-06-19 11:22:49', 23),
(119, 0, 'Vg', 21, '3', 0, 0, 0, 1, '2020-06-19 11:22:49', '2020-06-19 11:22:49', 23),
(120, 0, 'Ff', 55, '2', 0, 0, 0, 1, '2020-06-19 11:22:49', '2020-06-19 11:22:49', 23),
(121, 1, 'Ff', 0, '', 0, 0, 0, 1, '2020-06-19 11:24:29', '2020-06-19 11:24:29', 24),
(122, 0, 'Ff', 85, '3', 0, 0, 0, 1, '2020-06-19 11:24:29', '2020-06-19 11:24:29', 24),
(123, 0, 'Rr', 55, '1', 0, 0, 0, 1, '2020-06-19 11:24:29', '2020-06-19 11:24:29', 24),
(124, 0, 'Fff', 85, '4', 0, 0, 0, 1, '2020-06-19 11:24:29', '2020-06-19 11:24:29', 24),
(125, 1, 'Cool', 0, '', 0, 0, 0, 1, '2020-06-19 13:04:30', '2020-06-19 13:04:30', 25),
(126, 0, 'Aja', 3, '1', 0, 0, 0, 1, '2020-06-19 13:04:30', '2020-06-19 13:04:30', 25),
(127, 1, 'Hshahah', 0, '', 0, 0, 0, 1, '2020-06-19 13:05:06', '2020-06-19 13:05:06', 26),
(128, 1, 'T', 0, '', 0, 0, 0, 1, '2020-06-20 04:41:03', '2020-06-20 04:41:03', 27),
(129, 0, 'Tt', 23, '2', 0, 0, 0, 1, '2020-06-20 04:41:03', '2020-06-20 07:08:57', 27),
(130, 0, 'Sia', 9, '2', 0, 0, 0, 1, '2020-06-20 07:08:57', '2020-06-20 07:08:57', 27),
(131, 0, 'Kaka', 9, '4', 0, 0, 0, 1, '2020-06-20 07:08:57', '2020-06-20 07:08:57', 27),
(132, 1, 'a', 0, '', 0, 0, 0, 1, '2020-06-20 07:46:57', '2020-06-20 07:46:57', 28),
(133, 1, 'Sbsbsbsbshsh', 0, '', 0, 0, 0, 1, '2020-06-20 12:25:19', '2020-06-20 12:25:19', 29),
(134, 1, 'Sgsgeh', 0, '', 0, 0, 0, 1, '2020-06-20 12:31:14', '2020-06-20 12:31:14', 30),
(135, 0, 'Shags', 2, '1', 0, 0, 0, 1, '2020-06-20 12:31:14', '2020-06-20 12:31:14', 30),
(136, 0, 'Shshsh', 25, '2', 0, 0, 0, 1, '2020-06-20 12:31:14', '2020-06-20 12:31:14', 30),
(137, 1, 'wisedad', 0, '', 0, 0, 0, 1, '2020-06-20 16:27:45', '2020-06-20 16:27:45', 31),
(138, 1, 'sheheh', 0, '', 0, 0, 0, 1, '2020-06-20 20:19:15', '2020-06-20 20:19:15', 32),
(139, 1, 'sheheh', 0, '', 0, 0, 0, 1, '2020-06-20 20:20:46', '2020-06-20 20:20:46', 33),
(140, 0, 'wheheh', 15, '1', 0, 0, 0, 1, '2020-06-20 20:20:46', '2020-06-20 20:20:46', 33),
(141, 1, 'sheheh', 0, '', 0, 0, 0, 1, '2020-06-21 14:38:27', '2020-06-21 14:38:27', 34),
(142, 1, 'eheneh', 0, '', 0, 0, 0, 1, '2020-06-22 00:17:02', '2020-06-22 00:17:02', 35),
(143, 1, 'ww', 0, '', 0, 0, 0, 1, '2020-06-22 08:40:51', '2020-06-22 08:40:51', 36),
(144, 0, 'ww', 23, '2', 0, 0, 0, 1, '2020-06-22 08:40:51', '2020-06-22 08:40:51', 36),
(145, 0, 'ttt', 23, '3', 0, 0, 0, 1, '2020-06-22 08:40:51', '2020-06-22 08:40:51', 36),
(146, 0, 'check', 23, '1', 0, 0, 0, 1, '2020-06-22 08:40:51', '2020-06-22 08:40:51', 36),
(147, 1, 'Vineet', 0, '', 0, 0, 0, 1, '2020-06-22 10:53:41', '2020-06-22 10:53:41', 37),
(148, 0, 'Ryy', 52, '2', 0, 0, 0, 1, '2020-06-22 10:53:41', '2020-06-22 10:53:41', 37),
(149, 0, 'Ft', 25, '3', 0, 0, 0, 1, '2020-06-22 10:53:41', '2020-06-22 10:53:41', 37),
(150, 1, 'vikash', 0, '', 0, 0, 0, 1, '2020-06-22 10:59:57', '2020-06-22 10:59:57', 38),
(151, 0, 'ww', 23, '2', 0, 0, 0, 1, '2020-06-22 10:59:57', '2020-06-22 10:59:57', 38),
(152, 0, 'ttt', 23, '3', 0, 0, 0, 1, '2020-06-22 10:59:57', '2020-06-22 10:59:57', 38),
(153, 0, 'check', 23, '1', 0, 0, 0, 1, '2020-06-22 10:59:57', '2020-06-22 10:59:57', 38),
(154, 1, 'ww', 0, '', 0, 0, 0, 1, '2020-06-23 04:18:28', '2020-06-23 04:18:28', 39),
(155, 0, 'gourav-updated2', 29, '22', 0, 0, 0, 1, '2020-06-23 04:18:28', '2020-06-25 05:37:13', 39),
(156, 0, 'sourav-updated2', 27, '22', 0, 0, 0, 1, '2020-06-23 04:18:28', '2020-06-25 05:37:13', 39),
(157, 0, 'new-updated2', 28, '22', 0, 0, 0, 1, '2020-06-23 04:18:28', '2020-06-25 05:37:13', 39),
(158, 1, 'Ff', 0, '', 0, 0, 0, 1, '2020-06-23 09:31:35', '2020-06-23 09:31:35', 40),
(159, 1, 'ww', 0, '', 0, 0, 0, 1, '2020-06-23 10:22:01', '2020-06-23 10:22:01', 41),
(160, 0, 'ww', 23, '2', 0, 0, 0, 1, '2020-06-23 10:22:01', '2020-06-23 10:22:01', 41),
(161, 0, 'ttt', 23, '3', 0, 0, 0, 1, '2020-06-23 10:22:01', '2020-06-23 10:22:01', 41),
(162, 0, 'check', 23, '1', 0, 0, 0, 1, '2020-06-23 10:22:01', '2020-06-23 10:22:01', 41),
(163, 1, 'ww', 0, '', 0, 0, 0, 1, '2020-06-23 13:00:32', '2020-06-23 13:00:32', 42),
(164, 0, 'ww', 23, '2', 0, 0, 0, 1, '2020-06-23 13:00:32', '2020-06-23 13:00:32', 42),
(165, 0, 'ttt', 23, '3', 0, 0, 0, 1, '2020-06-23 13:00:32', '2020-06-23 13:00:32', 42),
(166, 0, 'check', 23, '1', 0, 0, 0, 1, '2020-06-23 13:00:32', '2020-06-23 13:00:32', 42),
(167, 1, 'rhejeheh', 0, '', 0, 0, 0, 1, '2020-06-24 10:56:48', '2020-06-24 10:56:48', 43),
(168, 0, 'shshs', 25, '1', 0, 0, 0, 1, '2020-06-24 10:56:48', '2020-06-24 10:56:48', 43),
(169, 1, 'wheheheh', 0, '', 0, 0, 0, 1, '2020-06-24 10:58:06', '2020-06-24 10:58:06', 44),
(170, 1, 'ww', 0, '', 0, 0, 0, 1, '2020-06-24 11:04:54', '2020-06-24 11:04:54', 45),
(171, 0, 'ww', 23, '2', 0, 0, 0, 1, '2020-06-24 11:04:54', '2020-06-24 11:04:54', 45),
(172, 0, 'ttt', 23, '3', 0, 0, 0, 1, '2020-06-24 11:04:54', '2020-06-24 11:04:54', 45),
(173, 0, 'check', 23, '1', 0, 0, 0, 1, '2020-06-24 11:04:54', '2020-06-24 11:04:54', 45),
(174, 1, 'NewUser', 0, '', 0, 0, 0, 1, '2020-06-24 11:09:46', '2020-06-24 11:09:46', 46),
(175, 0, 'riya', 12, '2', 0, 0, 0, 1, '2020-06-24 11:09:46', '2020-06-25 11:11:52', 46),
(176, 1, 'Sbsbsbsb', 0, '', 0, 0, 0, 1, '2020-06-24 11:11:11', '2020-06-24 11:11:11', 47),
(177, 1, 'user', 0, '', 0, 0, 0, 1, '2020-06-24 11:24:59', '2020-06-24 11:24:59', 48),
(178, 0, 'Riya', 12, '3', 0, 0, 0, 1, '2020-06-24 11:24:59', '2020-06-24 11:24:59', 48),
(179, 1, 'ajay', 0, '', 0, 0, 0, 1, '2020-06-24 11:36:13', '2020-06-24 11:36:13', 49),
(180, 0, 'asd', 8, '4', 0, 0, 0, 1, '2020-06-24 11:36:13', '2020-06-24 11:36:13', 49),
(181, 1, 'ww', 0, '', 0, 0, 0, 1, '2020-06-24 11:41:47', '2020-06-24 11:41:47', 50),
(182, 0, 'ww', 23, '2', 0, 0, 0, 1, '2020-06-24 11:41:47', '2020-06-24 11:41:47', 50),
(183, 0, 'ttt', 23, '3', 0, 0, 0, 1, '2020-06-24 11:41:47', '2020-06-24 11:41:47', 50),
(184, 0, 'check', 23, '1', 0, 0, 0, 1, '2020-06-24 11:41:47', '2020-06-24 11:41:47', 50),
(185, 1, 'A', 0, '', 0, 0, 0, 1, '2020-06-24 12:15:09', '2020-06-24 12:15:09', 51),
(186, 1, '                          ajay', 0, '', 0, 0, 0, 1, '2020-06-24 12:23:20', '2020-06-24 12:23:20', 52),
(187, 1, '                                               anajjajajajajajaja', 0, '', 0, 0, 0, 1, '2020-06-24 12:27:42', '2020-06-24 12:27:42', 53),
(188, 0, '                                                    anjanananajaj', 8, '2', 0, 0, 0, 1, '2020-06-24 12:27:42', '2020-06-30 16:18:57', 53),
(189, 1, 'Sweet', 1, '2', 20, 0, 0, 1, '2020-06-24 12:56:14', '2020-07-20 10:01:27', 54),
(191, 1, 'hajahba shameq', 0, '', 0, 0, 0, 1, '2020-06-24 14:30:13', '2020-06-24 14:30:13', 55),
(192, 0, 'asdo', 5, '2', 0, 0, 0, 1, '2020-06-24 14:30:13', '2020-06-24 14:30:13', 55),
(193, 1, 'Qwe', 0, '', 0, 0, 0, 1, '2020-06-25 03:11:18', '2020-06-25 03:11:18', 56),
(194, 0, '12333334', 1, '2', 0, 0, 0, 1, '2020-06-25 03:11:18', '2020-06-25 03:11:18', 56),
(195, 1, 'Gyfu', 0, '', 0, 0, 0, 1, '2020-06-25 05:06:52', '2020-06-25 05:06:52', 57),
(196, 1, 'Hfufu', 0, '', 0, 0, 0, 1, '2020-06-25 05:08:46', '2020-06-25 05:08:46', 58),
(197, 0, 'Fggd', 2, '3', 0, 0, 0, 1, '2020-06-25 05:08:46', '2020-06-25 05:08:46', 58),
(198, 1, 'Asd', 0, '', 0, 0, 0, 1, '2020-06-25 05:23:07', '2020-06-25 05:23:07', 59),
(199, 0, '                             ,,,,,+222^#^##^#;;@@:;@;@;@;@;@;@', 6, '2', 0, 0, 0, 1, '2020-06-25 05:23:07', '2020-06-25 05:23:07', 59),
(200, 0, '                  %-*$-*$-*$-*$*-$(-%%\'lxglxglxglxgl', 6, '3', 0, 0, 0, 1, '2020-06-25 05:23:07', '2020-06-25 05:23:07', 59),
(201, 1, 'ww', 0, '', 0, 0, 0, 1, '2020-06-25 05:27:21', '2020-06-25 05:27:21', 60),
(202, 0, 'ww', 23, '2', 0, 0, 0, 1, '2020-06-25 05:27:21', '2020-06-25 05:27:21', 60),
(203, 0, 'ttt', 23, '3', 0, 0, 0, 1, '2020-06-25 05:27:21', '2020-06-25 05:27:21', 60),
(204, 0, 'check', 23, '1', 0, 0, 0, 1, '2020-06-25 05:27:21', '2020-06-25 05:27:21', 60),
(205, 1, 'Vikas', 0, '', 30, 0, 0, 1, '2020-06-25 05:35:03', '2020-07-13 09:55:59', 61),
(206, 0, 'Child', 5, '1', 20, 0, 0, 1, '2020-06-25 05:35:03', '2020-07-17 08:50:25', 61),
(207, 1, 'Ajay', 0, '', 0, 0, 0, 1, '2020-06-25 06:03:45', '2020-06-25 06:03:45', 62),
(208, 0, 'Aha', 5, '1', 0, 0, 0, 1, '2020-06-25 06:03:45', '2020-06-25 06:03:45', 62),
(211, 1, 'shejeh', 0, '', 0, 0, 0, 1, '2020-06-25 09:03:44', '2020-06-25 09:03:44', 63),
(212, 1, 'djdjdj', 0, '', 0, 0, 0, 1, '2020-06-25 09:05:04', '2020-06-25 09:05:04', 64),
(213, 0, 'shs', 25, '1', 0, 0, 0, 1, '2020-06-25 09:05:04', '2020-06-25 09:05:04', 64),
(214, 0, 'shehp', 25, '2', 0, 0, 0, 1, '2020-06-25 09:05:04', '2020-06-25 09:05:04', 64),
(215, 1, 'Vikas', 0, '', 0, 0, 0, 1, '2020-06-25 09:28:00', '2020-06-25 09:28:00', 65),
(216, 0, 'Vvh', 52, '3', 0, 0, 0, 1, '2020-06-25 09:28:00', '2020-06-25 09:34:31', 65),
(217, 0, 'Ff', 25, '2', 0, 0, 0, 1, '2020-06-25 09:31:21', '2020-06-25 09:31:21', 65),
(218, 0, 'Ff', 52, '2', 0, 0, 0, 1, '2020-06-25 09:34:14', '2020-06-25 09:34:14', 65),
(219, 0, 'Ff', 52, '2', 0, 0, 0, 1, '2020-06-25 09:34:31', '2020-06-25 09:34:31', 65),
(220, 0, 'thfghfg', 12, '2', 0, 0, 0, 1, '2020-06-25 11:05:16', '2020-06-25 11:11:52', 46),
(221, 0, 'bablu', 5, '3', 0, 0, 0, 1, '2020-06-25 11:11:52', '2020-06-25 11:11:52', 46),
(222, 0, 'Gy', 25, '3', 0, 0, 0, 1, '2020-06-25 11:16:05', '2020-06-25 11:16:05', 16),
(223, 1, 'Vipin', 0, '', 0, 0, 0, 1, '2020-06-26 07:30:50', '2020-06-26 07:30:50', 66),
(224, 0, 'Ty', 56, '3', 0, 0, 0, 1, '2020-06-26 07:30:50', '2020-06-26 07:31:49', 66),
(225, 0, 'Yg', 23, '3', 0, 0, 0, 1, '2020-06-26 07:30:50', '2020-06-26 07:31:49', 66),
(226, 0, 'Gg', 3, '3', 0, 0, 0, 1, '2020-06-26 07:31:49', '2020-06-26 07:31:49', 66),
(227, 1, 'new', 0, '', 0, 0, 0, 1, '2020-06-26 09:38:36', '2020-06-26 09:38:36', 67),
(228, 0, 'check', 24, '1', 0, 0, 0, 1, '2020-06-26 09:38:36', '2020-06-26 09:38:36', 67),
(229, 1, 'Aja', 0, '', 0, 0, 0, 1, '2020-06-26 10:39:05', '2020-06-26 10:39:05', 68),
(230, 0, 'Toy', 9, '2', 0, 0, 0, 1, '2020-06-26 10:39:05', '2020-06-26 10:39:05', 68),
(231, 1, 'Turn', 0, '', 0, 0, 0, 1, '2020-06-26 10:41:22', '2020-06-26 10:41:22', 69),
(232, 0, 'Toy', 8, '3', 0, 0, 0, 1, '2020-06-26 10:41:22', '2020-06-26 10:45:04', 69),
(233, 0, 'Shub', 8, '2', 0, 0, 0, 1, '2020-06-26 10:44:45', '2020-06-26 10:45:04', 69),
(234, 0, 'Toy', 6, '4', 0, 0, 0, 1, '2020-06-26 10:45:04', '2020-06-26 10:45:04', 69),
(235, 1, 'DOREMON', 1, '2', 40, 0, 0, 1, '2020-06-26 11:00:11', '2020-07-27 09:50:07', 70),
(236, 0, 'vikas', 8, '2', 0, 0, 0, 1, '2020-06-26 11:00:11', '2020-06-26 11:19:57', 70),
(238, 1, 'vidhi', 0, '', 0, 0, 0, 1, '2020-06-26 11:37:14', '2020-06-26 11:37:14', 71),
(239, 0, 'Riya', 12, '2', 0, 0, 0, 1, '2020-06-26 11:37:56', '2020-06-26 11:37:56', 71),
(240, 1, 'NJ', 0, '', 25, 0, 0, 1, '2020-06-26 12:13:11', '2020-07-11 00:41:00', 72),
(241, 1, 'shehsheh', 0, '', 0, 0, 0, 1, '2020-06-26 12:43:50', '2020-06-26 12:43:50', 73),
(242, 1, 'sheheh', 0, '', 0, 0, 0, 1, '2020-06-26 12:48:07', '2020-06-26 12:48:07', 74),
(243, 1, 'wisedad', 0, '', 0, 0, 0, 1, '2020-06-26 12:56:40', '2020-06-26 12:56:40', 75),
(244, 1, 'Navjot', 0, '', 0, 0, 0, 1, '2020-06-27 06:28:20', '2020-06-27 06:28:20', 76),
(245, 1, 'wise', 0, '', 0, 0, 0, 1, '2020-06-27 18:28:38', '2020-06-27 18:28:38', 77),
(246, 1, 'shehehhe', 0, '', 0, 0, 0, 1, '2020-06-27 20:10:39', '2020-06-27 20:10:39', 78),
(247, 1, 'sheheh', 0, '', 0, 0, 0, 1, '2020-06-27 20:32:27', '2020-06-27 20:32:27', 79),
(248, 1, 'whssh', 0, '', 0, 0, 0, 1, '2020-06-27 20:34:43', '2020-06-27 20:34:43', 80),
(249, 1, 'A', 0, '', 0, 0, 0, 1, '2020-06-30 05:58:02', '2020-06-30 05:58:02', 81),
(250, 0, 'Aa', 5, '2', 0, 0, 0, 1, '2020-06-30 05:58:02', '2020-06-30 05:58:02', 81),
(251, 1, 'call', 0, '', 0, 0, 0, 1, '2020-06-30 05:58:09', '2020-06-30 05:58:09', 82),
(252, 1, 'Brown boy', 0, '', 0, 0, 0, 1, '2020-06-30 06:29:14', '2020-06-30 06:29:14', 83),
(253, 0, 'Test', 6, '4', 0, 0, 0, 1, '2020-06-30 06:29:14', '2020-06-30 09:37:50', 83),
(254, 1, 'Aaa', 0, '', 0, 0, 0, 1, '2020-06-30 06:34:02', '2020-06-30 06:34:02', 84),
(255, 0, 'Test', 6, '2', 0, 0, 0, 1, '2020-06-30 06:34:02', '2020-06-30 06:34:02', 84),
(256, 1, 'bro', 1, '3', 40, 0, 0, 1, '2020-06-30 06:37:12', '2020-07-27 10:50:30', 85),
(257, 0, 'kid', 99, '2', 0, 0, 0, 1, '2020-06-30 06:37:12', '2020-07-27 10:59:00', 85),
(258, 1, 'Test', 0, '', 0, 0, 0, 1, '2020-06-30 06:49:22', '2020-06-30 06:49:22', 86),
(259, 0, 'Test', 6, '1', 0, 0, 0, 1, '2020-06-30 06:49:22', '2020-06-30 06:49:22', 86),
(260, 0, 'Test one', 9, '1', 0, 0, 0, 1, '2020-06-30 06:49:22', '2020-06-30 06:49:22', 86),
(261, 1, 'Power ranger', 0, '', 0, 0, 0, 1, '2020-06-30 06:49:22', '2020-06-30 06:49:22', 87),
(262, 1, 'Fgj', 0, '', 0, 0, 0, 1, '2020-06-30 07:33:54', '2020-06-30 07:33:54', 88),
(263, 0, 'Dfgh', 25, '3', 0, 0, 0, 1, '2020-06-30 07:33:54', '2020-06-30 07:33:54', 88),
(264, 1, 'Vipinn', 0, '', 0, 0, 0, 1, '2020-06-30 07:39:08', '2020-06-30 07:39:08', 89),
(265, 0, 'Fgh', 25, '3', 0, 0, 0, 1, '2020-06-30 07:39:08', '2020-06-30 11:47:38', 89),
(266, 0, 'F', 25, '2', 0, 0, 0, 1, '2020-06-30 08:00:03', '2020-06-30 11:47:38', 89),
(267, 1, 'cell', 0, '', 0, 0, 0, 1, '2020-06-30 09:22:44', '2020-06-30 09:22:44', 90),
(268, 1, 'Tik', 0, '', 0, 0, 0, 1, '2020-06-30 09:22:46', '2020-06-30 09:22:46', 91),
(269, 0, 'Kum', 9, '2', 0, 0, 0, 1, '2020-06-30 09:22:46', '2020-06-30 11:23:35', 91),
(270, 1, 'Vvf', 0, '', 0, 0, 0, 1, '2020-06-30 09:44:16', '2020-06-30 09:44:16', 92),
(271, 0, 'Xgu', 25, '2', 0, 0, 0, 1, '2020-06-30 09:44:16', '2020-06-30 09:44:16', 92),
(272, 1, 'ww', 0, '', 0, 0, 0, 1, '2020-06-30 10:28:21', '2020-06-30 10:28:21', 93),
(273, 0, 'ww', 23, '2', 0, 0, 0, 1, '2020-06-30 10:28:21', '2020-06-30 10:28:21', 93),
(274, 0, 'ttt', 23, '3', 0, 0, 0, 1, '2020-06-30 10:28:21', '2020-06-30 10:28:21', 93),
(275, 0, 'check', 23, '1', 0, 0, 0, 1, '2020-06-30 10:28:21', '2020-06-30 10:28:21', 93),
(276, 0, 'godasld', 29, '2', 0, 0, 0, 1, '2020-06-30 11:46:57', '2020-06-30 11:46:57', 89),
(277, 1, 'Vijayy', 0, '', 0, 0, 0, 1, '2020-06-30 11:52:08', '2020-06-30 11:52:08', 94),
(278, 0, 'Dgh', 25, '3', 0, 0, 0, 1, '2020-06-30 11:52:08', '2020-06-30 12:00:06', 94),
(279, 0, 'godasld', 29, '2', 0, 0, 0, 1, '2020-06-30 11:56:17', '2020-06-30 11:56:17', 89),
(280, 0, 'Ggh', 63, '2', 0, 0, 0, 1, '2020-06-30 12:07:09', '2020-06-30 12:07:09', 94),
(281, 0, 'Gyu', 25, '3', 0, 0, 0, 1, '2020-06-30 12:10:00', '2020-06-30 12:10:00', 94),
(282, 0, 'Komkom', 9, '3', 0, 0, 0, 1, '2020-06-30 12:14:15', '2020-06-30 12:14:15', 91),
(283, 0, 'Komkom', 9, '3', 0, 0, 0, 1, '2020-06-30 12:14:15', '2020-06-30 12:14:15', 91),
(284, 1, 'Tichh', 0, '', 0, 0, 0, 1, '2020-06-30 12:16:51', '2020-06-30 12:16:51', 95),
(285, 0, 'Hello', 6, '2', 0, 0, 0, 1, '2020-06-30 12:17:15', '2020-06-30 12:17:15', 95),
(286, 0, 'Double', 5, '4', 0, 0, 0, 1, '2020-06-30 12:19:30', '2020-06-30 12:19:30', 95),
(287, 0, 'Double', 5, '4', 0, 0, 0, 1, '2020-06-30 12:19:30', '2020-06-30 12:19:30', 95),
(288, 1, 'Fyi', 0, '', 0, 0, 0, 1, '2020-06-30 12:28:20', '2020-06-30 12:28:20', 96),
(289, 0, 'Fyi', 53, '3', 0, 0, 0, 1, '2020-06-30 12:28:20', '2020-06-30 12:28:20', 96),
(290, 0, 'Fgy', 5, '4', 0, 0, 0, 1, '2020-06-30 12:28:52', '2020-06-30 12:28:52', 96),
(291, 0, 'Fgy', 5, '4', 0, 0, 0, 1, '2020-06-30 12:28:52', '2020-06-30 12:28:52', 96),
(292, 0, 'Fgy', 5, '4', 0, 0, 0, 1, '2020-06-30 12:28:52', '2020-06-30 12:28:52', 96),
(293, 0, 'Fgy', 5, '4', 0, 0, 0, 1, '2020-06-30 12:28:52', '2020-06-30 12:28:52', 96),
(294, 0, 'Fgy', 5, '4', 0, 0, 0, 1, '2020-06-30 12:28:52', '2020-06-30 12:28:52', 96),
(295, 0, 'Fgy', 5, '4', 0, 0, 0, 1, '2020-06-30 12:28:52', '2020-06-30 12:28:52', 96),
(296, 0, 'Fgy', 5, '4', 0, 0, 0, 1, '2020-06-30 12:28:52', '2020-06-30 12:28:52', 96),
(297, 0, 'Fgy', 5, '4', 0, 0, 0, 1, '2020-06-30 12:28:53', '2020-06-30 12:28:53', 96),
(298, 0, 'Fgy', 5, '4', 0, 0, 0, 1, '2020-06-30 12:28:53', '2020-06-30 12:28:53', 96),
(299, 0, 'Fgy', 5, '4', 0, 0, 0, 1, '2020-06-30 12:28:53', '2020-06-30 12:28:53', 96),
(300, 0, 'Fgy', 5, '4', 0, 0, 0, 1, '2020-06-30 12:28:53', '2020-06-30 12:28:53', 96),
(301, 0, 'Fgy', 5, '4', 0, 0, 0, 1, '2020-06-30 12:28:53', '2020-06-30 12:28:53', 96),
(302, 0, 'Fgy', 5, '4', 0, 0, 0, 1, '2020-06-30 12:28:53', '2020-06-30 12:28:53', 96),
(303, 0, 'Fgy', 5, '4', 0, 0, 0, 1, '2020-06-30 12:28:53', '2020-06-30 12:28:53', 96),
(304, 0, 'Fgy', 5, '4', 0, 0, 0, 1, '2020-06-30 12:28:54', '2020-06-30 12:28:54', 96),
(305, 0, 'Fgy', 5, '4', 0, 0, 0, 1, '2020-06-30 12:28:54', '2020-06-30 12:28:54', 96),
(306, 0, 'Fgy', 5, '4', 0, 0, 0, 1, '2020-06-30 12:28:54', '2020-06-30 12:28:54', 96),
(307, 0, 'Fgy', 5, '4', 0, 0, 0, 1, '2020-06-30 12:28:55', '2020-06-30 12:28:55', 96),
(308, 1, 'Vgh', 0, '', 0, 0, 0, 1, '2020-06-30 12:34:48', '2020-06-30 12:34:48', 97),
(309, 0, 'Gyy', 5, '2', 0, 0, 0, 1, '2020-06-30 12:34:48', '2020-06-30 12:34:48', 97),
(310, 0, 'Kimmi', 1, '2', 0, 0, 0, 1, '2020-06-30 12:35:12', '2020-07-01 10:24:39', 97),
(311, 0, 'Ggy', 53, '4', 0, 0, 0, 1, '2020-06-30 12:35:32', '2020-06-30 12:35:32', 97),
(312, 1, 'tester', 0, '', 0, 0, 0, 1, '2020-06-30 13:43:00', '2020-06-30 13:43:00', 98),
(313, 0, 'Riya', 12, '2', 0, 0, 0, 1, '2020-06-30 13:43:00', '2020-06-30 15:26:54', 98),
(314, 0, 'Bablu', 12, '3', 0, 0, 0, 1, '2020-06-30 15:16:54', '2020-06-30 15:26:54', 98),
(315, 0, 'dsfdsg', 33, '1', 0, 0, 0, 1, '2020-06-30 15:26:54', '2020-06-30 15:26:54', 98),
(316, 1, 'tester', 0, '', 0, 0, 0, 1, '2020-06-30 15:28:58', '2020-06-30 15:28:58', 99),
(317, 0, 'Alka saini', 20, '2', 0, 0, 0, 1, '2020-06-30 15:30:50', '2020-07-01 07:38:06', 99),
(318, 0, 'Virat', 15, '4', 0, 0, 0, 1, '2020-06-30 15:31:04', '2020-07-01 07:11:21', 99),
(319, 0, 'Supriya', 12, '2', 0, 0, 0, 1, '2020-06-30 15:43:53', '2020-07-01 07:10:52', 99),
(320, 0, 'tpy', 6, '4', 0, 0, 0, 1, '2020-06-30 16:18:57', '2020-06-30 16:18:57', 53),
(321, 1, 'asdf', 0, '', 55, 0, 0, 1, '2020-06-30 16:22:42', '2020-07-27 12:04:49', 100),
(322, 0, 'shiv', 8, '2', 0, 0, 0, 1, '2020-06-30 16:22:42', '2020-06-30 16:25:55', 100),
(323, 0, 'bindu', 9, '3', 20, 0, 0, 1, '2020-06-30 16:25:55', '2020-07-27 11:33:43', 100),
(324, 1, 'ww', 0, '', 0, 0, 0, 1, '2020-07-01 07:14:06', '2020-07-01 07:14:06', 101),
(325, 0, 'ww', 23, '2', 0, 0, 0, 1, '2020-07-01 07:14:06', '2020-07-01 07:14:06', 101),
(326, 0, 'ttt', 23, '3', 0, 0, 0, 1, '2020-07-01 07:14:06', '2020-07-01 07:14:06', 101),
(327, 0, 'check', 23, '1', 0, 0, 0, 1, '2020-07-01 07:14:06', '2020-07-01 07:14:06', 101),
(328, 1, 'dummy', 0, '', 0, 0, 0, 1, '2020-07-01 07:19:24', '2020-07-01 07:19:24', 102),
(329, 0, 'dsgdsg', 12, '1', 0, 0, 0, 1, '2020-07-01 07:19:24', '2020-07-01 07:19:24', 102),
(330, 0, 'Pinky moge wali', 15, '2', 0, 0, 0, 1, '2020-07-01 07:20:01', '2020-07-01 10:48:03', 102),
(331, 1, 'Hbhbbhbhbugyf', 0, '', 0, 0, 0, 1, '2020-07-01 11:48:35', '2020-07-01 11:48:35', 103),
(332, 0, 'Fazel', 9, '1', 0, 0, 0, 1, '2020-07-01 11:48:35', '2020-07-01 11:48:35', 103),
(333, 1, 'Fgh', 0, '', 0, 0, 0, 1, '2020-07-01 12:39:33', '2020-07-01 12:39:33', 104),
(334, 0, 'Ashu', 9, '2', 0, 0, 0, 1, '2020-07-01 13:20:06', '2020-07-01 13:20:06', 90),
(335, 1, 'kamal', 0, '', 0, 0, 0, 1, '2020-07-02 06:24:02', '2020-07-02 06:24:02', 105),
(336, 0, 'kunal', 12, '1', 0, 0, 0, 1, '2020-07-02 06:24:02', '2020-07-02 06:24:02', 105),
(337, 1, 'kamal chopra', 0, '3', 0, 1, 0, 1, '2020-07-02 06:33:55', '2020-07-06 10:10:48', 106),
(338, 0, 'Krishna', 22, '4', 0, 0, 0, 1, '2020-07-02 06:33:55', '2020-07-06 08:09:56', 106),
(339, 1, 'Rahul deora', 0, '', 0, 0, 0, 1, '2020-07-02 09:03:07', '2020-07-02 09:03:07', 107),
(340, 0, 'amn', 55, '3', 0, 0, 0, 1, '2020-07-02 09:03:07', '2020-07-02 09:13:59', 107),
(341, 0, 'sanjay', 99, '4', 0, 0, 0, 1, '2020-07-02 09:03:07', '2020-07-02 09:16:17', 107),
(342, 0, 'sourabh', 25, '2', 0, 0, 0, 1, '2020-07-02 09:03:07', '2020-07-02 10:12:13', 107),
(343, 1, 'pankaj sharma', 0, '', 0, 0, 0, 1, '2020-07-02 10:54:17', '2020-07-02 10:54:17', 108),
(344, 0, 'gvnh', 42, '2', 0, 0, 0, 1, '2020-07-02 10:54:17', '2020-07-02 10:54:17', 108),
(345, 0, 'cuc', 86, '2', 0, 0, 0, 1, '2020-07-02 10:54:17', '2020-07-02 10:54:17', 108),
(346, 0, 'gh', 22, '2', 0, 0, 0, 1, '2020-07-02 11:01:51', '2020-07-02 11:01:51', 108),
(347, 1, 'Ashish', 0, '', 0, 0, 0, 1, '2020-07-02 12:18:17', '2020-07-02 12:18:17', 109),
(348, 0, 'Amn', 1, '1', 0, 0, 0, 1, '2020-07-02 12:18:17', '2020-07-02 12:23:59', 109),
(349, 0, 'Viboo', 10, '3', 0, 0, 0, 1, '2020-07-02 12:34:04', '2020-07-02 12:34:04', 109),
(350, 0, 'Purohy', 18, '2', 0, 0, 0, 1, '2020-07-02 13:09:26', '2020-07-06 10:05:31', 106),
(351, 1, 'Praveen', 0, '', 0, 0, 0, 1, '2020-07-03 11:57:04', '2020-07-03 11:57:04', 110),
(352, 0, 'Tumm', 15, '4', 0, 0, 0, 1, '2020-07-03 11:57:04', '2020-07-03 12:11:22', 110),
(353, 0, 'Tumm', 85, '3', 0, 0, 0, 1, '2020-07-03 11:57:04', '2020-07-03 12:11:32', 110),
(354, 0, 'Tumm', 75, '2', 0, 0, 0, 1, '2020-07-03 11:57:04', '2020-07-03 12:11:35', 110),
(355, 1, 'Praveen', 0, '', 0, 0, 0, 1, '2020-07-03 12:28:52', '2020-07-03 12:28:52', 111),
(356, 0, 'Childgg', 5, '4', 0, 0, 0, 1, '2020-07-03 12:33:13', '2020-07-03 12:45:39', 111),
(357, 0, 'Cggh', 85, '2', 0, 0, 0, 1, '2020-07-03 12:42:08', '2020-07-03 12:42:08', 111),
(358, 0, 'Gdgjd', 85, '4', 0, 1, 0, 1, '2020-07-03 12:42:57', '2020-07-03 12:46:10', 111),
(359, 0, 'Geg', 64, '2', 0, 1, 0, 1, '2020-07-03 13:09:19', '2020-07-06 10:12:13', 106),
(360, 1, 'paras', 0, '', 0, 1, 0, 1, '2020-07-04 08:33:55', '2020-07-04 08:53:09', 112),
(361, 0, 'hff', 5, '1', 0, 0, 0, 1, '2020-07-04 08:33:55', '2020-07-04 08:33:55', 112),
(362, 0, 'j', 58, '2', 0, 0, 0, 1, '2020-07-04 08:33:55', '2020-07-04 08:33:55', 112),
(363, 0, 'gf', 8, '3', 0, 0, 0, 1, '2020-07-04 08:33:55', '2020-07-04 08:33:55', 112),
(364, 1, 'Chabra', 0, '', 0, 0, 0, 1, '2020-07-04 08:36:00', '2020-07-04 08:36:00', 113),
(365, 0, 'Hgh', 58, '1', 0, 0, 0, 1, '2020-07-04 08:36:00', '2020-07-04 08:36:00', 113),
(366, 0, 'Ghf', 9, '2', 0, 0, 0, 1, '2020-07-04 08:36:00', '2020-07-04 08:36:00', 113),
(367, 0, 'Bfj', 7, '3', 0, 1, 0, 1, '2020-07-04 08:36:00', '2020-07-04 08:52:49', 113),
(368, 1, 'par', 0, '', 0, 1, 0, 1, '2020-07-04 09:57:45', '2020-07-04 09:57:59', 114),
(369, 0, 'c', 42, '', 0, 0, 0, 1, '2020-07-04 09:59:08', '2020-07-04 09:59:08', 114),
(370, 1, 'vjbrjw', 1, '1', 55, 0, 0, 1, '2020-07-04 22:04:57', '2020-07-25 02:13:13', 115),
(371, 0, 'vbr', 9, '2', 65, 1, 0, 1, '2020-07-04 22:04:57', '2020-07-25 02:12:26', 115),
(372, 1, 'sheheh', 0, '', 0, 0, 0, 1, '2020-07-05 19:57:11', '2020-07-05 19:57:11', 116),
(373, 1, 'minal', 0, '', 0, 0, 0, 1, '2020-07-06 07:18:49', '2020-07-06 07:18:49', 117),
(374, 1, 'Kate', 0, '', 0, 0, 0, 1, '2020-07-06 08:44:15', '2020-07-06 08:44:15', 118),
(375, 0, 'Asa', 6, '1', 0, 0, 0, 1, '2020-07-06 08:44:15', '2020-07-06 08:44:15', 118),
(376, 1, 'Sanchit', 0, '', 0, 0, 0, 1, '2020-07-06 09:27:44', '2020-07-06 09:27:44', 119),
(377, 0, 'sa', 48, '3', 0, 0, 0, 1, '2020-07-06 09:27:44', '2020-07-06 09:27:44', 119),
(378, 0, 'nc', 87, '', 0, 0, 0, 1, '2020-07-06 09:27:44', '2020-07-06 09:27:44', 119),
(379, 1, 'Abey', 0, '', 0, 0, 0, 1, '2020-07-06 09:32:26', '2020-07-06 09:32:26', 120),
(380, 0, 'Abey', 45, '3', 0, 0, 0, 1, '2020-07-06 09:32:26', '2020-07-06 09:32:26', 120),
(381, 0, 'Hjc', 37, '4', 0, 0, 0, 1, '2020-07-06 09:32:26', '2020-07-06 09:32:26', 120),
(382, 0, 'xjx', 85, '2', 0, 0, 0, 1, '2020-07-06 09:32:26', '2020-07-06 09:32:26', 120),
(383, 1, 'Vimal', 0, '', 0, 0, 0, 1, '2020-07-06 09:36:34', '2020-07-06 09:36:34', 121),
(384, 0, 'Childo', 13, '4', 0, 0, 0, 1, '2020-07-06 09:36:34', '2020-07-06 09:36:34', 121),
(385, 0, 'Childt', 23, '3', 0, 0, 0, 1, '2020-07-06 09:36:34', '2020-07-06 09:36:34', 121),
(386, 1, 'Ghhjjj', 0, '4', 65, 0, 0, 1, '2020-07-06 09:42:49', '2020-07-14 09:44:40', 122),
(387, 0, 'Ybbyybyb', 6, '1', 0, 0, 0, 1, '2020-07-06 09:42:49', '2020-07-06 10:11:12', 122),
(388, 1, 'smile', 0, '', 0, 0, 0, 1, '2020-07-06 09:48:11', '2020-07-06 09:48:11', 123),
(389, 1, 'Rohin', 0, '', 0, 0, 0, 1, '2020-07-06 09:51:02', '2020-07-06 09:51:02', 124),
(390, 0, 'Childo', 11, '4', 0, 0, 0, 1, '2020-07-06 09:51:02', '2020-07-06 09:51:02', 124),
(391, 0, 'Childt', 12, '1', 0, 0, 0, 1, '2020-07-06 09:51:02', '2020-07-06 09:51:02', 124),
(392, 0, 'Childth', 10, '3', 0, 0, 0, 1, '2020-07-06 09:51:02', '2020-07-06 09:51:02', 124),
(393, 1, 'Sahil', 0, '', 0, 0, 0, 1, '2020-07-06 09:56:35', '2020-07-06 09:56:57', 125),
(394, 1, 'shreyy', 0, '', 0, 1, 0, 1, '2020-07-06 10:31:11', '2020-07-06 10:58:39', 126),
(395, 0, 'Childo', 42, '3', 0, 0, 0, 1, '2020-07-06 11:00:33', '2020-07-06 11:00:33', 126),
(396, 0, 'childT', 42, '', 0, 0, 0, 1, '2020-07-06 11:01:17', '2020-07-06 11:01:17', 126),
(397, 0, 'childth', 4, '3', 0, 0, 0, 1, '2020-07-06 11:01:47', '2020-07-06 11:01:47', 126),
(398, 1, 'varun', 0, '', 0, 0, 0, 1, '2020-07-06 11:30:34', '2020-07-06 11:30:34', 127),
(399, 0, 'childo', 12, '4', 0, 0, 0, 1, '2020-07-06 11:30:34', '2020-07-06 11:30:34', 127),
(400, 0, 'childth', 13, '4', 0, 0, 0, 1, '2020-07-06 11:34:00', '2020-07-06 11:34:00', 127),
(401, 0, 'childth', 42, '4', 0, 0, 0, 1, '2020-07-06 11:34:28', '2020-07-06 11:34:28', 127),
(402, 1, 'manik', 0, '', 0, 0, 0, 1, '2020-07-06 12:14:47', '2020-07-06 12:29:52', 128),
(403, 0, 'gj', 52, '', 0, 1, 0, 1, '2020-07-06 12:18:12', '2020-07-06 12:29:55', 128),
(404, 0, 'ghu', 12, '', 0, 0, 0, 1, '2020-07-06 12:18:59', '2020-07-06 12:18:59', 128),
(405, 0, 'yyy', 2, '', 0, 0, 0, 1, '2020-07-06 12:20:17', '2020-07-06 12:20:17', 128),
(406, 1, 'piyush', 0, '', 0, 0, 0, 1, '2020-07-06 12:34:36', '2020-07-06 12:34:36', 129),
(407, 1, 'shubham', 0, '', 0, 0, 0, 1, '2020-07-06 12:50:44', '2020-07-06 12:50:44', 130),
(408, 0, 'childo', 12, '2', 0, 0, 0, 1, '2020-07-06 12:50:44', '2020-07-06 12:50:44', 130),
(409, 0, 'childh', 16, '4', 0, 0, 0, 1, '2020-07-06 12:50:44', '2020-07-06 12:50:44', 130),
(410, 1, 'rai', 0, '', 0, 0, 0, 1, '2020-07-06 12:53:50', '2020-07-06 12:53:50', 131),
(411, 0, 'vfg', 12, '', 0, 0, 0, 1, '2020-07-06 12:55:52', '2020-07-06 12:55:52', 131),
(412, 1, 'nitin', 0, '', 0, 0, 0, 1, '2020-07-06 13:00:16', '2020-07-06 13:00:27', 132),
(413, 1, 'Gbnj', 0, '', 0, 0, 0, 1, '2020-07-06 13:05:36', '2020-07-06 13:05:36', 133),
(414, 0, 'Bgj', 25, '2', 0, 0, 0, 1, '2020-07-06 13:05:36', '2020-07-06 13:05:36', 133),
(415, 1, 'parent', 0, '', 0, 0, 0, 1, '2020-07-06 13:18:06', '2020-07-06 13:18:06', 134),
(416, 1, 'Ajay', 0, '', 0, 0, 0, 1, '2020-07-06 13:19:29', '2020-07-06 13:19:29', 135),
(417, 0, 'Hff', 12, '1', 0, 0, 0, 1, '2020-07-06 13:19:29', '2020-07-06 13:19:29', 135),
(418, 1, 'vidhi', 1, '2', 0, 0, 0, 1, '2020-07-06 13:38:22', '2020-07-07 12:01:16', 136),
(419, 1, 'vipul', 0, '3', 0, 1, 0, 1, '2020-07-06 16:03:56', '2020-07-06 17:09:45', 137),
(420, 0, 'Ndnxjf gghs', 20, '3', 0, 1, 0, 1, '2020-07-06 16:19:35', '2020-07-06 17:13:17', 137),
(421, 0, 'wildntoe', 19, '3', 0, 1, 0, 1, '2020-07-06 16:19:59', '2020-07-06 17:13:23', 137),
(422, 0, 'jnj three', 20, '3', 0, 1, 0, 1, '2020-07-06 16:20:21', '2020-07-06 17:12:48', 137),
(423, 0, 'childA', 11, '', 0, 0, 0, 1, '2020-07-07 04:32:55', '2020-07-07 04:32:55', 136),
(424, 1, 'Narula', 0, '', 0, 0, 0, 1, '2020-07-07 06:16:50', '2020-07-07 06:28:03', 138),
(425, 0, 'child oo', 15, '', 0, 0, 0, 1, '2020-07-07 06:16:50', '2020-07-07 06:27:17', 138),
(426, 0, 'child tt', 42, '', 0, 0, 0, 1, '2020-07-07 06:16:50', '2020-07-07 06:16:50', 138),
(427, 1, 'Nk', 1, '1', 0, 0, 0, 1, '2020-07-07 06:21:50', '2020-07-07 06:24:38', 139),
(428, 0, 'gh', 21, '4', 0, 0, 0, 1, '2020-07-07 06:21:50', '2020-07-07 06:21:50', 139),
(429, 0, 'j', 2, '3', 0, 0, 0, 1, '2020-07-07 06:21:50', '2020-07-07 06:23:07', 139),
(430, 0, 'd', 1, '1', 0, 1, 0, 1, '2020-07-07 06:21:50', '2020-07-07 06:22:28', 139),
(431, 1, 'Sandeep', 0, '', 0, 0, 0, 1, '2020-07-07 06:55:55', '2020-07-07 06:55:55', 140),
(432, 0, 'Child ooo', 15, '0', 0, 0, 0, 1, '2020-07-07 06:55:55', '2020-07-07 06:55:55', 140),
(433, 0, 'Child ttt', 58, '0', 0, 0, 0, 1, '2020-07-07 06:55:55', '2020-07-07 06:55:55', 140),
(434, 1, 'Aditya', 0, '', 0, 0, 0, 1, '2020-07-07 06:58:14', '2020-07-07 06:58:14', 141),
(435, 0, 'Ske', 42, '2', 0, 1, 0, 1, '2020-07-07 06:58:14', '2020-07-07 06:59:11', 141),
(436, 0, 'Child two', 74, '4', 0, 0, 0, 1, '2020-07-07 06:58:14', '2020-07-07 06:58:14', 141),
(437, 0, 'Child three', 41, '3', 0, 0, 0, 1, '2020-07-07 06:58:14', '2020-07-07 07:00:06', 141),
(438, 1, 'Bisla', 0, '', 0, 0, 0, 1, '2020-07-07 07:05:23', '2020-07-07 07:05:23', 142),
(439, 0, 'Vshsjjsj', 45, '1', 0, 0, 0, 1, '2020-07-07 07:05:23', '2020-07-07 07:05:23', 142),
(440, 0, 'Hshsjaj', 75, '4', 0, 0, 0, 1, '2020-07-07 07:05:23', '2020-07-07 07:05:23', 142),
(441, 0, 'Hshsha', 57, '3', 0, 0, 0, 1, '2020-07-07 07:05:23', '2020-07-07 07:05:23', 142),
(442, 1, 'Bisla', 0, '', 0, 0, 0, 1, '2020-07-07 07:06:57', '2020-07-07 07:06:57', 143),
(443, 0, 'Urudd', 54, '4', 0, 0, 0, 1, '2020-07-07 07:06:57', '2020-07-07 07:06:57', 143),
(444, 0, 'Usus', 41, '3', 0, 0, 0, 1, '2020-07-07 07:06:57', '2020-07-07 07:06:57', 143),
(445, 1, 'Nakul', 0, '', 0, 0, 0, 1, '2020-07-07 07:09:02', '2020-07-07 07:09:02', 144),
(446, 0, 'Fhh', 21, '4', 0, 0, 0, 1, '2020-07-07 07:09:02', '2020-07-07 07:09:02', 144),
(447, 0, 'Yshsud', 54, '3', 0, 0, 0, 1, '2020-07-07 07:09:02', '2020-07-07 07:09:02', 144),
(448, 1, 'Vishu', 0, '', 0, 0, 0, 1, '2020-07-07 08:20:34', '2020-07-07 08:20:34', 145),
(449, 0, 'Hxhdu', 12, '3', 0, 0, 0, 1, '2020-07-07 08:20:34', '2020-07-07 08:20:34', 145),
(450, 0, 'Jdhfi', 64, '4', 0, 0, 0, 1, '2020-07-07 08:20:34', '2020-07-07 08:20:34', 145),
(451, 1, 'Vishu', 0, '', 0, 0, 0, 1, '2020-07-07 08:21:27', '2020-07-07 08:24:08', 146),
(452, 1, 'Vobuhoooh bhlhiihiih', 0, '', 0, 0, 0, 1, '2020-07-07 08:28:43', '2020-07-07 08:28:43', 147),
(453, 0, 'Yut', 88, '4', 0, 0, 0, 1, '2020-07-07 08:28:43', '2020-07-07 08:28:43', 147),
(454, 1, 'Srk', 0, '', 0, 0, 0, 1, '2020-07-07 10:37:11', '2020-07-07 10:37:11', 148),
(455, 0, 'gdfg', 45, '', 0, 0, 0, 1, '2020-07-07 10:37:11', '2020-07-07 10:37:11', 148),
(456, 0, 'chidB', 10, '', 0, 0, 0, 1, '2020-07-07 10:59:18', '2020-07-07 10:59:18', 136),
(457, 0, 'childC', 12, '', 0, 0, 0, 1, '2020-07-07 10:59:33', '2020-07-07 10:59:33', 136),
(458, 1, 'Admin', 0, '', 0, 0, 0, 1, '2020-07-07 12:55:01', '2020-07-07 12:55:01', 149),
(459, 0, 'Gyyy', 25, '3', 0, 0, 0, 1, '2020-07-07 12:55:01', '2020-07-07 12:55:01', 149),
(460, 0, 'Gyj', 25, '2', 0, 0, 0, 1, '2020-07-07 12:57:17', '2020-07-07 12:57:17', 149),
(461, 0, 'Gyj', 25, '2', 0, 0, 0, 1, '2020-07-07 13:03:08', '2020-07-07 13:03:08', 149),
(462, 1, 'Cupid', 0, '', 0, 0, 0, 1, '2020-07-07 13:09:37', '2020-07-07 13:09:37', 150),
(463, 0, 'Jfhfu', 44, '1', 0, 0, 0, 1, '2020-07-07 13:09:37', '2020-07-07 13:09:37', 150),
(464, 0, 'Usyskf', 6, '2', 0, 0, 0, 1, '2020-07-07 13:09:37', '2020-07-07 13:09:37', 150),
(465, 0, 'Udyd', 75, '3', 0, 0, 0, 1, '2020-07-07 13:09:37', '2020-07-07 13:09:37', 150),
(466, 1, 'Nishi', 0, '', 0, 0, 0, 1, '2020-07-07 13:12:46', '2020-07-07 13:12:46', 151),
(467, 0, 'Childd', 12, '4', 0, 0, 0, 1, '2020-07-07 13:12:46', '2020-07-07 13:12:46', 151),
(468, 0, 'Childdd', 42, '2', 0, 0, 0, 1, '2020-07-07 13:12:46', '2020-07-07 13:12:46', 151),
(469, 0, 'Childddd', 12, '3', 0, 0, 0, 1, '2020-07-07 13:12:46', '2020-07-07 13:12:46', 151),
(470, 1, 'Viney', 0, '', 0, 0, 0, 1, '2020-07-07 13:19:37', '2020-07-07 13:19:37', 152),
(471, 0, 'Gshh', 12, '2', 0, 0, 0, 1, '2020-07-07 13:19:37', '2020-07-07 13:19:37', 152),
(472, 0, 'Vhy', 15, '3', 0, 0, 0, 1, '2020-07-07 13:19:37', '2020-07-07 13:19:37', 152),
(473, 0, 'Fhtf', 22, '4', 0, 0, 0, 1, '2020-07-07 13:19:37', '2020-07-07 13:19:37', 152),
(474, 1, 'vish', 0, '', 0, 0, 0, 1, '2020-07-07 13:33:45', '2020-07-07 13:33:45', 153),
(475, 0, 'hxddu', 12, '', 0, 0, 0, 1, '2020-07-07 13:33:45', '2020-07-07 13:33:45', 153),
(476, 0, 'iddujx', 42, '', 0, 0, 0, 1, '2020-07-07 13:33:45', '2020-07-07 13:33:45', 153),
(477, 1, 'vishu', 0, '', 0, 0, 0, 1, '2020-07-07 13:42:59', '2020-07-07 13:42:59', 154),
(478, 0, 'alka', 11, '', 0, 0, 0, 1, '2020-07-07 13:42:59', '2020-07-07 13:42:59', 154),
(479, 1, 'jimmy', 0, '', 0, 0, 0, 1, '2020-07-07 13:46:06', '2020-07-07 13:46:06', 155),
(480, 0, 'hahah', 1, '2', 0, 0, 0, 1, '2020-07-07 13:46:06', '2020-07-07 13:46:06', 155),
(481, 0, 'vaba', 13, '1', 0, 0, 0, 1, '2020-07-07 13:46:06', '2020-07-07 13:46:06', 155),
(482, 0, 'gavzv', 15, '3', 0, 0, 0, 1, '2020-07-07 13:46:06', '2020-07-07 13:46:06', 155),
(483, 1, 'Fgy', 0, '', 0, 0, 0, 1, '2020-07-07 14:04:22', '2020-07-07 14:04:22', 156),
(484, 0, 'Fgg', 55, '2', 0, 0, 0, 1, '2020-07-07 14:04:22', '2020-07-07 14:04:22', 156),
(485, 0, 'Ggy', 52, '3', 0, 0, 0, 1, '2020-07-07 14:04:22', '2020-07-07 14:04:22', 156),
(486, 0, 'Tty', 85, '2', 0, 0, 0, 1, '2020-07-07 14:04:22', '2020-07-07 14:04:22', 156),
(487, 1, 'check', 0, '', 0, 0, 0, 1, '2020-07-07 14:04:31', '2020-07-07 14:04:31', 157),
(488, 0, 'New-Child', 24, '3', 0, 0, 0, 1, '2020-07-07 14:04:31', '2020-07-07 14:04:31', 157),
(489, 1, 'check', 0, '', 0, 0, 0, 1, '2020-07-07 14:06:47', '2020-07-07 14:06:47', 158),
(490, 0, 'New-Child', 24, '3', 0, 0, 0, 1, '2020-07-07 14:06:47', '2020-07-07 14:06:47', 158),
(491, 1, 'check', 0, '', 0, 0, 0, 1, '2020-07-07 14:07:08', '2020-07-07 14:07:08', 159),
(492, 0, 'New-Child', 24, '3', 0, 0, 0, 1, '2020-07-07 14:07:08', '2020-07-07 14:07:08', 159),
(493, 1, 'check', 0, '', 0, 0, 0, 1, '2020-07-07 14:08:09', '2020-07-07 14:08:09', 160),
(494, 0, 'New-Child', 24, '3', 0, 0, 0, 1, '2020-07-07 14:08:09', '2020-07-07 14:08:09', 160),
(495, 1, 'check', 0, '', 0, 0, 0, 1, '2020-07-07 14:12:24', '2020-07-07 14:12:24', 161),
(496, 0, 'New-Child', 24, '3', 0, 0, 0, 1, '2020-07-07 14:12:24', '2020-07-07 14:12:24', 161),
(497, 1, 'vishu', 0, '', 0, 0, 0, 1, '2020-07-07 14:16:11', '2020-07-07 14:16:11', 162),
(498, 0, 'ajay', 11, '', 0, 0, 0, 1, '2020-07-07 14:16:11', '2020-07-07 14:16:11', 162),
(499, 1, 'Vgdh', 0, '', 0, 0, 0, 1, '2020-07-07 14:18:15', '2020-07-07 14:18:15', 163),
(500, 0, 'Gsgeh', 64, '0', 0, 0, 0, 1, '2020-07-07 14:18:15', '2020-07-07 14:18:15', 163),
(501, 0, 'Gsgsg', 57, '0', 0, 0, 0, 1, '2020-07-07 14:18:15', '2020-07-07 14:18:15', 163),
(502, 0, 'Gshsh', 58, '0', 0, 0, 0, 1, '2020-07-07 14:18:15', '2020-07-07 14:18:15', 163),
(503, 1, 'Armour', 0, '', 0, 0, 0, 1, '2020-07-07 14:35:53', '2020-07-07 14:35:53', 164),
(504, 0, 'bsbsh', 8, '2', 0, 0, 0, 1, '2020-07-07 14:35:53', '2020-07-07 14:35:53', 164),
(505, 0, 'gsh', 4, '3', 0, 0, 0, 1, '2020-07-07 14:35:53', '2020-07-07 14:35:53', 164),
(506, 0, 'hsj', 12, '4', 0, 0, 0, 1, '2020-07-07 14:35:53', '2020-07-07 14:35:53', 164),
(507, 1, 'Wall', 0, '', 0, 0, 0, 1, '2020-07-07 14:39:02', '2020-07-07 14:39:02', 165),
(508, 0, 'Child', 13, '1', 0, 0, 0, 1, '2020-07-07 14:39:02', '2020-07-07 14:39:02', 165),
(509, 0, 'Childs', 12, '2', 0, 0, 0, 1, '2020-07-07 14:39:02', '2020-07-07 14:39:02', 165),
(510, 0, 'Childjsk', 15, '4', 0, 0, 0, 1, '2020-07-07 14:39:02', '2020-07-07 14:39:02', 165),
(511, 1, 'brij', 0, '', 0, 0, 0, 1, '2020-07-07 15:30:51', '2020-07-07 15:30:51', 166),
(512, 0, 'brij', 1, '2', 0, 0, 0, 1, '2020-07-07 15:30:51', '2020-07-07 15:31:26', 166),
(513, 0, 'jsja', 15, '2', 0, 0, 0, 1, '2020-07-07 15:30:51', '2020-07-07 15:31:40', 166),
(514, 0, 'haj', 12, '3', 0, 0, 0, 1, '2020-07-07 15:30:51', '2020-07-07 15:31:36', 166),
(515, 1, 'Kamra', 0, '', 0, 0, 0, 1, '2020-07-07 15:46:46', '2020-07-07 15:46:46', 167),
(516, 0, 'HhhGh', 8, '2', 0, 0, 0, 1, '2020-07-07 15:46:46', '2020-07-07 15:46:46', 167),
(517, 0, 'Tfg', 8, '2', 0, 0, 0, 1, '2020-07-07 15:46:46', '2020-07-07 15:46:46', 167),
(518, 0, 'Xhh', 4, '3', 0, 0, 0, 1, '2020-07-07 15:46:46', '2020-07-07 15:46:46', 167),
(519, 1, 'payal', 0, '', 0, 0, 0, 1, '2020-07-08 04:13:10', '2020-07-08 04:13:10', 168),
(520, 1, 'payall', 1, '1', 0, 0, 0, 1, '2020-07-08 04:16:36', '2020-07-08 04:20:47', 169),
(521, 0, 'hsj', 1, '1', 0, 0, 0, 1, '2020-07-08 04:16:36', '2020-07-08 04:16:36', 169),
(522, 0, 'vgr', 42, '2', 0, 0, 0, 1, '2020-07-08 04:16:36', '2020-07-08 04:16:36', 169),
(523, 0, 'chg', 12, '3', 0, 0, 0, 1, '2020-07-08 04:16:36', '2020-07-08 04:16:36', 169),
(524, 1, 'payal', 0, '', 0, 0, 0, 1, '2020-07-08 04:28:03', '2020-07-08 04:29:07', 170),
(525, 0, 'hshs', 1, '', 0, 1, 0, 1, '2020-07-08 04:28:03', '2020-07-08 04:28:36', 170),
(526, 0, 'hehs', 4, '', 0, 0, 0, 1, '2020-07-08 04:28:03', '2020-07-08 04:28:03', 170),
(527, 1, 'payal', 0, '', 0, 0, 0, 1, '2020-07-08 04:32:20', '2020-07-08 04:32:20', 171),
(528, 0, 'vsbs', 5, '4', 0, 0, 0, 1, '2020-07-08 04:32:20', '2020-07-08 04:32:20', 171),
(529, 0, 'cvgg', 2, '3', 0, 0, 0, 1, '2020-07-08 04:32:20', '2020-07-08 04:32:20', 171),
(530, 1, 'payal', 0, '', 0, 0, 0, 1, '2020-07-08 04:34:45', '2020-07-08 04:34:45', 172),
(531, 0, 'hshs', 42, '', 0, 0, 0, 1, '2020-07-08 04:34:45', '2020-07-08 04:34:45', 172),
(532, 0, 'haha', 8, '', 0, 0, 0, 1, '2020-07-08 04:34:45', '2020-07-08 04:34:45', 172),
(533, 0, 'vhd', 2, '', 0, 0, 0, 1, '2020-07-08 04:38:23', '2020-07-08 04:38:23', 172),
(534, 0, 'hjo', 1, '', 0, 0, 0, 1, '2020-07-08 04:42:27', '2020-07-08 04:42:27', 168),
(535, 0, 'hsn', 1, '4', 0, 0, 0, 1, '2020-07-08 04:42:49', '2020-07-08 04:42:49', 168),
(536, 0, 'jah', 1, '', 0, 0, 0, 1, '2020-07-08 04:43:23', '2020-07-08 04:43:23', 168),
(537, 1, 'pippz', 1, '3', 0, 1, 0, 1, '2020-07-08 04:52:40', '2020-07-08 04:57:23', 173),
(538, 0, 'gfgh', 1, '3', 0, 1, 0, 1, '2020-07-08 04:52:40', '2020-07-08 04:57:24', 173),
(539, 0, 'bsbe', 13, '2', 0, 1, 0, 1, '2020-07-08 04:52:40', '2020-07-08 04:57:26', 173),
(540, 0, 'babsh', 4, '4', 0, 1, 0, 1, '2020-07-08 04:52:40', '2020-07-08 04:57:27', 173),
(541, 1, 'kris', 0, '', 0, 0, 0, 1, '2020-07-08 05:12:04', '2020-07-08 05:12:04', 174),
(542, 0, 'ghfg', 23, '3', 0, 0, 0, 1, '2020-07-08 05:12:04', '2020-07-08 05:12:04', 174),
(543, 0, 'gjh', 2, '2', 0, 0, 0, 1, '2020-07-08 05:12:04', '2020-07-08 05:12:04', 174),
(544, 1, '7', 0, '3', 0, 0, 0, 1, '2020-07-08 05:32:39', '2020-07-08 05:34:09', 175),
(545, 0, 'Hk', 2, '1', 0, 0, 0, 1, '2020-07-08 05:32:39', '2020-07-08 05:33:39', 175),
(546, 0, 'Bjk', 5, '2', 0, 1, 0, 1, '2020-07-08 05:32:39', '2020-07-08 05:32:54', 175),
(547, 1, 'Krish', 0, '', 0, 0, 0, 1, '2020-07-08 05:38:47', '2020-07-08 05:38:47', 176),
(548, 0, 'Krishhshs', 4, '1', 0, 0, 0, 1, '2020-07-08 05:38:47', '2020-07-08 05:38:47', 176),
(549, 0, 'Hshbd', 4, '2', 0, 0, 0, 1, '2020-07-08 05:38:47', '2020-07-08 05:38:47', 176),
(550, 0, 'Hshe', 1, '3', 0, 0, 0, 1, '2020-07-08 05:38:47', '2020-07-08 05:38:47', 176),
(551, 1, 'xyz', 0, '', 0, 0, 0, 1, '2020-07-08 05:42:50', '2020-07-08 05:42:50', 177),
(552, 0, 'Aaa', 11, '1', 0, 0, 0, 1, '2020-07-08 05:42:50', '2020-07-08 05:42:50', 177),
(553, 0, 'Bbb', 12, '2', 0, 0, 0, 1, '2020-07-08 05:42:50', '2020-07-08 05:42:50', 177),
(554, 1, 'xyz', 0, '', 0, 0, 0, 1, '2020-07-08 05:50:04', '2020-07-08 05:50:04', 178),
(555, 0, 'ghfsghd', 22, '1', 0, 0, 0, 1, '2020-07-08 05:50:04', '2020-07-08 05:50:04', 178),
(556, 0, 'hjgdhjsf', 12, '2', 0, 0, 0, 1, '2020-07-08 05:50:04', '2020-07-08 05:50:04', 178),
(557, 0, 'dgsfhjsgdf', 11, '', 0, 0, 0, 1, '2020-07-08 05:50:04', '2020-07-08 05:50:04', 178),
(558, 1, 'Ajaii', 0, '', 0, 0, 0, 1, '2020-07-08 05:52:52', '2020-07-08 05:52:52', 179),
(559, 0, 'Hehsv', 1, '1', 0, 0, 0, 1, '2020-07-08 05:52:52', '2020-07-08 05:52:52', 179),
(560, 0, 'Hshv', 4, '2', 0, 0, 0, 1, '2020-07-08 05:52:52', '2020-07-08 05:52:52', 179),
(561, 0, 'Bsbs', 4, '3', 0, 0, 0, 1, '2020-07-08 05:52:52', '2020-07-08 05:52:52', 179),
(562, 1, 'Pulkit', 0, '', 0, 0, 0, 1, '2020-07-08 06:17:07', '2020-07-08 06:17:07', 180),
(563, 0, 'Ghthb', 2, '0', 0, 0, 0, 1, '2020-07-08 06:17:07', '2020-07-08 06:43:16', 180),
(564, 0, 'Gh', 12, '0', 0, 0, 0, 1, '2020-07-08 06:17:07', '2020-07-08 06:17:07', 180),
(565, 1, 'pulkitt', 0, '', 0, 0, 0, 1, '2020-07-08 06:26:04', '2020-07-08 06:26:04', 181),
(566, 0, 'dgg', 5, '3', 0, 0, 0, 1, '2020-07-08 06:26:04', '2020-07-08 06:26:04', 181),
(567, 0, 'vhj', 5, '4', 0, 0, 0, 1, '2020-07-08 06:26:04', '2020-07-08 06:26:04', 181),
(568, 1, 'Polkit', 0, '', 0, 0, 0, 1, '2020-07-08 06:35:33', '2020-07-08 06:35:33', 182),
(569, 0, 'hshs', 21, '1', 0, 0, 0, 1, '2020-07-08 06:35:33', '2020-07-08 06:35:33', 182),
(570, 0, 'hshhs', 5, '2', 0, 0, 0, 1, '2020-07-08 06:35:33', '2020-07-08 06:35:33', 182),
(571, 0, 'gfd', 5, '2', 0, 0, 0, 1, '2020-07-08 06:35:33', '2020-07-08 06:35:33', 182),
(572, 1, 'bharat', 0, '', 0, 0, 0, 1, '2020-07-08 06:39:32', '2020-07-08 06:39:32', 183),
(573, 0, 'hgg', 5, '', 0, 0, 0, 1, '2020-07-08 06:39:32', '2020-07-08 06:39:32', 183),
(574, 0, 'fgh', 8, '', 0, 0, 0, 1, '2020-07-08 06:39:32', '2020-07-08 06:39:32', 183),
(575, 0, 'fgg', 5, '3', 0, 0, 0, 1, '2020-07-08 06:39:32', '2020-07-08 06:39:32', 183),
(576, 1, 'Bharato', 0, '', 0, 0, 0, 1, '2020-07-08 06:53:07', '2020-07-08 06:53:07', 184),
(577, 0, 'Ghj', 2, '3', 0, 0, 0, 1, '2020-07-08 06:53:07', '2020-07-08 06:53:07', 184),
(578, 0, 'Thgh', 9, '3', 0, 0, 0, 1, '2020-07-08 06:53:07', '2020-07-08 06:53:07', 184),
(579, 0, 'Gfd', 5, '4', 0, 1, 0, 1, '2020-07-08 06:53:07', '2020-07-08 06:53:17', 184),
(580, 1, 'Anmol', 0, '', 0, 0, 0, 1, '2020-07-08 07:01:42', '2020-07-08 07:01:42', 185),
(581, 0, 'Dghf', 55, '2', 0, 0, 0, 1, '2020-07-08 07:01:42', '2020-07-08 07:01:42', 185),
(582, 0, 'Fgdc', 5, '3', 0, 0, 0, 1, '2020-07-08 07:01:42', '2020-07-08 07:01:42', 185),
(583, 0, 'Ghd', 8, '4', 0, 0, 0, 1, '2020-07-08 07:01:42', '2020-07-08 07:01:42', 185),
(584, 1, 'Ashwni', 0, '', 0, 0, 0, 1, '2020-07-08 07:03:36', '2020-07-08 07:03:36', 186),
(585, 0, 'Gshdh', 5, '0', 0, 0, 0, 1, '2020-07-08 07:03:36', '2020-07-08 07:03:36', 186),
(586, 0, 'Ghjdf', 8, '0', 0, 0, 0, 1, '2020-07-08 07:03:36', '2020-07-08 07:03:36', 186),
(587, 0, 'Fxhxn', 8, '0', 0, 0, 0, 1, '2020-07-08 07:03:36', '2020-07-08 07:03:36', 186),
(588, 1, 'Ygyg', 0, '', 0, 0, 0, 1, '2020-07-08 07:17:13', '2020-07-08 07:17:13', 187),
(589, 0, 'Kihu', 63, '3', 0, 0, 0, 1, '2020-07-08 07:17:13', '2020-07-08 07:17:13', 187),
(590, 0, 'Ghyg', 52, '4', 0, 0, 0, 1, '2020-07-08 07:17:13', '2020-07-08 07:17:13', 187),
(591, 0, 'Uhg', 55, '4', 0, 0, 0, 1, '2020-07-08 07:17:13', '2020-07-08 07:17:13', 187),
(592, 1, 'Tyhhh', 0, '', 0, 0, 0, 1, '2020-07-08 07:27:09', '2020-07-08 07:27:09', 188),
(593, 0, 'Uhugy', 58, '3', 0, 0, 0, 1, '2020-07-08 07:27:09', '2020-07-08 07:27:09', 188),
(594, 0, 'Uhug', 51, '3', 0, 0, 0, 1, '2020-07-08 07:27:09', '2020-07-08 07:27:09', 188),
(595, 0, 'Hugy', 85, '1', 0, 0, 0, 1, '2020-07-08 07:27:09', '2020-07-08 07:27:09', 188),
(596, 1, 'Ghgyf', 0, '', 0, 0, 0, 1, '2020-07-08 07:28:28', '2020-07-08 07:28:28', 189),
(597, 0, 'Hgygy', 25, '2', 0, 0, 0, 1, '2020-07-08 07:28:28', '2020-07-08 07:28:28', 189),
(598, 0, 'Hgy', 14, '3', 0, 0, 0, 1, '2020-07-08 07:28:28', '2020-07-08 07:28:28', 189),
(599, 0, 'Uhy', 58, '1', 0, 0, 0, 1, '2020-07-08 07:28:28', '2020-07-08 07:28:28', 189),
(600, 1, 'Gyg', 0, '', 0, 0, 0, 1, '2020-07-08 07:44:51', '2020-07-08 07:44:51', 190),
(601, 0, 'Vtft', 85, '3', 0, 0, 0, 1, '2020-07-08 07:44:51', '2020-07-08 07:44:51', 190),
(602, 0, 'Gft', 55, '3', 0, 0, 0, 1, '2020-07-08 07:44:51', '2020-07-08 07:44:51', 190),
(603, 0, 'Hgtf', 52, '3', 0, 0, 0, 1, '2020-07-08 07:44:51', '2020-07-08 07:44:51', 190),
(604, 1, 'Anshul', 0, '', 0, 0, 0, 1, '2020-07-08 07:51:49', '2020-07-08 07:51:49', 191),
(605, 0, 'Gutg', 5, '0', 0, 0, 0, 1, '2020-07-08 07:51:49', '2020-07-08 07:51:49', 191),
(606, 0, 'Fgh', 8, '0', 0, 0, 0, 1, '2020-07-08 07:51:49', '2020-07-08 07:51:49', 191),
(607, 0, 'Ggg', 9, '0', 0, 0, 0, 1, '2020-07-08 07:51:49', '2020-07-08 07:51:49', 191),
(608, 1, 'Anshl', 0, '', 0, 0, 0, 1, '2020-07-08 07:54:21', '2020-07-08 07:54:21', 192),
(609, 0, 'Hshs', 1, '1', 0, 0, 0, 1, '2020-07-08 07:54:21', '2020-07-08 07:54:21', 192),
(610, 0, 'Hej', 1, '4', 0, 0, 0, 1, '2020-07-08 07:54:21', '2020-07-08 07:54:21', 192),
(611, 1, 'Ygyft', 0, '', 0, 0, 0, 1, '2020-07-08 07:54:34', '2020-07-08 07:54:34', 193),
(612, 0, 'Fyfyf', 55, '3', 0, 0, 0, 1, '2020-07-08 07:54:34', '2020-07-08 07:54:34', 193),
(613, 0, 'Bjbh', 45, '1', 0, 0, 0, 1, '2020-07-08 07:54:34', '2020-07-08 07:54:34', 193),
(614, 0, 'Njnj', 52, '4', 0, 0, 0, 1, '2020-07-08 07:54:34', '2020-07-08 07:54:34', 193);
INSERT INTO `UserProfiles` (`id`, `account_type`, `name`, `age`, `avatar_id`, `points`, `audio_mode`, `landscape_mode`, `status`, `createdAt`, `updatedAt`, `AccountId`) VALUES
(615, 1, 'Huhy', 0, '', 0, 0, 0, 1, '2020-07-08 07:56:43', '2020-07-08 07:56:43', 194),
(616, 0, 'Ygyt', 22, '2', 0, 0, 0, 1, '2020-07-08 07:56:43', '2020-07-08 07:56:43', 194),
(617, 0, 'Hbg', 45, '3', 0, 0, 0, 1, '2020-07-08 07:56:43', '2020-07-08 07:56:43', 194),
(618, 1, 'Ygygy', 0, '', 0, 0, 0, 1, '2020-07-08 07:58:57', '2020-07-08 07:58:57', 195),
(619, 0, 'Ugy', 82, '3', 0, 0, 0, 1, '2020-07-08 07:58:57', '2020-07-08 07:58:57', 195),
(620, 0, 'Jhhby', 41, '2', 0, 0, 0, 1, '2020-07-08 07:58:57', '2020-07-08 07:58:57', 195),
(621, 0, 'Ugu', 58, '4', 0, 0, 0, 1, '2020-07-08 07:58:57', '2020-07-08 07:58:57', 195),
(622, 0, 'Gfgh', 8, '0', 0, 0, 0, 1, '2020-07-08 08:05:58', '2020-07-08 08:05:58', 192),
(623, 1, 'Ansh', 0, '', 0, 0, 0, 1, '2020-07-08 08:08:45', '2020-07-08 08:08:45', 196),
(624, 0, 'Ggaj', 9, '3', 0, 0, 0, 1, '2020-07-08 08:08:45', '2020-07-08 08:08:45', 196),
(625, 0, 'Child', 6, '4', 0, 0, 0, 1, '2020-07-08 08:08:45', '2020-07-08 08:08:45', 196),
(626, 1, 'Vinad', 0, '', 0, 0, 0, 1, '2020-07-08 08:14:23', '2020-07-08 08:14:23', 197),
(627, 1, 'gamer', 0, '', 0, 0, 0, 1, '2020-07-08 08:15:53', '2020-07-08 08:15:53', 198),
(628, 1, 'Sharm', 0, '', 0, 0, 0, 1, '2020-07-08 08:22:08', '2020-07-08 08:22:08', 199),
(629, 0, 'Cgh', 8, '0', 0, 0, 0, 1, '2020-07-08 08:22:08', '2020-07-08 08:22:08', 199),
(630, 0, 'Fhg', 5, '0', 0, 0, 0, 1, '2020-07-08 08:22:08', '2020-07-08 08:22:08', 199),
(631, 0, 'Vgh', 8, '0', 0, 0, 0, 1, '2020-07-08 08:22:08', '2020-07-08 08:22:08', 199),
(632, 1, 'Liston', 0, '', 0, 0, 0, 1, '2020-07-08 08:23:20', '2020-07-08 08:23:20', 200),
(633, 0, 'Fug', 8, '0', 0, 0, 0, 1, '2020-07-08 08:23:20', '2020-07-08 08:23:20', 200),
(634, 0, 'Ghg', 2, '0', 0, 0, 0, 1, '2020-07-08 08:23:20', '2020-07-08 08:23:20', 200),
(635, 0, 'Fjj', 8, '0', 0, 0, 0, 1, '2020-07-08 08:23:20', '2020-07-08 08:23:20', 200),
(636, 1, 'Thakur', 0, '', 0, 0, 0, 1, '2020-07-08 08:25:32', '2020-07-08 08:25:32', 201),
(637, 0, 'Fgh', 2, '2', 0, 0, 0, 1, '2020-07-08 08:25:32', '2020-07-08 08:25:32', 201),
(638, 0, 'Ghf', 5, '3', 0, 0, 0, 1, '2020-07-08 08:25:32', '2020-07-08 08:25:32', 201),
(639, 0, 'Hvf', 2, '1', 0, 0, 0, 1, '2020-07-08 08:25:32', '2020-07-08 08:25:32', 201),
(640, 1, 'thakurg', 0, '', 0, 0, 0, 1, '2020-07-08 08:26:58', '2020-07-08 08:26:58', 202),
(641, 0, 'ghh', 5, '2', 0, 0, 0, 1, '2020-07-08 08:26:58', '2020-07-08 08:26:58', 202),
(642, 0, 'ghh', 5, '3', 0, 0, 0, 1, '2020-07-08 08:26:58', '2020-07-08 08:26:58', 202),
(643, 0, 'ghh', 8, '1', 0, 0, 0, 1, '2020-07-08 08:26:58', '2020-07-08 08:26:58', 202),
(644, 1, 'patro', 0, '', 0, 0, 0, 1, '2020-07-08 08:47:22', '2020-07-08 08:47:22', 203),
(645, 0, 'child', 5, '1', 0, 0, 0, 1, '2020-07-08 08:47:22', '2020-07-08 08:47:22', 203),
(646, 0, 'bsb', 5, '4', 0, 0, 0, 1, '2020-07-08 08:47:22', '2020-07-08 08:47:22', 203),
(647, 0, 'bsb', 5, '', 0, 0, 0, 1, '2020-07-08 08:47:22', '2020-07-08 08:47:22', 203),
(648, 1, 'Patri', 0, '', 0, 0, 0, 1, '2020-07-08 08:51:26', '2020-07-08 08:51:26', 204),
(649, 0, 'bsbs', 8, '', 0, 0, 0, 1, '2020-07-08 08:51:26', '2020-07-08 08:51:26', 204),
(650, 0, 'hss', 5, '', 0, 0, 0, 1, '2020-07-08 08:51:26', '2020-07-08 08:51:26', 204),
(651, 0, 'hshs', 8, '', 0, 0, 0, 1, '2020-07-08 08:51:26', '2020-07-08 08:51:26', 204),
(652, 1, 'lamber', 0, '', 0, 0, 0, 1, '2020-07-08 08:57:08', '2020-07-08 08:57:08', 205),
(653, 0, 'aaa', 5, '1', 0, 0, 0, 1, '2020-07-08 08:57:08', '2020-07-08 08:57:08', 205),
(654, 0, 'bbb', 8, '2', 0, 0, 0, 1, '2020-07-08 08:57:08', '2020-07-08 08:57:08', 205),
(655, 0, 'ccc', 8, '3', 0, 0, 0, 1, '2020-07-08 08:57:08', '2020-07-08 08:57:08', 205),
(656, 1, 'Laksh', 0, '', 0, 0, 0, 1, '2020-07-08 09:08:47', '2020-07-08 09:08:47', 206),
(657, 0, 'gjj', 2, '2', 0, 0, 0, 1, '2020-07-08 09:08:47', '2020-07-08 09:08:47', 206),
(658, 0, 'hyg', 22, '4', 0, 0, 0, 1, '2020-07-08 09:08:47', '2020-07-08 09:08:47', 206),
(659, 1, 'Ygg', 0, '', 0, 0, 0, 1, '2020-07-08 09:30:22', '2020-07-08 09:30:22', 207),
(660, 0, 'Vgct', 58, '3', 0, 0, 0, 1, '2020-07-08 09:30:22', '2020-07-08 09:30:22', 207),
(661, 0, 'Ctgy', 25, '3', 0, 0, 0, 1, '2020-07-08 09:30:22', '2020-07-08 09:30:22', 207),
(662, 0, 'Tct', 52, '4', 0, 0, 0, 1, '2020-07-08 09:30:22', '2020-07-08 09:30:22', 207),
(663, 1, 'Gugy', 0, '', 0, 0, 0, 1, '2020-07-08 09:33:01', '2020-07-08 09:33:01', 208),
(664, 0, 'Gft', 56, '3', 0, 0, 0, 1, '2020-07-08 09:33:01', '2020-07-08 09:33:01', 208),
(665, 0, 'Ftf', 99, '3', 0, 0, 0, 1, '2020-07-08 09:33:01', '2020-07-08 09:33:01', 208),
(666, 0, 'Ghh', 52, '4', 0, 0, 0, 1, '2020-07-08 09:33:01', '2020-07-08 09:33:01', 208),
(667, 1, 'Gct', 0, '', 0, 0, 0, 1, '2020-07-08 09:45:21', '2020-07-08 09:45:21', 209),
(668, 0, 'Yuu', 99, '3', 0, 0, 0, 1, '2020-07-08 09:45:21', '2020-07-08 09:45:21', 209),
(669, 0, 'Gyk', 25, '2', 0, 0, 0, 1, '2020-07-08 09:45:21', '2020-07-08 09:45:21', 209),
(670, 0, 'Ffk', 25, '1', 0, 0, 0, 1, '2020-07-08 09:45:21', '2020-07-08 09:45:21', 209),
(671, 1, 'Gyft', 0, '', 0, 0, 0, 1, '2020-07-08 09:47:11', '2020-07-08 09:47:11', 210),
(672, 0, 'Ffg', 55, '3', 0, 0, 0, 1, '2020-07-08 09:47:11', '2020-07-08 09:47:11', 210),
(673, 0, 'Gff', 25, '2', 0, 0, 0, 1, '2020-07-08 09:47:11', '2020-07-08 09:47:11', 210),
(674, 0, 'Fff', 25, '4', 0, 0, 0, 1, '2020-07-08 09:47:11', '2020-07-08 09:47:11', 210),
(675, 1, 'Hitman', 0, '', 0, 0, 0, 1, '2020-07-08 10:09:32', '2020-07-08 10:09:32', 211),
(676, 0, 'Hag', 4, '1', 0, 0, 0, 1, '2020-07-08 10:09:32', '2020-07-08 10:09:32', 211),
(677, 0, 'Vag', 4, '2', 0, 0, 0, 1, '2020-07-08 10:09:32', '2020-07-08 10:09:32', 211),
(678, 0, 'Cht', 5, '4', 0, 0, 0, 1, '2020-07-08 10:09:32', '2020-07-08 10:09:32', 211),
(679, 1, 'Neeraj', 0, '', 0, 0, 0, 1, '2020-07-08 10:21:26', '2020-07-08 10:21:26', 212),
(680, 0, 'Fvhh', 23, '2', 0, 0, 0, 1, '2020-07-08 10:21:26', '2020-07-08 10:21:26', 212),
(681, 0, 'Fgh', 8, '2', 0, 0, 0, 1, '2020-07-08 10:21:26', '2020-07-08 10:21:26', 212),
(682, 0, 'Chj', 2, '3', 0, 0, 0, 1, '2020-07-08 10:21:26', '2020-07-08 10:21:26', 212),
(683, 1, 'Hyyyyg', 0, '', 0, 0, 0, 1, '2020-07-08 10:53:17', '2020-07-08 10:53:17', 213),
(684, 0, 'Uuh', 55, '3', 0, 0, 0, 1, '2020-07-08 10:53:17', '2020-07-08 10:53:17', 213),
(685, 1, 'Dtyhhh', 0, '3', 0, 0, 0, 1, '2020-07-08 11:03:35', '2020-07-08 11:05:12', 214),
(686, 0, 'Ttt', 25, '2', 0, 0, 0, 1, '2020-07-08 11:03:35', '2020-07-08 11:03:35', 214),
(687, 0, 'Ttu', 22, '3', 0, 0, 0, 1, '2020-07-08 11:04:42', '2020-07-08 11:04:42', 214),
(688, 1, 'Gfftft', 0, '', 0, 1, 0, 1, '2020-07-08 11:06:10', '2020-07-08 11:11:35', 215),
(689, 1, 'Gfuffu', 0, '', 0, 0, 0, 1, '2020-07-08 11:13:13', '2020-07-08 11:22:55', 216),
(690, 0, 'Gggftt', 5, '2', 0, 0, 0, 1, '2020-07-08 11:13:13', '2020-07-08 11:23:03', 216),
(691, 0, 'Ggg', 55, '3', 0, 0, 0, 1, '2020-07-08 11:22:08', '2020-07-08 11:22:08', 216),
(692, 0, 'Ggg', 25, '4', 0, 0, 0, 1, '2020-07-08 11:22:36', '2020-07-08 11:22:36', 216),
(693, 1, 'Vih', 0, '2', 0, 0, 0, 1, '2020-07-08 11:53:49', '2020-07-08 11:54:13', 217),
(694, 0, 'Hhg', 5, '4', 0, 1, 0, 1, '2020-07-08 11:53:49', '2020-07-08 11:54:57', 217),
(695, 0, 'Hbt', 8, '2', 0, 0, 0, 1, '2020-07-08 11:53:49', '2020-07-08 11:55:09', 217),
(696, 0, 'Kvg', 1, '1', 0, 0, 0, 1, '2020-07-08 11:53:49', '2020-07-08 11:54:30', 217),
(697, 1, 'Vinny', 0, '', 0, 0, 0, 1, '2020-07-08 11:57:30', '2020-07-08 11:57:30', 218),
(698, 0, 'Behe', 2, '4', 0, 0, 0, 1, '2020-07-08 11:57:30', '2020-07-08 11:57:30', 218),
(699, 0, 'Hsh', 5, '2', 0, 0, 0, 1, '2020-07-08 11:57:30', '2020-07-08 11:57:30', 218),
(700, 0, 'Hwh', 5, '3', 0, 0, 0, 1, '2020-07-08 12:00:32', '2020-07-08 12:00:32', 218),
(701, 1, 'Ggg', 0, '', 0, 0, 0, 1, '2020-07-08 12:31:06', '2020-07-08 12:31:06', 219),
(702, 0, 'Yyy', 66, '3', 0, 0, 0, 1, '2020-07-08 12:31:06', '2020-07-08 12:31:06', 219),
(703, 0, 'Vgg', 25, '3', 0, 0, 0, 1, '2020-07-08 12:31:06', '2020-07-08 12:31:06', 219),
(704, 0, 'Gyy', 85, '4', 0, 0, 0, 1, '2020-07-08 12:31:06', '2020-07-08 12:31:06', 219),
(705, 1, 'Hugy', 0, '', 0, 0, 0, 1, '2020-07-08 12:38:29', '2020-07-08 12:38:29', 220),
(706, 0, 'Ggg', 55, '0', 0, 0, 0, 1, '2020-07-08 12:38:29', '2020-07-08 12:38:29', 220),
(707, 0, 'Ggg', 55, '0', 0, 0, 0, 1, '2020-07-08 12:38:29', '2020-07-08 12:38:29', 220),
(708, 0, 'Ggg', 55, '0', 0, 0, 0, 1, '2020-07-08 12:38:29', '2020-07-08 12:38:29', 220),
(709, 1, 'Sign', 0, '', 0, 0, 0, 1, '2020-07-08 13:26:22', '2020-07-08 13:27:24', 221),
(710, 0, 'Childd', 1, '1', 0, 0, 0, 1, '2020-07-08 13:26:22', '2020-07-08 13:26:22', 221),
(711, 0, 'Childt', 4, '2', 0, 0, 0, 1, '2020-07-08 13:26:22', '2020-07-08 13:26:22', 221),
(712, 0, 'Childth', 4, '3', 0, 0, 0, 1, '2020-07-08 13:26:22', '2020-07-08 13:26:22', 221),
(713, 1, 'Signl', 0, '', 0, 0, 0, 1, '2020-07-08 13:32:10', '2020-07-08 13:32:10', 222),
(714, 0, 'Hsh', 5, '1', 0, 0, 0, 1, '2020-07-08 13:32:10', '2020-07-08 13:32:10', 222),
(715, 0, 'Hgh', 5, '2', 0, 1, 0, 1, '2020-07-08 13:32:10', '2020-07-08 13:40:44', 222),
(716, 0, 'Vab', 6, '1', 0, 0, 0, 1, '2020-07-08 13:32:10', '2020-07-08 13:40:52', 222),
(717, 1, 'Signll', 0, '', 0, 0, 0, 1, '2020-07-08 13:42:43', '2020-07-08 13:42:43', 223),
(718, 0, 'Hsha', 5, '0', 0, 0, 0, 1, '2020-07-08 13:42:43', '2020-07-08 13:42:43', 223),
(719, 0, 'Bsba', 4, '0', 0, 0, 0, 1, '2020-07-08 13:42:43', '2020-07-08 13:42:43', 223),
(720, 0, 'Shs', 5, '0', 0, 0, 0, 1, '2020-07-08 13:42:43', '2020-07-08 13:42:43', 223),
(721, 1, 'Fella', 0, '', 0, 0, 0, 1, '2020-07-08 13:47:15', '2020-07-08 13:47:15', 224),
(722, 0, 'Hsha', 4, '0', 0, 0, 0, 1, '2020-07-08 13:47:15', '2020-07-08 13:47:15', 224),
(723, 0, 'Bsb', 7, '0', 0, 0, 0, 1, '2020-07-08 13:47:15', '2020-07-08 13:47:15', 224),
(724, 0, 'Hajk', 4, '0', 0, 0, 0, 1, '2020-07-08 13:47:15', '2020-07-08 13:47:15', 224),
(725, 1, 'Binnu', 0, '', 0, 0, 0, 1, '2020-07-08 13:48:38', '2020-07-08 13:48:38', 225),
(726, 0, 'Babs', 1, '1', 0, 0, 0, 1, '2020-07-08 13:48:38', '2020-07-08 13:48:38', 225),
(727, 0, 'Vsba', 2, '2', 0, 0, 0, 1, '2020-07-08 13:48:38', '2020-07-08 13:48:38', 225),
(728, 0, 'Vabb', 3, '3', 0, 0, 0, 1, '2020-07-08 13:48:38', '2020-07-08 13:48:38', 225),
(729, 1, 'shi', 1, '', 0, 0, 0, 1, '2020-07-08 13:59:22', '2020-07-08 13:59:45', 226),
(730, 0, 'vahay', 2, '', 0, 0, 0, 1, '2020-07-08 13:59:22', '2020-07-08 13:59:58', 226),
(731, 0, 'shhstg', 9, '', 0, 0, 0, 1, '2020-07-08 13:59:22', '2020-07-08 14:00:08', 226),
(732, 0, 'btygh', 4, '', 0, 0, 0, 1, '2020-07-08 13:59:22', '2020-07-08 14:00:17', 226),
(733, 1, 'winky', 0, '', 0, 0, 0, 1, '2020-07-08 14:04:57', '2020-07-08 14:04:57', 227),
(734, 0, 'hahk', 5, '4', 0, 0, 0, 1, '2020-07-08 14:04:57', '2020-07-08 14:04:57', 227),
(735, 0, 'gsb', 5, '3', 0, 0, 0, 1, '2020-07-08 14:04:57', '2020-07-08 14:04:57', 227),
(736, 0, 'hfg', 5, '4', 0, 0, 0, 1, '2020-07-08 14:04:57', '2020-07-08 14:04:57', 227),
(737, 1, 'sight', 0, '', 0, 0, 0, 1, '2020-07-08 14:07:50', '2020-07-08 14:07:50', 228),
(738, 0, 'hsh', 5, '1', 0, 0, 0, 1, '2020-07-08 14:07:50', '2020-07-08 14:07:50', 228),
(739, 0, 'hsha', 5, '2', 0, 0, 0, 1, '2020-07-08 14:07:50', '2020-07-08 14:07:50', 228),
(740, 0, 'bsbs', 5, '4', 0, 0, 0, 1, '2020-07-08 14:07:50', '2020-07-08 14:07:50', 228),
(741, 1, 'Binky', 0, '', 0, 0, 0, 1, '2020-07-08 14:10:30', '2020-07-08 14:10:30', 229),
(742, 0, 'bsb', 5, '', 0, 0, 0, 1, '2020-07-08 14:10:30', '2020-07-08 14:10:30', 229),
(743, 1, 'skip', 0, '', 0, 0, 0, 1, '2020-07-08 14:12:54', '2020-07-08 14:12:54', 230),
(744, 0, 'ghff', 55, '2', 0, 0, 0, 1, '2020-07-08 14:12:54', '2020-07-08 14:12:54', 230),
(745, 0, 'ghg', 5, '3', 0, 0, 0, 1, '2020-07-08 14:12:54', '2020-07-08 14:12:54', 230),
(746, 0, 'jajs', 8, '2', 0, 0, 0, 1, '2020-07-08 14:12:54', '2020-07-08 14:12:54', 230),
(747, 1, 'wise dad', 0, '', 30, 0, 0, 1, '2020-07-09 02:21:57', '2020-07-10 23:36:14', 231),
(748, 0, 'kid one', 1, '', 0, 0, 0, 1, '2020-07-09 02:21:57', '2020-07-09 02:21:57', 231),
(749, 0, 'kid one', 1, '', 0, 0, 0, 1, '2020-07-09 02:21:57', '2020-07-09 02:21:57', 231),
(750, 0, 'kid one', 1, '', 0, 0, 0, 1, '2020-07-09 02:21:57', '2020-07-09 02:21:57', 231),
(751, 1, 'Vikas', 0, '', 0, 0, 0, 1, '2020-07-09 05:05:34', '2020-07-09 05:05:34', 232),
(752, 0, 'Child', 5, '1', 0, 0, 0, 1, '2020-07-09 05:05:34', '2020-07-09 05:05:34', 232),
(753, 0, 'Fhg', 5, '4', 0, 0, 0, 1, '2020-07-09 05:05:34', '2020-07-09 05:05:34', 232),
(754, 1, 'guru', 0, '', 0, 0, 0, 1, '2020-07-09 05:59:09', '2020-07-09 05:59:09', 233),
(755, 0, 'child o', 5, '3', 0, 0, 0, 1, '2020-07-09 05:59:09', '2020-07-09 05:59:09', 233),
(756, 0, 'child t', 4, '2', 0, 0, 0, 1, '2020-07-09 05:59:09', '2020-07-09 05:59:09', 233),
(757, 0, 'child thr', 8, '4', 0, 0, 0, 1, '2020-07-09 05:59:09', '2020-07-09 05:59:09', 233),
(758, 1, 'byju', 1, '1', 0, 0, 0, 1, '2020-07-09 06:04:45', '2020-07-09 06:04:57', 234),
(759, 0, 'hkhf', 2, '4', 0, 0, 0, 1, '2020-07-09 06:04:45', '2020-07-09 06:04:45', 234),
(760, 0, 'fgh', 9, '2', 0, 0, 0, 1, '2020-07-09 06:04:45', '2020-07-09 06:04:45', 234),
(761, 0, 'fhu', 9, '2', 0, 0, 0, 1, '2020-07-09 06:04:45', '2020-07-09 06:05:19', 234),
(762, 1, 'byju', 1, '1', 0, 0, 0, 1, '2020-07-09 06:10:03', '2020-07-09 06:20:24', 235),
(763, 0, 'chg', 5, '2', 0, 0, 0, 1, '2020-07-09 06:10:03', '2020-07-09 06:10:03', 235),
(764, 0, 'vhg', 3, '3', 0, 0, 0, 1, '2020-07-09 06:10:03', '2020-07-09 06:10:03', 235),
(765, 0, 'fhg', 8, '4', 0, 0, 0, 1, '2020-07-09 06:10:03', '2020-07-09 06:10:03', 235),
(766, 1, 'reham', 1, '3', 0, 0, 0, 1, '2020-07-09 06:43:16', '2020-07-09 06:44:36', 236),
(767, 0, 'vsbs', 2, '1', 0, 0, 0, 1, '2020-07-09 06:43:16', '2020-07-09 06:43:16', 236),
(768, 0, 'gaha', 5, '2', 0, 0, 0, 1, '2020-07-09 06:43:16', '2020-07-09 06:43:16', 236),
(769, 0, 'hHh', 8, '4', 0, 0, 0, 1, '2020-07-09 06:43:16', '2020-07-09 06:43:16', 236),
(770, 1, 'Digv', 0, '', 20, 0, 0, 1, '2020-07-09 07:36:18', '2020-07-09 07:41:14', 237),
(771, 0, 'childo', 4, '4', 0, 0, 0, 1, '2020-07-09 07:36:18', '2020-07-09 07:36:18', 237),
(772, 0, 'childt', 6, '2', 0, 0, 0, 1, '2020-07-09 07:36:18', '2020-07-09 07:36:18', 237),
(773, 0, 'childthr', 8, '1', 0, 0, 0, 1, '2020-07-09 07:36:18', '2020-07-09 07:36:18', 237),
(774, 1, 'bird', 1, '2', 30, 0, 0, 1, '2020-07-09 08:01:54', '2020-07-09 08:07:43', 238),
(775, 0, 'ghc', 5, '1', 0, 0, 0, 1, '2020-07-09 08:01:54', '2020-07-09 08:01:54', 238),
(776, 0, 'vbj', 3, '1', 0, 0, 0, 1, '2020-07-09 08:01:54', '2020-07-09 08:03:32', 238),
(777, 0, 'cbj', 8, '4', 0, 0, 0, 1, '2020-07-09 08:01:54', '2020-07-09 08:01:54', 238),
(778, 1, 'maree', 0, '', 15, 0, 0, 1, '2020-07-09 09:29:08', '2020-07-09 09:33:44', 239),
(779, 0, 'childo', 1, '4', 0, 0, 0, 1, '2020-07-09 09:29:08', '2020-07-09 09:29:08', 239),
(780, 0, 'childt', 2, '2', 0, 0, 0, 1, '2020-07-09 09:29:08', '2020-07-09 09:29:08', 239),
(781, 0, 'childthr', 5, '3', 0, 0, 0, 1, '2020-07-09 09:29:08', '2020-07-09 09:29:08', 239),
(782, 1, 'warm', 0, '', 0, 0, 0, 1, '2020-07-09 09:33:12', '2020-07-09 09:33:12', 240),
(783, 0, 'warmh', 5, '4', 0, 0, 0, 1, '2020-07-09 09:33:12', '2020-07-09 09:33:12', 240),
(784, 0, 'warmug', 8, '3', 0, 0, 0, 1, '2020-07-09 09:33:12', '2020-07-09 09:33:12', 240),
(785, 0, 'warmuf', 5, '2', 0, 0, 0, 1, '2020-07-09 09:33:12', '2020-07-09 09:33:12', 240),
(786, 1, 'meha', 0, '', 0, 0, 0, 1, '2020-07-09 12:09:40', '2020-07-09 12:09:40', 241),
(787, 0, 'childr', 2, '1', 0, 0, 0, 1, '2020-07-09 12:09:40', '2020-07-09 12:09:40', 241),
(788, 0, 'chilh', 8, '2', 0, 0, 0, 1, '2020-07-09 12:09:40', '2020-07-09 12:09:40', 241),
(789, 0, 'chkk', 8, '3', 0, 0, 0, 1, '2020-07-09 12:09:40', '2020-07-09 12:09:40', 241),
(790, 1, 'neha', 0, '', 20, 0, 0, 1, '2020-07-09 12:30:11', '2020-07-09 12:34:48', 242),
(791, 0, 'child', 2, '1', 0, 0, 0, 1, '2020-07-09 12:30:11', '2020-07-09 12:30:11', 242),
(792, 0, 'vbj', 8, '2', 0, 0, 0, 1, '2020-07-09 12:30:11', '2020-07-09 12:30:11', 242),
(793, 0, 'chh', 8, '3', 0, 0, 0, 1, '2020-07-09 12:30:11', '2020-07-09 12:30:11', 242),
(794, 1, 'Buju', 0, '', 0, 0, 0, 1, '2020-07-09 12:59:47', '2020-07-09 12:59:47', 243),
(795, 0, 'Fcs', 6, '4', 0, 0, 0, 1, '2020-07-09 12:59:47', '2020-07-09 12:59:47', 243),
(796, 0, 'Rgu', 5, '2', 0, 0, 0, 1, '2020-07-09 12:59:47', '2020-07-09 12:59:47', 243),
(797, 0, 'Gdh', 5, '1', 0, 0, 0, 1, '2020-07-09 12:59:47', '2020-07-09 12:59:47', 243),
(798, 1, 'Virk', 0, '', 0, 0, 0, 1, '2020-07-09 13:06:35', '2020-07-09 13:06:35', 244),
(799, 0, 'Virk', 5, '1', 0, 0, 0, 1, '2020-07-09 13:06:35', '2020-07-09 13:06:35', 244),
(800, 0, 'virkt', 2, '2', 0, 0, 0, 1, '2020-07-09 13:06:35', '2020-07-09 13:06:35', 244),
(801, 0, 'chu', 8, '3', 0, 0, 0, 1, '2020-07-09 13:06:35', '2020-07-09 13:06:35', 244),
(802, 1, 'bismal', 1, '3', 0, 0, 0, 1, '2020-07-09 13:10:52', '2020-07-09 13:11:41', 245),
(803, 0, 'gvfgi', 8, '4', 20, 0, 0, 1, '2020-07-09 13:10:52', '2020-07-09 13:14:11', 245),
(804, 0, 'vhg', 8, '2', 50, 0, 0, 1, '2020-07-09 13:10:52', '2020-07-09 13:19:44', 245),
(805, 0, 'one', 6, '3', 0, 0, 0, 1, '2020-07-09 13:10:52', '2020-07-09 13:10:52', 245),
(806, 1, 'jishu', 1, '1', 0, 0, 0, 1, '2020-07-09 13:29:14', '2020-07-09 13:29:25', 246),
(807, 0, 'jish', 2, '1', 0, 0, 0, 1, '2020-07-09 13:29:14', '2020-07-09 13:29:14', 246),
(808, 0, 'jgf', 3, '2', 65, 0, 0, 1, '2020-07-09 13:29:14', '2020-07-09 13:35:27', 246),
(809, 0, 'vhh', 6, '4', 0, 0, 0, 1, '2020-07-09 13:29:14', '2020-07-09 13:29:14', 246),
(810, 1, 'developer', 1, '1', 0, 0, 0, 1, '2020-07-09 13:36:10', '2020-07-09 13:36:23', 247),
(811, 0, 'aditi', 11, '2', 0, 0, 0, 1, '2020-07-09 13:36:10', '2020-07-09 13:36:10', 247),
(812, 1, 'developer', 0, '', 0, 0, 0, 1, '2020-07-09 13:45:31', '2020-07-09 13:45:31', 248),
(813, 1, 'developer', 1, '4', 0, 0, 0, 1, '2020-07-09 13:49:24', '2020-07-09 13:49:40', 249),
(814, 0, 'Ahsadh', 12, '2', 0, 0, 0, 1, '2020-07-09 13:49:24', '2020-07-09 13:49:24', 249),
(815, 1, 'andndndhh', 0, '', 25, 0, 0, 1, '2020-07-10 03:28:00', '2020-07-10 04:09:56', 250),
(816, 1, 'vinal', 1, '1', 0, 0, 0, 1, '2020-07-10 05:31:09', '2020-07-10 05:32:03', 251),
(817, 0, 'chg', 5, '3', 0, 0, 0, 1, '2020-07-10 05:31:09', '2020-07-10 05:31:09', 251),
(818, 0, 'fhu', 8, '2', 0, 0, 0, 1, '2020-07-10 05:31:09', '2020-07-10 05:31:09', 251),
(819, 0, 'gjg', 1, '4', 0, 0, 0, 1, '2020-07-10 05:31:09', '2020-07-10 05:31:09', 251),
(820, 1, 'vinul', 0, '', 0, 0, 0, 1, '2020-07-10 05:35:50', '2020-07-10 05:35:50', 252),
(821, 0, 'hhh', 2, '4', 0, 0, 0, 1, '2020-07-10 05:35:50', '2020-07-10 05:35:50', 252),
(822, 0, 'fhh', 8, '2', 0, 0, 0, 1, '2020-07-10 05:35:50', '2020-07-10 05:35:50', 252),
(823, 1, 'virat', 0, '', 0, 0, 0, 1, '2020-07-10 05:39:45', '2020-07-10 05:39:45', 253),
(824, 0, 'gvn', 8, '3', 0, 0, 0, 1, '2020-07-10 05:39:45', '2020-07-10 05:39:45', 253),
(825, 0, 'bnn', 8, '4', 0, 0, 0, 1, '2020-07-10 05:39:45', '2020-07-10 05:39:45', 253),
(826, 1, 'viaks', 0, '', 110, 0, 0, 1, '2020-07-10 07:00:30', '2020-07-11 12:31:33', 254),
(827, 0, 'Child', 9, '', 20, 0, 0, 1, '2020-07-10 07:00:30', '2020-07-10 07:02:04', 254),
(828, 1, 'mehar', 1, '2', 0, 0, 0, 1, '2020-07-10 07:20:44', '2020-07-10 07:21:12', 255),
(829, 0, 'vgdg', 2, '4', 0, 0, 0, 1, '2020-07-10 07:20:44', '2020-07-10 07:20:44', 255),
(830, 0, 'fhh', 8, '2', 0, 0, 0, 1, '2020-07-10 07:20:44', '2020-07-10 07:20:44', 255),
(831, 0, 'fhh', 9, '3', 0, 0, 0, 1, '2020-07-10 07:20:44', '2020-07-10 07:20:44', 255),
(832, 1, 'meni', 0, '', 0, 0, 0, 1, '2020-07-10 07:26:36', '2020-07-10 07:26:36', 256),
(833, 0, 'child', 8, '1', 0, 0, 0, 1, '2020-07-10 07:26:36', '2020-07-10 07:26:36', 256),
(834, 0, 'fhh', 5, '3', 0, 0, 0, 1, '2020-07-10 07:26:36', '2020-07-10 07:26:36', 256),
(835, 0, 'vhh', 5, '4', 0, 0, 0, 1, '2020-07-10 07:26:36', '2020-07-10 07:26:36', 256),
(836, 1, 'nina', 0, '', 30, 0, 0, 1, '2020-07-10 08:06:30', '2020-07-10 08:13:35', 257),
(837, 0, 'haba', 5, '1', 0, 0, 0, 1, '2020-07-10 08:06:30', '2020-07-10 08:06:30', 257),
(838, 0, 'hah', 8, '2', 0, 0, 0, 1, '2020-07-10 08:06:30', '2020-07-10 08:06:30', 257),
(839, 0, 'gsh', 1, '3', 0, 0, 0, 1, '2020-07-10 08:06:30', '2020-07-10 08:06:30', 257),
(840, 1, 'Live', 0, '', 30, 0, 0, 1, '2020-07-10 08:16:52', '2020-07-10 08:17:59', 258),
(841, 0, 'ghh', 2, '4', 0, 0, 0, 1, '2020-07-10 08:16:52', '2020-07-10 08:16:52', 258),
(842, 0, 'vhh', 3, '2', 0, 0, 0, 1, '2020-07-10 08:16:52', '2020-07-10 08:16:52', 258),
(843, 0, 'fhh', 5, '3', 0, 0, 0, 1, '2020-07-10 08:16:52', '2020-07-10 08:16:52', 258),
(844, 1, 'Livk', 0, '', 0, 0, 0, 1, '2020-07-10 08:21:45', '2020-07-10 08:21:45', 259),
(845, 0, 'ggg', 2, '4', 0, 0, 0, 1, '2020-07-10 08:21:45', '2020-07-10 08:21:45', 259),
(846, 0, 'vhh', 8, '3', 0, 0, 0, 1, '2020-07-10 08:21:45', '2020-07-10 08:21:45', 259),
(847, 0, 'ghh', 52, '1', 50, 0, 0, 1, '2020-07-10 08:21:45', '2020-07-10 08:24:06', 259),
(848, 1, 'Give', 0, '', 0, 0, 0, 1, '2020-07-10 08:34:44', '2020-07-10 08:34:44', 260),
(849, 0, 'vbh', 2, '4', 0, 0, 0, 1, '2020-07-10 08:34:44', '2020-07-10 08:34:44', 260),
(850, 0, 'hnj', 5, '3', 0, 0, 0, 1, '2020-07-10 08:34:44', '2020-07-10 08:34:44', 260),
(851, 0, 'ghh', 8, '1', 0, 0, 0, 1, '2020-07-10 08:34:44', '2020-07-10 08:34:44', 260),
(852, 1, 'Niti', 0, '', 20, 0, 0, 1, '2020-07-10 08:48:34', '2020-07-10 08:52:01', 261),
(853, 0, 'Hhh', 2, '2', 20, 0, 0, 1, '2020-07-10 08:48:34', '2020-07-10 08:58:00', 261),
(854, 0, 'Thh', 8, '3', 0, 0, 0, 1, '2020-07-10 08:48:34', '2020-07-10 08:48:34', 261),
(855, 0, 'Ghh', 9, '4', 0, 0, 0, 1, '2020-07-10 08:48:34', '2020-07-10 08:48:34', 261),
(856, 1, 'Vinay', 0, '', 0, 0, 0, 1, '2020-07-10 09:31:13', '2020-07-10 09:31:13', 262),
(857, 0, 'Ggg', 55, '0', 0, 0, 0, 1, '2020-07-10 09:31:13', '2020-07-10 09:31:13', 262),
(858, 0, 'Gff', 55, '3', 0, 0, 0, 1, '2020-07-10 09:31:13', '2020-07-10 09:31:13', 262),
(859, 0, 'Ggg', 55, '3', 0, 0, 0, 1, '2020-07-10 09:31:13', '2020-07-10 09:31:13', 262),
(860, 1, 'Ygfy', 0, '', 0, 0, 0, 1, '2020-07-10 09:56:59', '2020-07-10 09:56:59', 263),
(861, 0, 'Ttt', 52, '3', 0, 0, 0, 1, '2020-07-10 09:57:30', '2020-07-10 09:57:30', 263),
(862, 1, 'Griz', 0, '', 0, 0, 0, 1, '2020-07-10 10:02:33', '2020-07-10 10:02:33', 264),
(863, 0, 'Bsba', 9, '1', 0, 0, 0, 1, '2020-07-10 10:02:33', '2020-07-10 10:02:33', 264),
(864, 0, 'Bab', 4, '2', 0, 0, 0, 1, '2020-07-10 10:02:33', '2020-07-10 10:02:33', 264),
(865, 0, 'Bas', 4, '4', 0, 0, 0, 1, '2020-07-10 10:02:33', '2020-07-10 10:02:33', 264),
(866, 1, 'Navjot', 0, '', 40, 0, 0, 1, '2020-07-10 11:17:41', '2020-07-21 07:52:54', 265),
(867, 1, 'Bina', 0, '1', 0, 0, 0, 1, '2020-07-10 12:52:54', '2020-07-10 12:54:01', 266),
(868, 0, 'Fhh', 5, '2', 0, 0, 0, 1, '2020-07-10 12:52:54', '2020-07-10 12:52:54', 266),
(869, 0, 'Vbj', 8, '3', 0, 0, 0, 1, '2020-07-10 12:52:54', '2020-07-10 12:52:54', 266),
(870, 0, 'Ghh', 9, '4', 0, 0, 0, 1, '2020-07-10 12:52:54', '2020-07-10 12:52:54', 266),
(871, 1, 'jinu', 1, '', 0, 0, 0, 1, '2020-07-10 13:35:46', '2020-07-10 13:42:24', 267),
(872, 0, 'wib', 18, '1', 0, 0, 0, 1, '2020-07-10 13:35:46', '2020-07-10 13:42:07', 267),
(873, 1, 'minu', 0, '', 0, 0, 0, 1, '2020-07-10 13:43:52', '2020-07-10 13:43:52', 268),
(874, 0, 'vhh', 4, '4', 0, 0, 0, 1, '2020-07-10 13:43:52', '2020-07-10 13:44:09', 268),
(875, 0, 'cbb', 8, '2', 0, 0, 0, 1, '2020-07-10 13:43:52', '2020-07-10 13:43:52', 268),
(876, 0, 'gvv', 5, '3', 0, 0, 0, 1, '2020-07-10 13:43:52', '2020-07-10 13:43:52', 268),
(877, 1, 'sisk', 0, '', 0, 0, 0, 1, '2020-07-10 13:49:57', '2020-07-10 13:49:57', 269),
(878, 0, 'vvb', 8, '', 0, 0, 0, 1, '2020-07-10 13:49:57', '2020-07-10 13:49:57', 269),
(879, 0, 'gvb', 8, '2', 0, 0, 0, 1, '2020-07-10 13:51:04', '2020-07-10 13:51:04', 269),
(880, 0, 'bvv', 5, '', 0, 0, 0, 1, '2020-07-10 13:52:06', '2020-07-10 13:52:06', 269),
(881, 0, 'Ayushi', 12, '2', 0, 0, 0, 1, '2020-07-10 13:56:55', '2020-07-10 13:56:55', 247),
(882, 1, 'blue', 1, '1', 0, 0, 0, 1, '2020-07-10 14:10:37', '2020-07-10 14:21:00', 270),
(883, 0, 'cvv', 2, '2', 0, 0, 0, 1, '2020-07-10 14:10:37', '2020-07-10 14:12:31', 270),
(884, 0, 'vnn', 2, '1', 0, 0, 0, 1, '2020-07-10 14:10:37', '2020-07-10 14:13:00', 270),
(885, 0, 'ghf', 2, '3', 0, 0, 0, 1, '2020-07-10 14:10:37', '2020-07-10 14:21:10', 270),
(886, 1, 'black', 0, '', 0, 0, 0, 1, '2020-07-10 14:22:18', '2020-07-10 14:22:18', 271),
(887, 0, 'vhb', 88, '4', 0, 0, 0, 1, '2020-07-10 14:22:18', '2020-07-10 14:22:18', 271),
(888, 0, 'fvv', 2, '2', 0, 0, 0, 1, '2020-07-10 14:22:58', '2020-07-10 14:22:58', 271),
(889, 0, 'vhn', 8, '1', 0, 0, 0, 1, '2020-07-10 14:23:32', '2020-07-10 14:23:50', 271),
(890, 1, 'thvvtvtvtv', 1, '4', 0, 0, 0, 1, '2020-07-10 23:39:37', '2020-07-10 23:42:08', 272),
(891, 0, 'janjwwj', 34, '3', 0, 0, 0, 1, '2020-07-10 23:39:37', '2020-07-10 23:39:37', 272),
(892, 0, 'whwhwhwh', 78, '1', 0, 0, 0, 1, '2020-07-10 23:39:37', '2020-07-10 23:39:37', 272),
(893, 1, 'iygygyjg', 0, '', 0, 0, 0, 1, '2020-07-11 00:33:15', '2020-07-11 00:33:15', 273),
(894, 0, 'ttyg', 67, '3', 0, 0, 0, 1, '2020-07-11 00:35:33', '2020-07-11 00:35:33', 273),
(895, 0, 'frf', 76, '', 0, 0, 0, 1, '2020-07-11 00:35:47', '2020-07-11 00:35:47', 273),
(896, 0, 'yyy', 56, '1', 0, 0, 0, 1, '2020-07-11 00:35:57', '2020-07-11 00:35:57', 273),
(897, 0, 'whehehh', 25, '', 0, 0, 0, 1, '2020-07-11 04:25:18', '2020-07-11 04:25:18', 250),
(898, 1, 'kamal', 0, '', 0, 0, 0, 1, '2020-07-11 04:47:44', '2020-07-11 04:47:44', 274),
(899, 0, 'tgh', 5, '2', 0, 0, 0, 1, '2020-07-11 04:47:44', '2020-07-11 04:47:44', 274),
(900, 0, 'ghh', 8, '0', 0, 0, 0, 1, '2020-07-11 04:47:44', '2020-07-11 04:47:44', 274),
(901, 0, 'vbb', 5, '2', 0, 0, 0, 1, '2020-07-11 04:47:44', '2020-07-11 04:47:44', 274),
(902, 1, 'Kamal', 0, '', 0, 0, 0, 1, '2020-07-11 04:57:40', '2020-07-11 04:57:40', 275),
(903, 1, 'Asd', 0, '', 0, 0, 0, 1, '2020-07-11 06:04:55', '2020-07-11 06:04:55', 276),
(904, 0, 'Dev', 9, '2', 0, 0, 0, 1, '2020-07-11 06:04:55', '2020-07-11 06:04:55', 276),
(905, 0, 'Test', 23, '3', 0, 0, 0, 1, '2020-07-11 06:04:55', '2020-07-11 06:04:55', 276),
(906, 1, 'Binn', 0, '', 15, 0, 0, 1, '2020-07-11 06:18:40', '2020-07-11 06:28:18', 277),
(907, 0, 'Cbh', 3, '3', 0, 0, 0, 1, '2020-07-11 06:18:40', '2020-07-11 06:18:40', 277),
(908, 0, 'yyy', 6, '1', 0, 0, 0, 1, '2020-07-11 06:37:51', '2020-07-27 10:35:17', 85),
(909, 1, 'Gff', 0, '', 0, 0, 0, 1, '2020-07-11 06:52:23', '2020-07-11 06:52:23', 278),
(910, 0, 'Frt', 22, '2', 0, 0, 0, 1, '2020-07-11 06:52:23', '2020-07-11 06:52:23', 278),
(911, 0, 'Ttt', 55, '0', 0, 0, 0, 1, '2020-07-11 06:52:23', '2020-07-11 06:52:23', 278),
(912, 0, 'Tft', 55, '1', 0, 0, 0, 1, '2020-07-11 06:52:23', '2020-07-11 06:52:23', 278),
(913, 1, 'Tester', 0, '1', 45, 0, 0, 1, '2020-07-11 07:27:31', '2020-07-23 08:10:07', 279),
(914, 1, 'Test case', 0, '', 20, 0, 0, 1, '2020-07-11 07:29:20', '2020-07-11 07:56:51', 280),
(915, 0, 'Hhh', 2, '2', 0, 0, 0, 1, '2020-07-11 07:29:20', '2020-07-11 07:29:20', 280),
(916, 0, 'Robert', 8, '1', 0, 0, 0, 1, '2020-07-11 07:40:30', '2020-07-11 07:40:30', 279),
(917, 0, 'Nancy', 5, '2', 0, 0, 0, 1, '2020-07-11 07:40:46', '2020-07-11 07:40:46', 279),
(918, 0, 'Wheeler', 11, '4', 35, 0, 0, 1, '2020-07-11 07:41:03', '2020-07-23 08:12:15', 279),
(919, 1, 'Open', 0, '', 20, 0, 0, 1, '2020-07-11 08:03:54', '2020-07-11 08:06:59', 281),
(920, 0, 'Fff', 2, '4', 20, 0, 0, 1, '2020-07-11 08:03:54', '2020-07-11 08:15:18', 281),
(921, 0, 'Ffg', 8, '3', 15, 0, 0, 1, '2020-07-11 08:03:54', '2020-07-11 08:18:16', 281),
(922, 0, 'Dgf', 9, '2', 10, 0, 0, 1, '2020-07-11 08:03:54', '2020-07-11 08:19:07', 281),
(923, 1, 'ashi', 0, '', 0, 0, 0, 1, '2020-07-11 08:45:44', '2020-07-11 08:45:44', 282),
(924, 0, 'cbb', 5, '1', 0, 0, 0, 1, '2020-07-11 08:45:44', '2020-07-11 08:45:44', 282),
(925, 0, 'vff', 8, '2', 0, 0, 0, 1, '2020-07-11 08:45:44', '2020-07-11 08:45:44', 282),
(926, 0, 'ghg', 9, '3', 0, 0, 0, 1, '2020-07-11 08:45:44', '2020-07-11 08:45:44', 282),
(927, 1, 'Lili', 0, '', 0, 0, 0, 1, '2020-07-11 09:11:59', '2020-07-11 09:11:59', 283),
(928, 0, 'Tyu', 2, '3', 0, 0, 0, 1, '2020-07-11 09:11:59', '2020-07-11 09:11:59', 283),
(929, 0, 'Thh', 8, '4', 0, 0, 0, 1, '2020-07-11 09:11:59', '2020-07-11 09:11:59', 283),
(930, 1, 'para', 0, '', 25, 0, 0, 1, '2020-07-11 09:49:57', '2020-07-11 09:52:34', 284),
(931, 0, 'qee', 2, '4', 0, 0, 0, 1, '2020-07-11 09:49:57', '2020-07-11 09:49:57', 284),
(932, 0, 'fhh', 8, '2', 55, 0, 0, 1, '2020-07-11 09:49:57', '2020-07-11 10:22:58', 284),
(933, 0, 'bjb', 18, '1', 0, 0, 0, 1, '2020-07-11 09:49:57', '2020-07-11 09:49:57', 284),
(934, 1, 'Ret', 0, '', 10, 0, 0, 1, '2020-07-11 10:11:55', '2020-07-11 10:14:56', 285),
(935, 0, 'Asd', 12, '2', 0, 0, 0, 1, '2020-07-11 10:11:55', '2020-07-11 10:11:55', 285),
(936, 0, 'Adr', 2, '3', 0, 0, 0, 1, '2020-07-11 10:11:55', '2020-07-11 10:11:55', 285),
(937, 1, 'Kaml', 0, '', 30, 0, 0, 1, '2020-07-11 10:29:18', '2020-07-11 10:29:52', 286),
(938, 0, 'KChild', 12, '1', 0, 0, 0, 1, '2020-07-11 10:29:18', '2020-07-11 10:29:18', 286),
(939, 0, 'KChildOne', 7, '2', 0, 0, 0, 1, '2020-07-11 10:29:18', '2020-07-11 10:29:18', 286),
(940, 0, 'Mukaeh', 12, '3', 0, 0, 0, 1, '2020-07-11 10:29:18', '2020-07-11 10:29:18', 286),
(941, 1, 'Lilo', 0, '2', 0, 0, 0, 1, '2020-07-11 10:42:57', '2020-07-11 10:53:59', 287),
(942, 0, 'Ygftcrf', 22, '2', 0, 0, 0, 1, '2020-07-11 10:42:57', '2020-07-11 10:54:20', 287),
(943, 0, 'Ppp', 9, '2', 0, 1, 0, 1, '2020-07-11 10:42:57', '2020-07-11 10:54:59', 287),
(944, 0, 'Tuu', 5, '1', 0, 0, 0, 1, '2020-07-11 10:42:57', '2020-07-11 10:54:38', 287),
(945, 1, 'Hwhe', 0, '', 0, 0, 0, 1, '2020-07-11 10:57:20', '2020-07-11 10:57:20', 288),
(946, 0, 'Fgh', 5, '3', 0, 0, 0, 1, '2020-07-11 10:57:20', '2020-07-11 10:57:20', 288),
(947, 0, 'Xff', 6, '4', 0, 0, 0, 1, '2020-07-11 10:57:20', '2020-07-11 10:57:20', 288),
(948, 1, 'pia', 0, '', 15, 1, 0, 1, '2020-07-11 11:08:04', '2020-07-11 12:50:23', 289),
(949, 0, 'tyo', 56, '2', 0, 0, 0, 1, '2020-07-11 11:08:04', '2020-07-11 11:08:04', 289),
(950, 0, 'twoo', 12, '3', 0, 0, 0, 1, '2020-07-11 11:08:04', '2020-07-11 11:08:04', 289),
(951, 1, 'Ajay', 0, '', 0, 0, 0, 1, '2020-07-11 11:33:14', '2020-07-11 11:33:14', 290),
(952, 0, 'Ttt', 22, '3', 0, 0, 0, 1, '2020-07-11 11:33:14', '2020-07-11 11:33:14', 290),
(953, 0, 'Ttt', 52, '1', 0, 0, 0, 1, '2020-07-11 11:33:50', '2020-07-11 11:33:50', 290),
(954, 1, 'Fgff', 0, '', 0, 0, 0, 1, '2020-07-11 11:39:24', '2020-07-11 11:39:24', 291),
(955, 1, 'Jazz', 0, '', 0, 0, 0, 1, '2020-07-11 11:42:49', '2020-07-11 11:42:49', 292),
(956, 0, 'Thh', 5, '4', 0, 0, 0, 1, '2020-07-11 11:44:01', '2020-07-11 11:44:01', 292),
(957, 1, 'Raina', 0, '', 0, 0, 0, 1, '2020-07-11 11:46:59', '2020-07-11 11:46:59', 293),
(958, 0, 'Dgu', 2, '3', 0, 0, 0, 1, '2020-07-11 11:47:18', '2020-07-11 11:47:18', 293),
(959, 1, 'Ggg', 0, '', 0, 0, 0, 1, '2020-07-11 11:57:33', '2020-07-11 11:57:33', 294),
(960, 0, 'Ggg', 55, '0', 0, 0, 0, 1, '2020-07-11 11:58:20', '2020-07-11 11:58:20', 294),
(961, 0, 'Gyt', 55, '3', 0, 0, 0, 1, '2020-07-11 11:58:37', '2020-07-11 11:58:37', 294),
(962, 0, 'Ggg', 55, '4', 0, 0, 0, 1, '2020-07-11 11:58:49', '2020-07-11 11:58:49', 294),
(963, 1, 'Ggyy', 0, '', 0, 0, 0, 1, '2020-07-11 12:01:40', '2020-07-11 12:01:40', 295),
(964, 0, 'Ggg', 22, '0', 0, 0, 0, 1, '2020-07-11 12:02:11', '2020-07-11 12:02:11', 295),
(965, 0, 'Ggg', 52, '3', 0, 0, 0, 1, '2020-07-11 12:02:24', '2020-07-11 12:02:24', 295),
(966, 0, 'Ggg', 55, '0', 0, 0, 0, 1, '2020-07-11 12:02:39', '2020-07-11 12:02:39', 295),
(967, 1, 'Icertg', 0, '1', 0, 1, 0, 1, '2020-07-11 12:19:06', '2020-07-11 12:23:29', 296),
(968, 0, 'Ggf', 5, '3', 0, 1, 0, 1, '2020-07-11 12:19:57', '2020-07-11 12:23:31', 296),
(969, 0, 'Gvh', 5, '4', 0, 1, 0, 1, '2020-07-11 12:20:08', '2020-07-11 12:23:33', 296),
(970, 0, 'Guu', 5, '2', 0, 1, 0, 1, '2020-07-11 12:20:20', '2020-07-11 12:23:36', 296),
(971, 1, 'Name', 0, '', 0, 0, 0, 1, '2020-07-11 12:38:58', '2020-07-11 12:38:58', 297),
(972, 0, 'Fgh', 5, '3', 0, 0, 0, 1, '2020-07-11 12:38:58', '2020-07-11 12:38:58', 297),
(973, 0, 'Fhh', 8, '4', 0, 0, 0, 1, '2020-07-11 12:38:58', '2020-07-11 12:38:58', 297),
(974, 0, 'Hhu', 9, '2', 0, 0, 0, 1, '2020-07-11 12:38:58', '2020-07-11 12:38:58', 297),
(975, 1, 'Ghg', 0, '', 0, 0, 0, 1, '2020-07-11 12:44:21', '2020-07-11 12:44:21', 298),
(976, 0, 'Fyu', 5, '0', 0, 0, 0, 1, '2020-07-11 12:47:19', '2020-07-11 12:47:19', 298),
(977, 0, 'Fhg', 8, '0', 0, 0, 0, 1, '2020-07-11 12:47:29', '2020-07-11 12:47:29', 298),
(978, 1, 'Mobile', 0, '', 0, 0, 0, 1, '2020-07-11 13:13:51', '2020-07-11 13:14:11', 299),
(979, 0, 'Tds', 2, '4', 0, 0, 0, 1, '2020-07-11 13:16:29', '2020-07-11 13:16:29', 299),
(980, 0, 'Ghv', 8, '3', 0, 0, 0, 1, '2020-07-11 13:18:58', '2020-07-11 13:18:58', 299),
(981, 0, 'Hehe', 5, '0', 0, 0, 0, 1, '2020-07-11 13:22:04', '2020-07-11 13:22:04', 299),
(982, 1, 'Vikas', 0, '1', 0, 0, 0, 1, '2020-07-11 13:26:30', '2020-07-11 13:26:30', 300),
(983, 0, 'Hehhs', 4, '4', 0, 0, 0, 1, '2020-07-11 13:26:51', '2020-07-11 13:26:51', 300),
(984, 0, 'Gehh', 5, '2', 0, 0, 0, 1, '2020-07-11 13:27:03', '2020-07-11 13:27:03', 300),
(985, 1, 'Tums', 0, '3', 0, 0, 0, 1, '2020-07-11 13:31:15', '2020-07-11 13:31:25', 301),
(986, 0, 'Hsh', 8, '4', 0, 0, 0, 1, '2020-07-11 13:31:15', '2020-07-11 13:31:15', 301),
(987, 0, 'Bsb', 5, '2', 0, 0, 0, 1, '2020-07-11 13:31:40', '2020-07-11 13:31:40', 301),
(988, 1, 'Gyyy', 0, '1', 0, 0, 0, 1, '2020-07-11 13:37:45', '2020-07-11 13:37:45', 302),
(989, 1, 'Yyyy', 0, '1', 0, 0, 0, 1, '2020-07-11 13:44:13', '2020-07-11 13:44:13', 303),
(990, 1, 'ww', 0, '1', 0, 0, 0, 1, '2020-07-11 13:49:26', '2020-07-11 13:49:26', 304),
(991, 1, 'Ggg', 0, '3', 0, 0, 0, 1, '2020-07-11 14:02:24', '2020-07-11 14:45:20', 305),
(992, 0, 'Ttt', 55, '0', 0, 0, 0, 1, '2020-07-11 14:10:24', '2020-07-11 14:10:24', 305),
(993, 1, 'Kcm', 0, '3', 0, 1, 0, 1, '2020-07-11 14:29:46', '2020-07-11 14:32:15', 306),
(994, 0, 'Gfd', 2, '2', 0, 1, 0, 1, '2020-07-11 14:29:46', '2020-07-11 14:32:50', 306),
(995, 0, 'Fff', 5, '2', 0, 1, 0, 1, '2020-07-11 14:30:00', '2020-07-11 14:32:47', 306),
(996, 0, 'Ffd', 2, '2', 0, 1, 0, 1, '2020-07-11 14:30:12', '2020-07-11 14:32:43', 306),
(997, 1, 'Foxx', 0, '3', 0, 0, 0, 1, '2020-07-11 14:36:13', '2020-07-11 14:36:33', 307),
(998, 0, 'Ghh', 5, '2', 0, 0, 0, 1, '2020-07-11 14:36:13', '2020-07-11 14:36:25', 307),
(999, 0, 'Fgh', 2, '3', 0, 0, 0, 1, '2020-07-11 14:37:22', '2020-07-11 14:37:22', 307),
(1000, 1, 'Vinn', 0, '3', 0, 0, 0, 1, '2020-07-11 14:39:34', '2020-07-11 14:40:13', 308),
(1001, 0, 'Ghy', 5, '0', 0, 0, 0, 1, '2020-07-11 14:39:34', '2020-07-11 14:39:34', 308),
(1002, 1, 'asd', 0, '1', 0, 0, 0, 1, '2020-07-11 14:41:12', '2020-07-11 14:51:20', 309),
(1003, 0, 'Afg', 56, '2', 0, 0, 0, 1, '2020-07-11 14:41:12', '2020-07-11 14:41:12', 309),
(1004, 0, 'yuio', 9, '3', 0, 0, 0, 1, '2020-07-11 14:41:12', '2020-07-11 14:41:12', 309),
(1005, 1, 'Kinn', 0, '1', 0, 0, 0, 1, '2020-07-11 14:48:02', '2020-07-11 14:48:02', 310),
(1006, 0, 'Hsh', 2, '2', 0, 0, 0, 1, '2020-07-11 14:48:02', '2020-07-11 14:48:02', 310),
(1007, 0, 'Bab', 9, '4', 0, 0, 0, 1, '2020-07-11 14:48:02', '2020-07-11 14:48:02', 310),
(1008, 0, 'Hsb', 6, '0', 0, 0, 0, 1, '2020-07-11 14:48:22', '2020-07-11 14:48:22', 310),
(1009, 1, 'Jimt', 0, '1', 0, 0, 0, 1, '2020-07-11 14:51:37', '2020-07-11 14:51:37', 311),
(1010, 0, 'Fgg', 5, '2', 0, 0, 0, 1, '2020-07-11 14:51:37', '2020-07-11 14:51:45', 311),
(1011, 0, 'Hsh', 5, '0', 0, 0, 0, 1, '2020-07-11 14:52:08', '2020-07-11 14:52:08', 311),
(1012, 0, 'Hsh', 8, '2', 0, 0, 0, 1, '2020-07-11 14:52:24', '2020-07-11 14:52:24', 311),
(1013, 1, 'Lujj', 0, '1', 0, 0, 0, 1, '2020-07-11 14:59:19', '2020-07-11 15:07:14', 312),
(1014, 0, 'Ooo', 1, '4', 0, 0, 0, 1, '2020-07-11 14:59:19', '2020-07-11 15:07:43', 312),
(1015, 0, 'Ooo', 1, '4', 0, 0, 0, 1, '2020-07-11 14:59:45', '2020-07-11 15:07:52', 312),
(1016, 0, 'Ooo', 1, '4', 0, 0, 0, 1, '2020-07-11 15:00:05', '2020-07-11 15:08:04', 312),
(1017, 1, 'aaaas', 1, '2', 0, 0, 0, 1, '2020-07-11 15:34:58', '2020-07-11 15:42:10', 313),
(1018, 0, 'roshni', 6, '2', 0, 0, 0, 1, '2020-07-11 15:34:58', '2020-07-11 15:37:00', 313),
(1019, 1, 'Jsjejej', 0, '3', 0, 0, 0, 1, '2020-07-11 15:46:18', '2020-07-11 15:48:06', 314),
(1020, 0, 'Ajaj', 5, '2', 0, 0, 0, 1, '2020-07-11 15:46:18', '2020-07-11 15:46:18', 314),
(1021, 1, 'Ravi', 0, '1', 0, 0, 0, 1, '2020-07-11 15:55:20', '2020-07-11 15:55:20', 315),
(1022, 0, 'Vaishali', 5, '2', 0, 0, 0, 1, '2020-07-11 15:55:20', '2020-07-11 15:55:20', 315),
(1023, 0, 'Priyansh', 2, '3', 0, 0, 0, 1, '2020-07-11 15:55:20', '2020-07-11 15:55:20', 315),
(1024, 0, 'fdhfghfgh', 12, '2', 0, 0, 0, 1, '2020-07-11 17:04:14', '2020-07-11 17:04:14', 248),
(1025, 0, 'Aditya Menon', 12, '', 30, 0, 0, 1, '2020-07-11 19:30:23', '2020-07-16 03:37:15', 72),
(1026, 0, 'Aditya Menon', 12, '', 0, 0, 0, 1, '2020-07-12 02:20:55', '2020-07-12 02:20:55', 72),
(1027, 0, 'Ameya', 12, '', 0, 0, 0, 1, '2020-07-12 02:21:21', '2020-07-12 02:21:21', 72),
(1028, 1, 'test updated fourth', 1, '2', 0, 0, 0, 1, '2020-07-12 15:39:27', '2020-07-12 16:05:11', 316),
(1029, 0, 'child one twice ', 5, '3', 0, 1, 0, 1, '2020-07-12 15:39:27', '2020-07-12 16:06:39', 316),
(1030, 0, 'chile two updated', 25, '4', 0, 1, 0, 1, '2020-07-12 15:39:27', '2020-07-12 15:55:15', 316),
(1031, 0, 'child three updated', 8, '1', 0, 1, 0, 1, '2020-07-12 15:39:27', '2020-07-12 16:06:18', 316),
(1032, 0, 'ray', 8, '3', 30, 1, 0, 1, '2020-07-12 15:56:31', '2020-07-23 01:27:23', 115),
(1033, 1, 'OnePUo', 0, '2', 0, 0, 0, 1, '2020-07-12 19:24:12', '2020-07-12 19:50:36', 317),
(1034, 0, 'Onec', 5, '3', 0, 0, 0, 1, '2020-07-12 19:24:12', '2020-07-12 19:24:12', 317),
(1035, 0, 'TwoC', 5, '3', 15, 1, 0, 1, '2020-07-12 19:24:12', '2020-07-15 01:25:28', 317),
(1036, 0, 'ChidfourU', 60, '4', 0, 1, 0, 1, '2020-07-12 19:28:37', '2020-07-12 19:41:24', 317),
(1037, 1, 'Bob Cheese', 1, '3', 0, 0, 0, 1, '2020-07-12 22:20:57', '2020-07-12 22:40:42', 318),
(1038, 0, 'Jeff Cheese', 99, '4', 0, 0, 0, 1, '2020-07-12 22:20:57', '2020-07-12 22:37:17', 318),
(1039, 0, 'Jane Cheese', 98, '2', 0, 0, 0, 1, '2020-07-12 22:20:57', '2020-07-12 22:37:14', 318),
(1040, 1, 'ipad', 0, '1', 0, 0, 0, 1, '2020-07-13 02:44:14', '2020-07-13 02:44:14', 319),
(1041, 0, 'chl', 5, '4', 0, 0, 0, 1, '2020-07-13 02:44:14', '2020-07-13 02:44:14', 319),
(1042, 0, 'chltwo', 78, '3', 0, 0, 0, 1, '2020-07-13 02:44:14', '2020-07-13 02:44:14', 319),
(1043, 0, 'child t', 76, '3', 0, 0, 0, 1, '2020-07-13 02:44:30', '2020-07-13 02:44:30', 319),
(1044, 1, 'clis', 0, '1', 0, 0, 0, 1, '2020-07-13 05:29:59', '2020-07-13 05:29:59', 320),
(1045, 0, 'cvv', 2, '4', 0, 0, 0, 1, '2020-07-13 05:29:59', '2020-07-13 05:29:59', 320),
(1046, 0, 'vhh', 8, '3', 0, 0, 0, 1, '2020-07-13 05:29:59', '2020-07-13 05:29:59', 320),
(1047, 0, 'bjh', 9, '1', 0, 0, 0, 1, '2020-07-13 05:29:59', '2020-07-13 05:29:59', 320),
(1048, 1, 'Vikas', 0, '1', 0, 0, 0, 1, '2020-07-13 06:13:01', '2020-07-13 06:13:01', 321),
(1049, 0, 'ChildA', 12, '2', 0, 0, 0, 1, '2020-07-13 06:13:01', '2020-07-13 06:13:01', 321),
(1050, 0, 'ChildB', 4, '', 0, 0, 0, 1, '2020-07-13 06:13:01', '2020-07-13 06:13:01', 321),
(1051, 0, 'ChildC', 23, '4', 0, 0, 0, 1, '2020-07-13 06:13:01', '2020-07-13 06:13:01', 321),
(1052, 1, 'lilz', 0, '1', 25, 0, 0, 1, '2020-07-13 06:19:56', '2020-07-13 06:22:07', 322),
(1053, 0, 'chg', 2, '1', 0, 0, 0, 1, '2020-07-13 06:19:56', '2020-07-13 06:19:56', 322),
(1054, 0, 'chh', 8, '2', 0, 0, 0, 1, '2020-07-13 06:19:56', '2020-07-13 06:19:56', 322),
(1055, 0, 'chh', 18, '4', 0, 0, 0, 1, '2020-07-13 06:19:56', '2020-07-13 06:19:56', 322),
(1056, 1, 'vilz', 0, '1', 25, 0, 0, 1, '2020-07-13 06:28:30', '2020-07-13 06:28:51', 323),
(1057, 0, 'gfh', 2, '1', 0, 0, 0, 1, '2020-07-13 06:28:30', '2020-07-13 06:28:30', 323),
(1058, 0, 'fhh', 8, '2', 0, 0, 0, 1, '2020-07-13 06:28:30', '2020-07-13 06:28:30', 323),
(1059, 0, 'vhu', 18, '4', 0, 0, 0, 1, '2020-07-13 06:28:30', '2020-07-13 06:28:30', 323),
(1060, 1, 'ppArent', 0, '1', 20, 0, 0, 1, '2020-07-13 06:38:07', '2020-07-13 06:38:20', 324),
(1061, 0, 'One', 12, '2', 0, 0, 0, 1, '2020-07-13 06:38:07', '2020-07-13 06:38:07', 324),
(1062, 0, 'Two', 12, '2', 0, 0, 0, 1, '2020-07-13 06:38:07', '2020-07-13 06:38:07', 324),
(1063, 0, 'Three', 23, '4', 0, 0, 0, 1, '2020-07-13 06:38:07', '2020-07-13 06:38:07', 324),
(1064, 1, 'Parent', 0, '1', 0, 0, 0, 1, '2020-07-13 06:42:12', '2020-07-13 06:42:12', 325),
(1065, 0, 'fsdf', 12, '1', 0, 0, 0, 1, '2020-07-13 06:42:12', '2020-07-13 06:42:12', 325),
(1066, 1, 'Test', 0, '1', 20, 0, 0, 1, '2020-07-13 07:11:01', '2020-07-13 07:11:13', 326),
(1067, 0, 'ewqe', 23, '1', 0, 0, 0, 1, '2020-07-13 07:11:01', '2020-07-13 07:11:01', 326),
(1068, 1, 'Carrom', 0, '2', 45, 0, 0, 1, '2020-07-13 08:52:36', '2020-07-13 09:02:58', 327),
(1069, 0, 'Chg', 2, '1', 30, 0, 0, 1, '2020-07-13 08:52:36', '2020-07-13 09:09:35', 327),
(1070, 0, 'Fgf', 8, '2', 0, 0, 0, 1, '2020-07-13 08:52:36', '2020-07-13 08:52:36', 327),
(1071, 0, 'Fbc', 9, '3', 0, 0, 0, 1, '2020-07-13 08:52:36', '2020-07-13 08:52:36', 327),
(1072, 1, 'Bliss', 0, '2', 25, 0, 0, 1, '2020-07-13 09:19:09', '2020-07-13 09:44:24', 328),
(1073, 0, 'Hhg', 2, '1', 0, 0, 0, 1, '2020-07-13 09:19:09', '2020-07-13 09:19:09', 328),
(1074, 0, 'Fhf', 8, '2', 20, 0, 0, 1, '2020-07-13 09:19:09', '2020-07-13 10:00:48', 328),
(1075, 0, 'Tbc', 9, '3', 20, 0, 0, 1, '2020-07-13 09:19:09', '2020-07-13 09:59:38', 328),
(1076, 1, 'rishi', 0, '1', 25, 0, 0, 1, '2020-07-13 10:17:21', '2020-07-13 10:18:31', 329),
(1077, 0, 'vaba', 1, '1', 20, 0, 0, 1, '2020-07-13 10:17:21', '2020-07-13 10:24:12', 329),
(1078, 0, 'hshs', 8, '2', 0, 0, 0, 1, '2020-07-13 10:17:21', '2020-07-13 10:17:21', 329),
(1079, 0, 'hsbs', 9, '4', 0, 0, 0, 1, '2020-07-13 10:17:21', '2020-07-13 10:17:21', 329),
(1080, 1, 'Rishu', 0, '1', 0, 0, 0, 1, '2020-07-13 10:46:50', '2020-07-13 10:46:50', 330),
(1081, 0, 'ghf', 25, '1', 0, 0, 0, 1, '2020-07-13 10:46:50', '2020-07-13 10:46:50', 330),
(1082, 0, 'vbv', 3, '3', 0, 0, 0, 1, '2020-07-13 10:46:50', '2020-07-13 10:46:50', 330),
(1083, 0, 'vjh', 8, '4', 0, 0, 0, 1, '2020-07-13 10:46:50', '2020-07-13 10:46:50', 330),
(1084, 1, 'ronee', 0, '1', 0, 0, 0, 1, '2020-07-13 10:56:16', '2020-07-13 10:56:16', 331),
(1085, 0, 'gvv', 2, '1', 0, 0, 0, 1, '2020-07-13 10:56:16', '2020-07-13 10:56:16', 331),
(1086, 0, 'ghb', 8, '2', 0, 0, 0, 1, '2020-07-13 10:56:16', '2020-07-13 10:56:16', 331),
(1087, 0, 'vvh', 18, '4', 0, 0, 0, 1, '2020-07-13 10:56:16', '2020-07-13 10:56:16', 331),
(1088, 1, 'bars', 0, '1', 10, 0, 0, 1, '2020-07-13 11:06:21', '2020-07-13 11:07:16', 332),
(1089, 0, 'fhh', 8, '4', 0, 0, 0, 1, '2020-07-13 11:06:21', '2020-07-13 11:06:21', 332),
(1090, 0, 'bnj', 8, '3', 0, 0, 0, 1, '2020-07-13 11:06:21', '2020-07-13 11:06:21', 332),
(1091, 0, 'ghh', 8, '2', 0, 0, 0, 1, '2020-07-13 11:06:21', '2020-07-13 11:06:21', 332),
(1092, 1, 'open', 0, '1', 0, 0, 0, 1, '2020-07-13 11:13:35', '2020-07-13 11:13:35', 333),
(1093, 0, 'chh', 2, '1', 0, 0, 0, 1, '2020-07-13 11:13:35', '2020-07-13 11:13:35', 333),
(1094, 0, 'ghj', 8, '2', 0, 0, 0, 1, '2020-07-13 11:13:35', '2020-07-13 11:13:35', 333),
(1095, 0, 'vkj', 9, '4', 0, 0, 0, 1, '2020-07-13 11:13:35', '2020-07-13 11:13:35', 333),
(1096, 1, 'virr', 0, '1', 20, 0, 0, 1, '2020-07-13 11:19:51', '2020-07-13 11:20:12', 334),
(1097, 1, 'Bee', 0, '1', 40, 0, 0, 1, '2020-07-13 12:50:22', '2020-07-13 13:03:00', 335),
(1098, 0, 'Fgf', 5, '2', 0, 0, 0, 1, '2020-07-13 12:50:22', '2020-07-13 12:50:22', 335),
(1099, 0, 'Fgf', 9, '3', 0, 0, 0, 1, '2020-07-13 12:50:22', '2020-07-13 12:50:22', 335),
(1100, 0, 'Fgh', 5, '3', 0, 0, 0, 1, '2020-07-13 12:50:22', '2020-07-13 12:50:22', 335),
(1101, 1, 'Zee', 0, '1', 20, 0, 0, 1, '2020-07-13 13:05:04', '2020-07-13 13:06:26', 336),
(1102, 0, 'Cvb', 6, '4', 20, 0, 0, 1, '2020-07-13 13:05:04', '2020-07-13 13:08:03', 336),
(1103, 0, 'Vvb', 9, '3', 0, 0, 0, 1, '2020-07-13 13:05:04', '2020-07-13 13:05:04', 336),
(1104, 0, 'Ghh', 6, '2', 0, 0, 0, 1, '2020-07-13 13:05:04', '2020-07-13 13:05:04', 336),
(1105, 1, 'Lived', 0, '2', 35, 0, 0, 1, '2020-07-13 13:14:42', '2020-07-13 13:24:37', 337),
(1106, 0, 'bnh', 5, '2', 0, 0, 0, 1, '2020-07-14 05:57:01', '2020-07-14 05:57:01', 334),
(1107, 0, 'tgg', 6, '4', 0, 0, 0, 1, '2020-07-14 05:57:30', '2020-07-14 05:57:30', 334),
(1108, 0, 'fyh', 6, '', 0, 0, 0, 1, '2020-07-14 05:57:58', '2020-07-14 05:57:58', 334),
(1109, 1, 'Prem', 0, '1', 0, 0, 0, 1, '2020-07-14 06:20:16', '2020-07-14 06:20:16', 338),
(1110, 0, 'Fug', 2, '1', 0, 0, 0, 1, '2020-07-14 06:20:16', '2020-07-14 06:20:16', 338),
(1111, 0, 'Chh', 6, '2', 0, 0, 0, 1, '2020-07-14 06:20:16', '2020-07-14 06:20:16', 338),
(1112, 1, 'Sara', 0, '1', 15, 0, 0, 1, '2020-07-14 06:26:38', '2020-07-14 06:29:10', 339),
(1113, 1, 'Kill', 0, '1', 0, 0, 0, 1, '2020-07-14 06:34:46', '2020-07-14 06:34:46', 340),
(1114, 1, 'Zig', 0, '1', 0, 0, 0, 1, '2020-07-14 06:38:10', '2020-07-14 06:38:10', 341),
(1115, 1, 'Zag', 0, '1', 0, 0, 0, 1, '2020-07-14 06:41:36', '2020-07-14 06:41:36', 342),
(1116, 0, 'Hhh', 6, '3', 0, 0, 0, 1, '2020-07-14 06:41:36', '2020-07-14 06:41:36', 342),
(1117, 1, 'Tag', 0, '1', 0, 0, 0, 1, '2020-07-14 06:44:40', '2020-07-14 06:44:40', 343),
(1118, 0, 'Hhh', 2, '3', 0, 0, 0, 1, '2020-07-14 06:44:40', '2020-07-14 06:44:40', 343),
(1119, 0, 'Ddr', 2, '4', 0, 0, 0, 1, '2020-07-14 06:44:40', '2020-07-14 06:44:40', 343),
(1120, 1, 'Tagg', 0, '1', 0, 0, 0, 1, '2020-07-14 06:48:53', '2020-07-14 06:48:53', 344),
(1121, 0, 'Jsjs', 8, '0', 0, 0, 0, 1, '2020-07-14 06:48:53', '2020-07-14 06:48:53', 344),
(1122, 1, 'Zagg', 0, '1', 0, 0, 0, 1, '2020-07-14 06:54:44', '2020-07-14 06:54:44', 345),
(1123, 0, 'Tjg', 5, '1', 0, 0, 0, 1, '2020-07-14 06:54:44', '2020-07-14 06:54:44', 345),
(1124, 0, 'Fhg', 5, '3', 0, 0, 0, 1, '2020-07-14 06:54:44', '2020-07-14 06:54:44', 345),
(1125, 1, 'chur', 0, '1', 0, 0, 0, 1, '2020-07-14 08:41:49', '2020-07-14 08:41:49', 346),
(1126, 1, 'peter', 0, '1', 25, 0, 0, 1, '2020-07-14 09:05:29', '2020-07-14 09:08:35', 347),
(1127, 0, 'chh', 5, '2', 0, 0, 0, 1, '2020-07-14 09:05:29', '2020-07-14 09:05:29', 347),
(1128, 0, 'vvg', 8, '3', 0, 0, 0, 1, '2020-07-14 09:05:29', '2020-07-14 09:05:29', 347),
(1129, 0, 'chg', 9, '4', 0, 0, 0, 1, '2020-07-14 09:05:29', '2020-07-14 09:05:29', 347),
(1130, 1, 'cheat', 0, '1', 0, 0, 0, 1, '2020-07-14 09:43:48', '2020-07-14 09:43:48', 348),
(1131, 0, 'vbc', 5, '1', 0, 0, 0, 1, '2020-07-14 09:43:48', '2020-07-14 09:43:48', 348),
(1132, 0, 'cvb', 8, '3', 0, 0, 0, 1, '2020-07-14 09:43:48', '2020-07-14 09:43:48', 348),
(1133, 0, 'bjb', 9, '4', 0, 0, 0, 1, '2020-07-14 09:43:48', '2020-07-14 09:43:48', 348),
(1134, 1, 'VikasPa', 1, '2', 20, 0, 0, 1, '2020-07-14 09:47:28', '2020-07-14 12:53:34', 349),
(1135, 0, 'fsdf', 12, '1', 0, 0, 0, 1, '2020-07-14 09:47:28', '2020-07-14 09:47:28', 349),
(1136, 0, 'qqwe', 8, '2', 0, 0, 0, 1, '2020-07-14 09:47:28', '2020-07-14 09:47:28', 349),
(1137, 0, 'qwe', 12, '2', 0, 0, 0, 1, '2020-07-14 09:47:28', '2020-07-14 09:47:28', 349),
(1138, 1, 'pina', 1, '4', 20, 0, 0, 1, '2020-07-14 10:02:01', '2020-07-14 10:22:07', 350),
(1139, 0, 'vhf', 6, '4', 0, 0, 0, 1, '2020-07-14 10:02:01', '2020-07-14 10:14:28', 350),
(1140, 0, 'vvv', 8, '4', 20, 0, 0, 1, '2020-07-14 10:02:01', '2020-07-14 10:14:08', 350),
(1141, 0, 'ghh', 9, '4', 30, 0, 0, 1, '2020-07-14 10:02:01', '2020-07-14 10:22:45', 350),
(1142, 1, 'hinge', 0, '1', 10, 0, 0, 1, '2020-07-14 11:41:05', '2020-07-14 11:42:02', 351),
(1143, 0, 'vhh', 5, '3', 15, 0, 0, 1, '2020-07-14 11:41:05', '2020-07-14 11:45:58', 351),
(1144, 1, 'milz', 0, '1', 15, 0, 0, 1, '2020-07-14 12:00:18', '2020-07-14 12:14:42', 352),
(1145, 0, 'chf', 5, '2', 0, 0, 0, 1, '2020-07-14 12:00:18', '2020-07-14 12:00:18', 352),
(1146, 0, 'fgc', 9, '3', 0, 0, 0, 1, '2020-07-14 12:00:18', '2020-07-14 12:00:18', 352),
(1147, 0, 'cvc', 6, '4', 0, 0, 0, 1, '2020-07-14 12:00:18', '2020-07-14 12:00:18', 352),
(1148, 1, 'John', 1, '3', 15, 0, 0, 1, '2020-07-14 12:06:46', '2020-07-23 07:45:37', 353),
(1149, 0, 'Ashu', 9, '2', 0, 0, 0, 1, '2020-07-14 12:06:46', '2020-07-14 12:23:14', 353),
(1150, 0, 'Puca', 5, '4', 0, 0, 0, 1, '2020-07-14 12:06:46', '2020-07-14 12:06:46', 353),
(1151, 1, 'shsg', 1, '4', 30, 0, 0, 1, '2020-07-14 12:16:17', '2020-07-14 12:31:08', 354),
(1152, 0, 'child ', 55, '4', 0, 0, 0, 1, '2020-07-14 12:16:17', '2020-07-14 12:16:17', 354),
(1153, 0, 'vhf', 8, '3', 0, 0, 0, 1, '2020-07-14 12:16:17', '2020-07-14 12:16:17', 354),
(1154, 1, 'nick', 0, '1', 0, 0, 0, 1, '2020-07-14 12:33:28', '2020-07-14 12:33:28', 355),
(1155, 0, 'ghf', 5, '3', 0, 0, 0, 1, '2020-07-14 12:33:28', '2020-07-14 12:33:28', 355),
(1156, 0, 'vbbc', 6, '2', 0, 0, 0, 1, '2020-07-14 12:33:28', '2020-07-14 12:33:28', 355),
(1157, 1, 'aAshim', 0, '1', 0, 0, 0, 1, '2020-07-14 12:57:52', '2020-07-14 12:57:52', 356),
(1158, 1, 'asim', 0, '1', 0, 0, 0, 1, '2020-07-14 12:59:34', '2020-07-14 12:59:34', 357),
(1159, 0, 'nina', 8, '2', 0, 0, 0, 1, '2020-07-14 12:59:34', '2020-07-14 12:59:34', 357),
(1160, 0, 'test', 1, '', 0, 0, 0, 1, '2020-07-14 13:01:15', '2020-07-14 13:01:15', 357),
(1161, 0, 'vkg', 19, '4', 0, 1, 0, 1, '2020-07-14 13:02:06', '2020-07-14 13:08:46', 357),
(1162, 0, 'dhram', 6, '3', 0, 0, 0, 1, '2020-07-14 13:02:35', '2020-07-14 13:02:35', 122),
(1164, 1, 'html', 0, '1', 25, 0, 0, 1, '2020-07-14 13:12:37', '2020-07-14 13:15:19', 358),
(1165, 0, 'ggg', 8, '2', 10, 0, 0, 1, '2020-07-14 13:12:37', '2020-07-14 13:15:49', 358),
(1166, 0, 'ghh', 9, '3', 20, 0, 0, 1, '2020-07-14 13:12:37', '2020-07-14 13:18:28', 358),
(1167, 1, 'binary', 0, '1', 10, 0, 0, 1, '2020-07-14 13:21:53', '2020-07-14 13:22:26', 359),
(1168, 0, 'gvv', 2, '4', 20, 0, 0, 1, '2020-07-14 13:21:53', '2020-07-14 13:28:08', 359),
(1169, 0, 'ghg', 9, '3', 25, 0, 0, 1, '2020-07-14 13:21:53', '2020-07-14 13:26:20', 359),
(1170, 0, 'gbh', 5, '1', 10, 0, 0, 1, '2020-07-14 13:25:02', '2020-07-14 13:25:49', 359),
(1171, 0, 'Abcd', 5, '3', 0, 0, 0, 1, '2020-07-14 13:28:31', '2020-07-14 13:28:31', 70),
(1172, 1, 'lilu', 0, '1', 30, 0, 0, 1, '2020-07-14 13:28:55', '2020-07-14 13:38:44', 360),
(1173, 0, 'vidu', 8, '3', 20, 0, 0, 1, '2020-07-14 13:30:38', '2020-07-24 12:37:39', 54),
(1174, 0, 'fgg', 55, '', 15, 0, 0, 1, '2020-07-14 13:32:04', '2020-07-14 13:33:39', 360),
(1175, 0, 'vhh', 8, '4', 30, 0, 0, 1, '2020-07-14 13:34:13', '2020-07-14 13:35:54', 360),
(1176, 0, 'bnho', 5, '', 20, 0, 0, 1, '2020-07-14 13:39:07', '2020-07-14 13:39:36', 360),
(1177, 0, 'Sweet', 9, '3', 35, 0, 0, 1, '2020-07-14 13:51:16', '2020-07-27 09:39:12', 70),
(1178, 0, 'chitu', 8, '4', 20, 0, 0, 1, '2020-07-14 13:52:06', '2020-07-24 12:43:21', 54),
(1179, 1, 'Gug', 0, '1', 0, 0, 0, 1, '2020-07-14 14:01:27', '2020-07-14 14:01:27', 361),
(1180, 1, 'Rggjh', 0, '1', 10, 0, 0, 1, '2020-07-14 14:01:28', '2020-07-14 14:13:40', 362),
(1181, 0, 'Chg', 5, '3', 0, 0, 0, 1, '2020-07-14 14:01:28', '2020-07-14 14:01:28', 362),
(1182, 0, 'Fhf', 9, '1', 0, 0, 0, 1, '2020-07-14 14:01:28', '2020-07-14 14:01:28', 362),
(1183, 0, 'Gyy', 55, '3', 0, 0, 0, 1, '2020-07-14 14:03:03', '2020-07-14 14:03:03', 361),
(1184, 1, 'aaaa', 0, '1', 0, 0, 0, 1, '2020-07-14 14:10:20', '2020-07-14 14:10:20', 363);
INSERT INTO `UserProfiles` (`id`, `account_type`, `name`, `age`, `avatar_id`, `points`, `audio_mode`, `landscape_mode`, `status`, `createdAt`, `updatedAt`, `AccountId`) VALUES
(1185, 0, 'ajaja', 23, '2', 0, 1, 0, 1, '2020-07-14 14:10:20', '2020-07-14 14:15:08', 363),
(1186, 1, 'hgscqdgghqa', 0, '1', 0, 0, 0, 1, '2020-07-14 14:11:47', '2020-07-14 14:11:47', 364),
(1187, 0, 'ffttyghhj', 12, '3', 0, 0, 0, 1, '2020-07-14 14:11:47', '2020-07-14 14:11:47', 364),
(1188, 1, 'atiff', 1, '3', 20, 0, 0, 1, '2020-07-14 14:39:20', '2020-07-14 14:42:28', 365),
(1189, 0, 'ghh', 5, '4', 0, 0, 0, 1, '2020-07-14 14:39:20', '2020-07-14 14:39:20', 365),
(1190, 1, 'vipi', 0, '1', 0, 0, 0, 1, '2020-07-14 14:45:37', '2020-07-14 14:45:37', 366),
(1191, 0, 'vhh', 8, '4', 0, 0, 0, 1, '2020-07-14 14:45:37', '2020-07-14 14:45:37', 366),
(1192, 1, 'Bhh', 0, '1', 0, 0, 0, 1, '2020-07-14 17:29:31', '2020-07-14 17:29:31', 367),
(1193, 1, 'bhguyu', 0, '1', 0, 0, 0, 1, '2020-07-14 17:31:37', '2020-07-14 17:31:37', 368),
(1194, 0, 'yvr', 5, '', 35, 0, 0, 1, '2020-07-14 23:47:54', '2020-07-25 02:12:52', 115),
(1195, 1, 'Willccf', 0, '3', 20, 0, 0, 1, '2020-07-15 04:54:52', '2020-07-15 05:57:53', 369),
(1196, 0, 'Fhh', 5, '4', 0, 0, 0, 1, '2020-07-15 04:54:52', '2020-07-15 04:54:52', 369),
(1197, 1, 'Ggyy', 0, '1', 0, 0, 0, 1, '2020-07-15 05:25:43', '2020-07-15 06:19:05', 370),
(1198, 0, 'Vttt', 2, '2', 0, 0, 0, 1, '2020-07-15 05:25:43', '2020-07-15 05:25:43', 370),
(1199, 1, 'ttu', 1, '1', 0, 0, 0, 1, '2020-07-15 05:25:44', '2020-07-15 06:19:03', 371),
(1200, 1, 'Gulz', 0, '1', 20, 0, 0, 1, '2020-07-15 06:10:06', '2020-07-15 06:17:17', 372),
(1201, 0, 'Bshs', 5, '1', 45, 0, 0, 1, '2020-07-15 06:10:06', '2020-07-15 06:56:48', 372),
(1202, 0, 'Child', 5, '3', 0, 0, 0, 1, '2020-07-15 06:23:06', '2020-07-15 06:23:06', 370),
(1203, 0, 'two', 2, '2', 0, 0, 0, 1, '2020-07-15 06:23:10', '2020-07-15 06:23:10', 371),
(1204, 0, 'Jkkk', 86, '4', 0, 0, 0, 1, '2020-07-15 06:33:16', '2020-07-15 06:33:16', 370),
(1205, 1, 'Folk', 0, '1', 0, 0, 0, 1, '2020-07-15 07:00:34', '2020-07-15 07:00:34', 373),
(1206, 0, 'Fyf', 5, '3', 0, 0, 0, 1, '2020-07-15 07:00:34', '2020-07-15 07:00:34', 373),
(1207, 1, 'asdff', 0, '1', 0, 0, 0, 1, '2020-07-15 07:07:21', '2020-07-15 07:07:21', 374),
(1208, 0, 'yyy', 12, '2', 0, 0, 0, 1, '2020-07-15 07:07:21', '2020-07-15 07:07:21', 374),
(1209, 1, 'Asdd', 0, '1', 0, 0, 0, 1, '2020-07-15 07:07:22', '2020-07-15 07:07:22', 375),
(1210, 0, 'Tttt', 23, '2', 0, 0, 0, 1, '2020-07-15 07:07:22', '2020-07-15 07:07:22', 375),
(1211, 1, 'heel', 0, '1', 0, 0, 0, 1, '2020-07-15 08:19:17', '2020-07-15 08:19:17', 376),
(1212, 0, 'chg', 5, '4', 0, 0, 0, 1, '2020-07-15 08:19:17', '2020-07-15 08:19:17', 376),
(1213, 1, 'pine', 0, '1', 0, 0, 0, 1, '2020-07-15 08:37:25', '2020-07-15 08:37:25', 377),
(1214, 0, 'ghg', 5, '3', 0, 0, 0, 1, '2020-07-15 08:37:25', '2020-07-15 08:37:25', 377),
(1215, 1, 'Ggyh', 0, '1', 0, 0, 0, 1, '2020-07-15 11:09:40', '2020-07-15 11:09:40', 378),
(1216, 0, 'Tttt', 89, '3', 0, 0, 0, 1, '2020-07-15 11:16:14', '2020-07-15 11:16:14', 378),
(1217, 1, 'Yuuii', 0, '1', 0, 0, 0, 1, '2020-07-15 11:48:27', '2020-07-15 11:48:27', 379),
(1218, 0, 'Gggy', 3, '2', 0, 0, 0, 1, '2020-07-15 11:48:27', '2020-07-15 11:48:27', 379),
(1219, 1, 'asdf', 0, '1', 0, 0, 0, 1, '2020-07-15 11:48:27', '2020-07-15 11:48:27', 380),
(1220, 0, 'hhc h', 8, '2', 0, 0, 0, 1, '2020-07-15 11:48:27', '2020-07-15 11:48:27', 380),
(1221, 1, 'Aha', 0, '2', 0, 0, 0, 1, '2020-07-15 13:09:13', '2020-07-15 13:10:29', 381),
(1222, 0, 'Haha', 3, '4', 0, 0, 0, 1, '2020-07-15 13:09:13', '2020-07-15 13:09:13', 381),
(1223, 1, 'Gyyytyyy', 0, '3', 0, 1, 0, 1, '2020-07-15 15:09:36', '2020-07-15 15:13:59', 382),
(1224, 0, 'Ttt', 52, '3', 0, 0, 0, 1, '2020-07-15 15:13:07', '2020-07-15 15:13:07', 382),
(1225, 1, 'Htutu', 0, '1', 0, 0, 0, 1, '2020-07-15 15:20:55', '2020-07-15 15:20:55', 383),
(1226, 1, 'Ashu  sfs', 0, '3', 40, 0, 0, 1, '2020-07-16 05:34:23', '2020-07-16 06:34:58', 384),
(1227, 0, 'Asd', 23, '2', 0, 0, 0, 1, '2020-07-16 05:34:23', '2020-07-16 05:34:23', 384),
(1228, 0, 'Asdfgejsjssjsjdjdjdj', 99, '4', 0, 0, 0, 1, '2020-07-16 06:22:18', '2020-07-16 06:22:18', 384),
(1229, 1, 'mayur', 0, '1', 0, 0, 0, 1, '2020-07-16 06:36:24', '2020-07-16 06:36:24', 385),
(1230, 0, 'cct', 8, '4', 0, 0, 0, 1, '2020-07-16 06:36:24', '2020-07-16 06:36:24', 385),
(1231, 1, 'milan', 1, '2', 0, 0, 0, 1, '2020-07-16 07:43:07', '2020-07-16 07:53:37', 386),
(1232, 0, 'fig', 17, '3', 0, 0, 0, 1, '2020-07-16 07:43:07', '2020-07-16 07:47:09', 386),
(1233, 0, 'fug', 15, '4', 0, 0, 0, 1, '2020-07-16 07:45:21', '2020-07-16 07:46:40', 386),
(1234, 0, 'fgg', 18, '2', 0, 0, 0, 1, '2020-07-16 07:48:32', '2020-07-16 07:48:32', 386),
(1235, 1, 'milan', 0, '1', 0, 0, 0, 1, '2020-07-16 08:05:00', '2020-07-16 08:05:00', 387),
(1236, 0, 'fdg', 8, '4', 0, 0, 0, 1, '2020-07-16 08:05:00', '2020-07-16 08:05:00', 387),
(1237, 1, 'Milann', 1, '4', 0, 1, 0, 1, '2020-07-16 08:24:10', '2020-07-16 12:30:35', 388),
(1238, 0, 'chg', 55, '4', 0, 0, 0, 1, '2020-07-16 08:25:07', '2020-07-16 08:25:52', 388),
(1239, 0, 'Milan', 8, '', 0, 0, 0, 1, '2020-07-16 08:26:53', '2020-07-16 08:27:42', 388),
(1240, 0, 'fgf', 8, '2', 0, 0, 0, 1, '2020-07-16 08:28:12', '2020-07-16 12:27:05', 388),
(1241, 1, 'dinn', 0, '1', 0, 0, 0, 1, '2020-07-16 09:49:28', '2020-07-16 09:49:28', 389),
(1242, 0, 'bzbz', 8, '1', 0, 0, 0, 1, '2020-07-16 09:49:28', '2020-07-16 09:52:03', 389),
(1243, 0, 'vbb', 8, '1', 0, 0, 0, 1, '2020-07-16 09:50:12', '2020-07-16 09:52:10', 389),
(1244, 0, 'g xnd', 5, '', 0, 0, 0, 1, '2020-07-16 09:52:59', '2020-07-16 09:52:59', 389),
(1245, 1, 'mith', 0, '1', 0, 0, 0, 1, '2020-07-16 12:37:24', '2020-07-16 12:37:24', 390),
(1246, 0, 'ghgff', 81, '1', 0, 0, 0, 1, '2020-07-16 12:38:07', '2020-07-16 12:40:11', 390),
(1247, 0, 'fgd', 5, '4', 0, 0, 0, 1, '2020-07-16 12:39:35', '2020-07-16 12:39:35', 390),
(1248, 1, 'bigge', 1, '4', 0, 0, 0, 1, '2020-07-16 12:42:28', '2020-07-16 12:42:59', 391),
(1249, 0, 'bbv', 8, '4', 0, 1, 0, 1, '2020-07-16 12:42:28', '2020-07-16 12:42:53', 391),
(1250, 0, 'bbh', 52, '3', 0, 0, 0, 1, '2020-07-16 12:42:28', '2020-07-16 12:42:28', 391),
(1251, 0, 'hhf', 12, '4', 0, 0, 0, 1, '2020-07-16 12:42:28', '2020-07-16 12:43:06', 391),
(1252, 1, 'test one ul', 1, '1', 0, 0, 0, 1, '2020-07-16 19:23:45', '2020-07-16 22:07:58', 392),
(1253, 0, 'c o u', 12, '4', 0, 1, 0, 1, '2020-07-16 19:23:45', '2020-07-16 22:08:19', 392),
(1254, 0, 'c two up', 2, '3', 0, 1, 0, 1, '2020-07-16 19:23:45', '2020-07-16 20:13:51', 392),
(1255, 0, 'four', 7, '1', 0, 1, 0, 1, '2020-07-16 20:19:09', '2020-07-16 20:20:25', 392),
(1256, 1, 'five', 0, '1', 0, 0, 0, 1, '2020-07-16 20:24:05', '2020-07-16 20:24:05', 393),
(1257, 0, 'dhddb', 5, '4', 0, 0, 0, 1, '2020-07-16 20:24:05', '2020-07-16 20:24:05', 393),
(1258, 1, 'Afg p', 0, '1', 0, 1, 0, 1, '2020-07-16 22:18:50', '2020-07-16 22:21:32', 394),
(1259, 0, 'One up', 1, '2', 0, 0, 0, 1, '2020-07-16 22:18:50', '2020-07-16 22:19:40', 394),
(1260, 0, 'Two', 2, '4', 0, 0, 0, 1, '2020-07-16 22:18:50', '2020-07-16 22:18:50', 394),
(1261, 0, 'Three', 3, '3', 0, 0, 0, 1, '2020-07-16 22:21:13', '2020-07-16 22:21:13', 394),
(1262, 1, 'aga', 0, '1', 0, 0, 0, 1, '2020-07-16 22:31:22', '2020-07-16 22:31:22', 395),
(1263, 0, 'one ', 1, '2', 0, 0, 0, 1, '2020-07-16 22:31:22', '2020-07-16 22:31:22', 395),
(1264, 1, 'ytuy', 0, '1', 0, 0, 0, 1, '2020-07-17 04:09:16', '2020-07-17 04:09:16', 396),
(1269, 1, 'Ajay', 0, '1', 0, 0, 0, 1, '2020-07-17 06:35:09', '2020-07-17 06:35:09', 397),
(1270, 0, 'Fgyy', 55, '3', 0, 0, 0, 1, '2020-07-17 06:35:47', '2020-07-17 06:35:47', 397),
(1271, 0, 'Ggu', 85, '0', 0, 0, 0, 1, '2020-07-17 06:59:17', '2020-07-17 06:59:17', 397),
(1272, 1, 'MSD', 0, '1', 0, 0, 0, 1, '2020-07-17 08:15:36', '2020-07-17 08:15:36', 398),
(1273, 0, 'child', 5, '1', 0, 1, 0, 1, '2020-07-17 08:15:36', '2020-07-17 10:22:04', 398),
(1274, 1, 'Rtyy', 0, '1', 0, 0, 0, 1, '2020-07-17 09:55:57', '2020-07-17 09:55:57', 399),
(1275, 1, 'Jay', 0, '1', 0, 0, 0, 1, '2020-07-17 09:56:12', '2020-07-17 09:56:12', 400),
(1276, 1, 'Ram', 0, '1', 0, 0, 0, 1, '2020-07-17 10:08:44', '2020-07-17 10:08:44', 401),
(1277, 0, 'Ttt', 22, '4', 0, 0, 0, 1, '2020-07-17 10:12:53', '2020-07-17 10:12:53', 399),
(1278, 0, 'Child', 18, '4', 0, 0, 0, 1, '2020-07-17 10:30:10', '2020-07-17 10:30:10', 398),
(1279, 1, 'Anoop', 0, '1', 0, 0, 0, 1, '2020-07-17 11:44:07', '2020-07-17 11:44:07', 402),
(1280, 0, 'Tina', 12, '2', 0, 0, 0, 1, '2020-07-17 13:21:53', '2020-07-17 13:21:53', 402),
(1281, 0, 'Rahul', 12, '4', 0, 0, 0, 1, '2020-07-17 13:23:29', '2020-07-17 13:23:29', 402),
(1282, 0, 'Ggg', 55, '0', 0, 0, 0, 1, '2020-07-17 13:27:38', '2020-07-17 13:27:38', 402),
(1283, 1, 'Tsysy', 0, '1', 0, 0, 0, 1, '2020-07-17 13:56:49', '2020-07-17 13:56:49', 403),
(1284, 0, 'Yey', 56, '0', 0, 0, 0, 1, '2020-07-17 13:56:49', '2020-07-17 13:56:49', 403),
(1285, 0, 'Fff', 55, '0', 0, 0, 0, 1, '2020-07-17 13:57:13', '2020-07-17 13:57:13', 403),
(1286, 0, 'Fft', 55, '3', 0, 0, 0, 1, '2020-07-17 13:57:50', '2020-07-17 13:57:50', 403),
(1287, 0, 'Xbh', 64, '2', 0, 0, 0, 1, '2020-07-18 06:00:49', '2020-07-18 06:00:49', 265),
(1288, 1, 'Bikram', 0, '1', 0, 0, 0, 1, '2020-07-19 06:36:13', '2020-07-19 06:37:40', 404),
(1289, 0, 'Ksks', 12, '0', 0, 0, 0, 1, '2020-07-19 06:36:13', '2020-07-19 06:36:13', 404),
(1290, 0, 'Kjss', 13, '4', 0, 0, 0, 1, '2020-07-19 06:41:06', '2020-07-19 06:41:06', 404),
(1291, 0, 'Gguu', 55, '3', 0, 0, 0, 1, '2020-07-20 13:14:57', '2020-07-20 13:14:57', 404),
(1292, 1, 'hanish', 0, '1', 0, 0, 0, 1, '2020-07-21 05:42:37', '2020-07-21 05:42:37', 405),
(1293, 0, 'child', 4, '4', 0, 0, 0, 1, '2020-07-21 05:42:37', '2020-07-21 05:42:37', 405),
(1294, 1, 'Asdfghjkl', 0, '2', 0, 0, 0, 1, '2020-07-21 07:46:52', '2020-07-21 12:27:16', 406),
(1295, 0, 'Kbjbjb', 8, '3', 0, 0, 0, 1, '2020-07-21 07:46:52', '2020-07-21 07:46:52', 406),
(1296, 1, 'hdgxgxghhh', 0, '1', 0, 0, 0, 1, '2020-07-21 07:47:37', '2020-07-21 07:47:37', 407),
(1297, 1, 'vijay', 1, '1', 45, 1, 0, 1, '2020-07-21 16:19:04', '2020-07-25 17:05:48', 408),
(1298, 0, 'Ray', 50, '3', 20, 0, 0, 1, '2020-07-21 16:19:04', '2020-07-24 19:37:20', 408),
(1299, 0, 'vih', 18, '2', 35, 1, 0, 1, '2020-07-21 16:19:04', '2020-07-24 20:14:23', 408),
(1300, 1, 'Mayank', 0, '3', 0, 0, 0, 1, '2020-07-22 06:24:52', '2020-07-22 10:20:52', 409),
(1301, 0, 'Ytrg', 5, '4', 0, 0, 0, 1, '2020-07-22 06:24:52', '2020-07-22 06:24:52', 409),
(1302, 1, 'oshin', 0, '1', 0, 0, 0, 1, '2020-07-22 07:33:05', '2020-07-22 07:33:05', 410),
(1303, 0, 'cff', 55, '4', 0, 0, 0, 1, '2020-07-22 07:33:05', '2020-07-22 07:33:05', 410),
(1304, 1, 'patrik', 0, '1', 20, 0, 0, 1, '2020-07-23 07:30:48', '2020-07-23 07:38:59', 411),
(1305, 0, 'child', 12, '4', 15, 0, 0, 1, '2020-07-23 07:30:48', '2020-07-23 07:40:03', 411),
(1306, 0, 'bshs', 6, '2', 0, 0, 0, 1, '2020-07-23 07:30:48', '2020-07-23 07:30:48', 411),
(1307, 1, 'vinay', 0, '1', 40, 0, 0, 1, '2020-07-23 07:49:35', '2020-07-23 07:52:37', 412),
(1308, 1, 'weeknd', 0, '1', 40, 0, 0, 1, '2020-07-23 09:56:10', '2020-07-24 10:26:05', 413),
(1309, 0, 'child', 5, '4', 20, 0, 0, 1, '2020-07-23 09:56:10', '2020-07-24 12:33:15', 413),
(1310, 1, 'Poopy kid', 0, '1', 0, 0, 0, 1, '2020-07-23 22:51:45', '2020-07-23 22:51:45', 414),
(1311, 0, 'Lemon', 99, '4', 0, 0, 0, 1, '2020-07-23 22:51:45', '2020-07-23 23:39:18', 414),
(1312, 0, 'AnnoyingOrange', 11, '2', 0, 0, 0, 1, '2020-07-23 22:51:45', '2020-07-23 22:56:10', 414),
(1313, 0, 'Ubju', 8, '0', 0, 0, 0, 1, '2020-07-23 22:51:45', '2020-07-23 22:51:45', 414),
(1314, 1, 'Ccone', 0, '1', 0, 0, 0, 1, '2020-07-24 02:14:48', '2020-07-24 02:14:48', 415),
(1315, 0, 'Ome', 14, '3', 0, 0, 0, 1, '2020-07-24 02:14:48', '2020-07-24 02:14:48', 415),
(1316, 0, 'Woo', 12, '0', 0, 0, 0, 1, '2020-07-24 02:14:48', '2020-07-24 02:14:48', 415),
(1317, 0, 'The', 1, '2', 0, 0, 0, 1, '2020-07-24 02:14:48', '2020-07-24 02:14:48', 415),
(1318, 1, 'Xyz', 0, '1', 0, 0, 0, 1, '2020-07-24 04:47:44', '2020-07-24 04:47:44', 416),
(1319, 0, 'Hbdchddbhdch', 5, '0', 0, 0, 0, 1, '2020-07-24 04:47:44', '2020-07-24 04:47:44', 416),
(1320, 1, 'Yuzi', 0, '1', 0, 0, 0, 1, '2020-07-24 05:31:53', '2020-07-24 05:31:53', 417),
(1321, 0, 'Ywhhw', 6, '4', 0, 0, 0, 1, '2020-07-24 05:31:53', '2020-07-24 05:31:53', 417),
(1322, 0, 'Hshw', 6, '2', 0, 0, 0, 1, '2020-07-24 05:31:53', '2020-07-24 05:31:53', 417),
(1323, 0, 'Vvc', 8, '2', 0, 0, 0, 1, '2020-07-24 05:31:53', '2020-07-24 05:31:53', 417),
(1324, 1, 'suyash', 0, '1', 0, 0, 0, 1, '2020-07-24 05:33:05', '2020-07-24 05:33:05', 418),
(1325, 0, 'cfg', 5, '', 0, 0, 0, 1, '2020-07-24 05:33:16', '2020-07-24 05:33:16', 418),
(1326, 1, 'Assdhsfhusffdutdu', 0, '1', 0, 0, 0, 1, '2020-07-24 05:40:45', '2020-07-24 05:40:45', 419),
(1327, 0, 'Ajjjj', 2, '2', 0, 0, 0, 1, '2020-07-24 05:40:45', '2020-07-24 05:40:45', 419),
(1328, 1, 'Yfhcchchchhc', 0, '1', 0, 0, 0, 1, '2020-07-24 06:03:35', '2020-07-24 06:03:35', 420),
(1329, 0, 'Babsbsbsbb', 3, '2', 0, 0, 0, 1, '2020-07-24 06:03:35', '2020-07-24 06:03:35', 420),
(1330, 0, 'Wuuwuwuuw', 99, '4', 0, 0, 0, 1, '2020-07-24 06:03:35', '2020-07-24 06:03:35', 420),
(1331, 0, 'Hshshshs', 54, '3', 0, 0, 0, 1, '2020-07-24 06:03:35', '2020-07-24 06:03:35', 420),
(1332, 1, 'chchhh ', 0, '1', 0, 0, 0, 1, '2020-07-24 06:05:02', '2020-07-24 06:05:02', 421),
(1333, 0, 'fgg', 5, '2', 0, 0, 0, 1, '2020-07-24 06:05:02', '2020-07-24 06:05:02', 421),
(1334, 0, 'cbf', 5, '3', 0, 0, 0, 1, '2020-07-24 06:05:02', '2020-07-24 06:05:02', 421),
(1335, 0, 'fbb', 5, '3', 20, 0, 0, 1, '2020-07-24 06:05:02', '2020-07-24 06:17:28', 421),
(1336, 1, 'Nicole', 0, '1', 0, 0, 0, 1, '2020-07-24 07:11:25', '2020-07-24 07:11:25', 422),
(1337, 0, 'Ggf', 5, '1', 0, 0, 0, 1, '2020-07-24 07:11:25', '2020-07-24 07:11:25', 422),
(1338, 0, 'Bbf', 7, '1', 0, 0, 0, 1, '2020-07-24 07:11:25', '2020-07-24 07:11:25', 422),
(1339, 1, 'Ajajajj', 0, '1', 0, 0, 0, 1, '2020-07-24 07:18:42', '2020-07-24 07:18:42', 423),
(1340, 0, 'Asd', 5, '2', 0, 0, 0, 1, '2020-07-24 07:18:42', '2020-07-24 07:18:42', 423),
(1341, 0, 'Hwh', 6, '4', 0, 0, 0, 1, '2020-07-24 07:18:42', '2020-07-24 07:18:42', 423),
(1342, 0, 'Bababab', 9, '3', 0, 0, 0, 1, '2020-07-24 07:18:42', '2020-07-24 07:18:42', 423),
(1343, 1, 'Hdhdhdhdb', 0, '1', 0, 0, 0, 1, '2020-07-24 12:17:39', '2020-07-24 12:17:39', 424),
(1344, 0, 'Sgnyjdjdyyd', 5, '4', 0, 0, 0, 1, '2020-07-24 12:17:39', '2020-07-24 12:17:39', 424),
(1345, 0, 'Gdrnhryjyrjyr', 8, '2', 0, 0, 0, 1, '2020-07-24 12:17:39', '2020-07-24 12:17:39', 424),
(1346, 0, 'Hsjsjsjsj', 17, '3', 0, 0, 0, 1, '2020-07-24 12:17:39', '2020-07-24 12:17:39', 424),
(1347, 0, 'monu', 12, '3', 20, 0, 0, 1, '2020-07-24 12:45:44', '2020-07-24 12:46:06', 54),
(1351, 0, 'adi', 8, '', 30, 0, 0, 1, '2020-07-24 19:26:35', '2020-07-24 19:29:16', 408),
(1352, 1, 'shsehh', 0, '1', 0, 0, 0, 1, '2020-07-25 02:52:11', '2020-07-25 02:52:11', 425),
(1353, 0, 'one ', 58, '1', 0, 0, 0, 1, '2020-07-25 02:52:11', '2020-07-25 02:52:11', 425),
(1354, 0, 'teo ', 25, '4', 0, 0, 0, 1, '2020-07-25 02:52:11', '2020-07-25 02:52:11', 425),
(1355, 0, 'foir ', 2, '3', 0, 0, 0, 1, '2020-07-25 02:57:54', '2020-07-25 02:57:54', 425),
(1356, 1, 'chitesh', 0, '1', 0, 0, 0, 1, '2020-07-27 04:45:01', '2020-07-27 04:45:01', 426),
(1357, 0, 'Chitesh', 25, '1', 0, 0, 0, 1, '2020-07-27 04:45:01', '2020-07-27 04:45:01', 426),
(1358, 1, 'Anoop', 0, '1', 0, 0, 0, 1, '2020-07-27 05:12:06', '2020-07-27 05:12:06', 427),
(1359, 0, 'vinni', 8, '2', 0, 0, 0, 1, '2020-07-27 05:12:06', '2020-07-27 05:12:06', 427),
(1360, 0, 'Asd', 11, '', 0, 0, 0, 1, '2020-07-27 06:22:22', '2020-07-27 06:22:22', 400),
(1361, 1, 'Amandeep ', 1, '1', 35, 0, 0, 1, '2020-07-27 06:41:39', '2020-07-27 08:19:02', 428),
(1362, 0, 'child one', 5, '4', 0, 0, 0, 1, '2020-07-27 06:41:39', '2020-07-27 06:41:39', 428),
(1363, 0, 'child two', 12, '3', 40, 0, 0, 1, '2020-07-27 06:41:39', '2020-07-27 08:36:50', 428),
(1364, 0, 'child three', 10, '2', 25, 0, 0, 1, '2020-07-27 06:41:39', '2020-07-27 08:32:25', 428),
(1365, 1, 'down', 0, '1', 40, 0, 0, 1, '2020-07-27 10:25:09', '2020-07-27 10:47:32', 429),
(1366, 0, 'cjg', 1, '1', 0, 0, 0, 1, '2020-07-27 10:25:09', '2020-07-27 10:25:09', 429),
(1367, 1, 'right', 0, '1', 55, 0, 0, 1, '2020-07-27 10:55:11', '2020-07-27 11:02:07', 430),
(1368, 1, 'cramp', 0, '1', 50, 0, 0, 1, '2020-07-27 11:16:20', '2020-07-27 11:35:01', 431),
(1369, 0, 'child one', 2, '4', 55, 0, 0, 1, '2020-07-27 11:16:20', '2020-07-27 11:44:21', 431),
(1370, 0, 'sbsj', 8, '2', 35, 0, 0, 1, '2020-07-27 12:24:03', '2020-07-27 12:28:03', 431);

-- --------------------------------------------------------

--
-- Table structure for table `Users`
--

CREATE TABLE `Users` (
  `id` int(11) NOT NULL,
  `faq_question` text,
  `faq_question_ans` text,
  `status` int(11) DEFAULT NULL,
  `createdAt` datetime NOT NULL,
  `updatedAt` datetime NOT NULL
) ENGINE=InnoDB DEFAULT CHARSET=latin1;

-- --------------------------------------------------------

--
-- Table structure for table `ValueTags`
--

CREATE TABLE `ValueTags` (
  `id` int(11) NOT NULL,
  `name` varchar(255) NOT NULL,
  `keywords` text,
  `icon_url` varchar(255) DEFAULT NULL,
  `color` varchar(255) DEFAULT NULL,
  `status` int(11) DEFAULT '1',
  `createdAt` datetime NOT NULL,
  `updatedAt` datetime NOT NULL
) ENGINE=InnoDB DEFAULT CHARSET=latin1;

--
-- Dumping data for table `ValueTags`
--

INSERT INTO `ValueTags` (`id`, `name`, `keywords`, `icon_url`, `color`, `status`, `createdAt`, `updatedAt`) VALUES
(5, 'Nice', 'Education', '', '#A64668', 0, '2020-06-26 20:39:44', '2020-07-10 22:55:59'),
(6, 'Empathy', 'News,Tags,Input', '', '#FF3F5A', 1, '2020-06-26 20:43:56', '2020-07-10 22:55:54'),
(7, 'Kindness', 'Kindness', NULL, '#3BBA83', 1, '2020-07-01 00:00:00', '2020-07-01 00:00:00'),
(8, 'Humanity', 'Humanity', NULL, '#F8972C', 1, '2020-07-01 00:00:00', '2020-07-01 00:00:00'),
(9, 'Loyalty', 'Loyalty', NULL, '#BE1228', 1, '2020-07-01 00:00:00', '2020-07-01 00:00:00');

--
-- Indexes for dumped tables
--

--
-- Indexes for table `Accounts`
--
ALTER TABLE `Accounts`
  ADD PRIMARY KEY (`id`);

--
-- Indexes for table `Admins`
--
ALTER TABLE `Admins`
  ADD PRIMARY KEY (`id`);

--
-- Indexes for table `AppFeedbacks`
--
ALTER TABLE `AppFeedbacks`
  ADD PRIMARY KEY (`id`),
  ADD KEY `AccountId` (`AccountId`);

--
-- Indexes for table `Badges`
--
ALTER TABLE `Badges`
  ADD PRIMARY KEY (`id`);

--
-- Indexes for table `CharacterTags`
--
ALTER TABLE `CharacterTags`
  ADD PRIMARY KEY (`id`);

--
-- Indexes for table `Charities`
--
ALTER TABLE `Charities`
  ADD PRIMARY KEY (`id`),
  ADD KEY `AccountId` (`AccountId`);

--
-- Indexes for table `ContactUs`
--
ALTER TABLE `ContactUs`
  ADD PRIMARY KEY (`id`),
  ADD KEY `AccountId` (`AccountId`);

--
-- Indexes for table `faqs`
--
ALTER TABLE `faqs`
  ADD PRIMARY KEY (`id`);

--
-- Indexes for table `Faqs`
--
ALTER TABLE `Faqs`
  ADD PRIMARY KEY (`id`);

--
-- Indexes for table `FaqSections`
--
ALTER TABLE `FaqSections`
  ADD PRIMARY KEY (`id`);

--
-- Indexes for table `Favourite_stories`
--
ALTER TABLE `Favourite_stories`
  ADD PRIMARY KEY (`id`),
  ADD KEY `UserProfileId` (`UserProfileId`),
  ADD KEY `StoryId` (`StoryId`);

--
-- Indexes for table `ForceUpdates`
--
ALTER TABLE `ForceUpdates`
  ADD PRIMARY KEY (`id`);

--
-- Indexes for table `IllustrateImages`
--
ALTER TABLE `IllustrateImages`
  ADD PRIMARY KEY (`id`),
  ADD KEY `StoryId` (`StoryId`);

--
-- Indexes for table `Notifications`
--
ALTER TABLE `Notifications`
  ADD PRIMARY KEY (`id`),
  ADD KEY `AccountId` (`AccountId`);

--
-- Indexes for table `ProfileValues`
--
ALTER TABLE `ProfileValues`
  ADD PRIMARY KEY (`id`),
  ADD KEY `UserProfileId` (`UserProfileId`),
  ADD KEY `ValueTagId` (`ValueTagId`);

--
-- Indexes for table `Read_stories`
--
ALTER TABLE `Read_stories`
  ADD PRIMARY KEY (`id`),
  ADD KEY `UserProfileId` (`UserProfileId`),
  ADD KEY `StoryId` (`StoryId`),
  ADD KEY `StoryPageId` (`StoryPageId`);

--
-- Indexes for table `Stories`
--
ALTER TABLE `Stories`
  ADD PRIMARY KEY (`id`),
  ADD KEY `AdminId` (`AdminId`),
  ADD KEY `StoryCategoryId` (`StoryCategoryId`);

--
-- Indexes for table `StoryCharacterTags`
--
ALTER TABLE `StoryCharacterTags`
  ADD PRIMARY KEY (`id`),
  ADD KEY `CharacterTagId` (`CharacterTagId`),
  ADD KEY `StoryId` (`StoryId`);

--
-- Indexes for table `StoryPages`
--
ALTER TABLE `StoryPages`
  ADD PRIMARY KEY (`id`),
  ADD KEY `StoryId` (`StoryId`);

--
-- Indexes for table `StoryQuestions`
--
ALTER TABLE `StoryQuestions`
  ADD PRIMARY KEY (`id`),
  ADD KEY `StoryId` (`StoryId`);

--
-- Indexes for table `StoryQuestionsAnswers`
--
ALTER TABLE `StoryQuestionsAnswers`
  ADD PRIMARY KEY (`id`),
  ADD KEY `StoryQuestionId` (`StoryQuestionId`);

--
-- Indexes for table `StoryValueTags`
--
ALTER TABLE `StoryValueTags`
  ADD PRIMARY KEY (`id`),
  ADD KEY `StoryId` (`StoryId`),
  ADD KEY `ValueTagId` (`ValueTagId`);

--
-- Indexes for table `Story_categories`
--
ALTER TABLE `Story_categories`
  ADD PRIMARY KEY (`id`);

--
-- Indexes for table `Story_feedbacks`
--
ALTER TABLE `Story_feedbacks`
  ADD PRIMARY KEY (`id`),
  ADD KEY `StoryId` (`StoryId`);

--
-- Indexes for table `Subscriptions`
--
ALTER TABLE `Subscriptions`
  ADD PRIMARY KEY (`id`),
  ADD KEY `AccountId` (`AccountId`);

--
-- Indexes for table `TermConditions`
--
ALTER TABLE `TermConditions`
  ADD PRIMARY KEY (`id`);

--
-- Indexes for table `Thoughts`
--
ALTER TABLE `Thoughts`
  ADD PRIMARY KEY (`id`);

--
-- Indexes for table `Transactions`
--
ALTER TABLE `Transactions`
  ADD PRIMARY KEY (`id`),
  ADD KEY `AccountId` (`AccountId`);

--
-- Indexes for table `UserAcceptedTerms`
--
ALTER TABLE `UserAcceptedTerms`
  ADD PRIMARY KEY (`id`),
  ADD KEY `AccountId` (`AccountId`),
  ADD KEY `TermConditionId` (`TermConditionId`);

--
-- Indexes for table `UserBadges`
--
ALTER TABLE `UserBadges`
  ADD PRIMARY KEY (`id`),
  ADD KEY `BadgeId` (`BadgeId`),
  ADD KEY `UserProfileId` (`UserProfileId`);

--
-- Indexes for table `UserDevices`
--
ALTER TABLE `UserDevices`
  ADD PRIMARY KEY (`id`),
  ADD KEY `AccountId` (`AccountId`);

--
-- Indexes for table `UserEarnedPoints`
--
ALTER TABLE `UserEarnedPoints`
  ADD PRIMARY KEY (`id`),
  ADD KEY `StoryId` (`StoryId`),
  ADD KEY `UserProfileId` (`UserProfileId`);

--
-- Indexes for table `UserProfiles`
--
ALTER TABLE `UserProfiles`
  ADD PRIMARY KEY (`id`),
  ADD KEY `AccountId` (`AccountId`);

--
-- Indexes for table `Users`
--
ALTER TABLE `Users`
  ADD PRIMARY KEY (`id`);

--
-- Indexes for table `ValueTags`
--
ALTER TABLE `ValueTags`
  ADD PRIMARY KEY (`id`);

--
-- AUTO_INCREMENT for dumped tables
--

--
-- AUTO_INCREMENT for table `Accounts`
--
ALTER TABLE `Accounts`
  MODIFY `id` int(11) NOT NULL AUTO_INCREMENT, AUTO_INCREMENT=432;
--
-- AUTO_INCREMENT for table `Admins`
--
ALTER TABLE `Admins`
  MODIFY `id` int(11) NOT NULL AUTO_INCREMENT, AUTO_INCREMENT=2;
--
-- AUTO_INCREMENT for table `AppFeedbacks`
--
ALTER TABLE `AppFeedbacks`
  MODIFY `id` int(11) NOT NULL AUTO_INCREMENT, AUTO_INCREMENT=27;
--
-- AUTO_INCREMENT for table `Badges`
--
ALTER TABLE `Badges`
  MODIFY `id` int(11) NOT NULL AUTO_INCREMENT, AUTO_INCREMENT=3;
--
-- AUTO_INCREMENT for table `CharacterTags`
--
ALTER TABLE `CharacterTags`
  MODIFY `id` int(11) NOT NULL AUTO_INCREMENT, AUTO_INCREMENT=10;
--
-- AUTO_INCREMENT for table `Charities`
--
ALTER TABLE `Charities`
  MODIFY `id` int(11) NOT NULL AUTO_INCREMENT, AUTO_INCREMENT=9;
--
-- AUTO_INCREMENT for table `ContactUs`
--
ALTER TABLE `ContactUs`
  MODIFY `id` int(11) NOT NULL AUTO_INCREMENT, AUTO_INCREMENT=33;
--
-- AUTO_INCREMENT for table `faqs`
--
ALTER TABLE `faqs`
  MODIFY `id` int(11) NOT NULL AUTO_INCREMENT, AUTO_INCREMENT=5;
--
-- AUTO_INCREMENT for table `Faqs`
--
ALTER TABLE `Faqs`
  MODIFY `id` int(11) NOT NULL AUTO_INCREMENT, AUTO_INCREMENT=5;
--
-- AUTO_INCREMENT for table `FaqSections`
--
ALTER TABLE `FaqSections`
  MODIFY `id` int(11) NOT NULL AUTO_INCREMENT;
--
-- AUTO_INCREMENT for table `Favourite_stories`
--
ALTER TABLE `Favourite_stories`
  MODIFY `id` int(11) NOT NULL AUTO_INCREMENT, AUTO_INCREMENT=568;
--
-- AUTO_INCREMENT for table `ForceUpdates`
--
ALTER TABLE `ForceUpdates`
  MODIFY `id` int(11) NOT NULL AUTO_INCREMENT;
--
-- AUTO_INCREMENT for table `IllustrateImages`
--
ALTER TABLE `IllustrateImages`
  MODIFY `id` int(11) NOT NULL AUTO_INCREMENT, AUTO_INCREMENT=3;
--
-- AUTO_INCREMENT for table `Notifications`
--
ALTER TABLE `Notifications`
  MODIFY `id` int(11) NOT NULL AUTO_INCREMENT, AUTO_INCREMENT=208;
--
-- AUTO_INCREMENT for table `ProfileValues`
--
ALTER TABLE `ProfileValues`
  MODIFY `id` int(11) NOT NULL AUTO_INCREMENT, AUTO_INCREMENT=206;
--
-- AUTO_INCREMENT for table `Read_stories`
--
ALTER TABLE `Read_stories`
  MODIFY `id` int(11) NOT NULL AUTO_INCREMENT, AUTO_INCREMENT=472;
--
-- AUTO_INCREMENT for table `Stories`
--
ALTER TABLE `Stories`
  MODIFY `id` int(11) NOT NULL AUTO_INCREMENT, AUTO_INCREMENT=47;
--
-- AUTO_INCREMENT for table `StoryCharacterTags`
--
ALTER TABLE `StoryCharacterTags`
  MODIFY `id` int(11) NOT NULL AUTO_INCREMENT, AUTO_INCREMENT=24;
--
-- AUTO_INCREMENT for table `StoryPages`
--
ALTER TABLE `StoryPages`
  MODIFY `id` int(11) NOT NULL AUTO_INCREMENT, AUTO_INCREMENT=27;
--
-- AUTO_INCREMENT for table `StoryQuestions`
--
ALTER TABLE `StoryQuestions`
  MODIFY `id` int(11) NOT NULL AUTO_INCREMENT, AUTO_INCREMENT=18;
--
-- AUTO_INCREMENT for table `StoryQuestionsAnswers`
--
ALTER TABLE `StoryQuestionsAnswers`
  MODIFY `id` int(11) NOT NULL AUTO_INCREMENT, AUTO_INCREMENT=53;
--
-- AUTO_INCREMENT for table `StoryValueTags`
--
ALTER TABLE `StoryValueTags`
  MODIFY `id` int(11) NOT NULL AUTO_INCREMENT, AUTO_INCREMENT=32;
--
-- AUTO_INCREMENT for table `Story_categories`
--
ALTER TABLE `Story_categories`
  MODIFY `id` int(11) NOT NULL AUTO_INCREMENT, AUTO_INCREMENT=14;
--
-- AUTO_INCREMENT for table `Story_feedbacks`
--
ALTER TABLE `Story_feedbacks`
  MODIFY `id` int(11) NOT NULL AUTO_INCREMENT;
--
-- AUTO_INCREMENT for table `Subscriptions`
--
ALTER TABLE `Subscriptions`
  MODIFY `id` int(11) NOT NULL AUTO_INCREMENT;
--
-- AUTO_INCREMENT for table `TermConditions`
--
ALTER TABLE `TermConditions`
  MODIFY `id` int(11) NOT NULL AUTO_INCREMENT, AUTO_INCREMENT=2;
--
-- AUTO_INCREMENT for table `Thoughts`
--
ALTER TABLE `Thoughts`
  MODIFY `id` int(11) NOT NULL AUTO_INCREMENT, AUTO_INCREMENT=2;
--
-- AUTO_INCREMENT for table `Transactions`
--
ALTER TABLE `Transactions`
  MODIFY `id` int(11) NOT NULL AUTO_INCREMENT;
--
-- AUTO_INCREMENT for table `UserAcceptedTerms`
--
ALTER TABLE `UserAcceptedTerms`
  MODIFY `id` int(11) NOT NULL AUTO_INCREMENT, AUTO_INCREMENT=432;
--
-- AUTO_INCREMENT for table `UserBadges`
--
ALTER TABLE `UserBadges`
  MODIFY `id` int(11) NOT NULL AUTO_INCREMENT, AUTO_INCREMENT=181;
--
-- AUTO_INCREMENT for table `UserDevices`
--
ALTER TABLE `UserDevices`
  MODIFY `id` int(11) NOT NULL AUTO_INCREMENT, AUTO_INCREMENT=599;
--
-- AUTO_INCREMENT for table `UserEarnedPoints`
--
ALTER TABLE `UserEarnedPoints`
  MODIFY `id` int(11) NOT NULL AUTO_INCREMENT, AUTO_INCREMENT=430;
--
-- AUTO_INCREMENT for table `UserProfiles`
--
ALTER TABLE `UserProfiles`
  MODIFY `id` int(11) NOT NULL AUTO_INCREMENT, AUTO_INCREMENT=1371;
--
-- AUTO_INCREMENT for table `Users`
--
ALTER TABLE `Users`
  MODIFY `id` int(11) NOT NULL AUTO_INCREMENT;
--
-- AUTO_INCREMENT for table `ValueTags`
--
ALTER TABLE `ValueTags`
  MODIFY `id` int(11) NOT NULL AUTO_INCREMENT, AUTO_INCREMENT=10;
--
-- Constraints for dumped tables
--

--
-- Constraints for table `AppFeedbacks`
--
ALTER TABLE `AppFeedbacks`
  ADD CONSTRAINT `AppFeedbacks_ibfk_1` FOREIGN KEY (`AccountId`) REFERENCES `Accounts` (`id`) ON DELETE CASCADE ON UPDATE CASCADE;

--
-- Constraints for table `Charities`
--
ALTER TABLE `Charities`
  ADD CONSTRAINT `Charities_ibfk_1` FOREIGN KEY (`AccountId`) REFERENCES `Accounts` (`id`) ON DELETE CASCADE ON UPDATE CASCADE;

--
-- Constraints for table `ContactUs`
--
ALTER TABLE `ContactUs`
  ADD CONSTRAINT `ContactUs_ibfk_1` FOREIGN KEY (`AccountId`) REFERENCES `Accounts` (`id`) ON DELETE CASCADE ON UPDATE CASCADE;

--
-- Constraints for table `Favourite_stories`
--
ALTER TABLE `Favourite_stories`
  ADD CONSTRAINT `Favourite_stories_ibfk_1` FOREIGN KEY (`UserProfileId`) REFERENCES `UserProfiles` (`id`) ON DELETE SET NULL ON UPDATE CASCADE,
  ADD CONSTRAINT `Favourite_stories_ibfk_2` FOREIGN KEY (`StoryId`) REFERENCES `Stories` (`id`) ON DELETE SET NULL ON UPDATE CASCADE;

--
-- Constraints for table `IllustrateImages`
--
ALTER TABLE `IllustrateImages`
  ADD CONSTRAINT `IllustrateImages_ibfk_1` FOREIGN KEY (`StoryId`) REFERENCES `Stories` (`id`) ON DELETE SET NULL ON UPDATE CASCADE;

--
-- Constraints for table `Notifications`
--
ALTER TABLE `Notifications`
  ADD CONSTRAINT `Notifications_ibfk_1` FOREIGN KEY (`AccountId`) REFERENCES `Accounts` (`id`) ON DELETE CASCADE ON UPDATE CASCADE;

--
-- Constraints for table `ProfileValues`
--
ALTER TABLE `ProfileValues`
  ADD CONSTRAINT `ProfileValues_ibfk_1` FOREIGN KEY (`UserProfileId`) REFERENCES `UserProfiles` (`id`) ON DELETE SET NULL ON UPDATE CASCADE,
  ADD CONSTRAINT `ProfileValues_ibfk_2` FOREIGN KEY (`ValueTagId`) REFERENCES `ValueTags` (`id`) ON DELETE SET NULL ON UPDATE CASCADE;

--
-- Constraints for table `Read_stories`
--
ALTER TABLE `Read_stories`
  ADD CONSTRAINT `Read_stories_ibfk_1` FOREIGN KEY (`UserProfileId`) REFERENCES `UserProfiles` (`id`) ON DELETE SET NULL ON UPDATE CASCADE,
  ADD CONSTRAINT `Read_stories_ibfk_2` FOREIGN KEY (`StoryId`) REFERENCES `Stories` (`id`) ON DELETE SET NULL ON UPDATE CASCADE,
  ADD CONSTRAINT `Read_stories_ibfk_3` FOREIGN KEY (`StoryPageId`) REFERENCES `StoryPages` (`id`) ON DELETE SET NULL ON UPDATE CASCADE;

--
-- Constraints for table `Stories`
--
ALTER TABLE `Stories`
  ADD CONSTRAINT `Stories_ibfk_1` FOREIGN KEY (`AdminId`) REFERENCES `Admins` (`id`) ON DELETE CASCADE ON UPDATE CASCADE,
  ADD CONSTRAINT `Stories_ibfk_2` FOREIGN KEY (`StoryCategoryId`) REFERENCES `Story_categories` (`id`) ON DELETE SET NULL ON UPDATE CASCADE;

--
-- Constraints for table `StoryCharacterTags`
--
ALTER TABLE `StoryCharacterTags`
  ADD CONSTRAINT `StoryCharacterTags_ibfk_1` FOREIGN KEY (`CharacterTagId`) REFERENCES `CharacterTags` (`id`) ON DELETE CASCADE ON UPDATE CASCADE,
  ADD CONSTRAINT `StoryCharacterTags_ibfk_2` FOREIGN KEY (`StoryId`) REFERENCES `Stories` (`id`) ON DELETE SET NULL ON UPDATE CASCADE;

--
-- Constraints for table `StoryPages`
--
ALTER TABLE `StoryPages`
  ADD CONSTRAINT `StoryPages_ibfk_1` FOREIGN KEY (`StoryId`) REFERENCES `Stories` (`id`) ON DELETE CASCADE ON UPDATE CASCADE;

--
-- Constraints for table `StoryQuestions`
--
ALTER TABLE `StoryQuestions`
  ADD CONSTRAINT `StoryQuestions_ibfk_1` FOREIGN KEY (`StoryId`) REFERENCES `Stories` (`id`) ON DELETE CASCADE ON UPDATE CASCADE;

--
-- Constraints for table `StoryQuestionsAnswers`
--
ALTER TABLE `StoryQuestionsAnswers`
  ADD CONSTRAINT `StoryQuestionsAnswers_ibfk_1` FOREIGN KEY (`StoryQuestionId`) REFERENCES `StoryQuestions` (`id`) ON DELETE SET NULL ON UPDATE CASCADE;

--
-- Constraints for table `StoryValueTags`
--
ALTER TABLE `StoryValueTags`
  ADD CONSTRAINT `StoryValueTags_ibfk_1` FOREIGN KEY (`StoryId`) REFERENCES `Stories` (`id`) ON DELETE CASCADE ON UPDATE CASCADE,
  ADD CONSTRAINT `StoryValueTags_ibfk_2` FOREIGN KEY (`ValueTagId`) REFERENCES `ValueTags` (`id`) ON DELETE SET NULL ON UPDATE CASCADE;

--
-- Constraints for table `Story_feedbacks`
--
ALTER TABLE `Story_feedbacks`
  ADD CONSTRAINT `Story_feedbacks_ibfk_1` FOREIGN KEY (`StoryId`) REFERENCES `Stories` (`id`) ON DELETE CASCADE ON UPDATE CASCADE;

--
-- Constraints for table `Subscriptions`
--
ALTER TABLE `Subscriptions`
  ADD CONSTRAINT `Subscriptions_ibfk_1` FOREIGN KEY (`AccountId`) REFERENCES `Accounts` (`id`) ON DELETE CASCADE ON UPDATE CASCADE;

--
-- Constraints for table `Transactions`
--
ALTER TABLE `Transactions`
  ADD CONSTRAINT `Transactions_ibfk_1` FOREIGN KEY (`AccountId`) REFERENCES `Accounts` (`id`) ON DELETE CASCADE ON UPDATE CASCADE;

--
-- Constraints for table `UserAcceptedTerms`
--
ALTER TABLE `UserAcceptedTerms`
  ADD CONSTRAINT `UserAcceptedTerms_ibfk_1` FOREIGN KEY (`AccountId`) REFERENCES `Accounts` (`id`) ON DELETE CASCADE ON UPDATE CASCADE,
  ADD CONSTRAINT `UserAcceptedTerms_ibfk_2` FOREIGN KEY (`TermConditionId`) REFERENCES `TermConditions` (`id`) ON DELETE CASCADE ON UPDATE CASCADE;

--
-- Constraints for table `UserBadges`
--
ALTER TABLE `UserBadges`
  ADD CONSTRAINT `UserBadges_ibfk_1` FOREIGN KEY (`BadgeId`) REFERENCES `Badges` (`id`) ON DELETE CASCADE ON UPDATE CASCADE,
  ADD CONSTRAINT `UserBadges_ibfk_2` FOREIGN KEY (`UserProfileId`) REFERENCES `UserProfiles` (`id`) ON DELETE SET NULL ON UPDATE CASCADE;

--
-- Constraints for table `UserDevices`
--
ALTER TABLE `UserDevices`
  ADD CONSTRAINT `UserDevices_ibfk_1` FOREIGN KEY (`AccountId`) REFERENCES `Accounts` (`id`) ON DELETE CASCADE ON UPDATE CASCADE;

--
-- Constraints for table `UserEarnedPoints`
--
ALTER TABLE `UserEarnedPoints`
  ADD CONSTRAINT `UserEarnedPoints_ibfk_1` FOREIGN KEY (`StoryId`) REFERENCES `Stories` (`id`) ON DELETE CASCADE ON UPDATE CASCADE,
  ADD CONSTRAINT `UserEarnedPoints_ibfk_2` FOREIGN KEY (`UserProfileId`) REFERENCES `UserProfiles` (`id`) ON DELETE SET NULL ON UPDATE CASCADE;

--
-- Constraints for table `UserProfiles`
--
ALTER TABLE `UserProfiles`
  ADD CONSTRAINT `UserProfiles_ibfk_1` FOREIGN KEY (`AccountId`) REFERENCES `Accounts` (`id`) ON DELETE CASCADE ON UPDATE CASCADE;

/*!40101 SET CHARACTER_SET_CLIENT=@OLD_CHARACTER_SET_CLIENT */;
/*!40101 SET CHARACTER_SET_RESULTS=@OLD_CHARACTER_SET_RESULTS */;
/*!40101 SET COLLATION_CONNECTION=@OLD_COLLATION_CONNECTION */;
